store	store	PASS	185.208031027	grainstorereadyat/var/lib/minidregg/grains/spk-apps-survey/t-gogs/store/base/workroom(noapplicationborn)
gogs	package	INFO	-	aede44cf19129337aae68b699332457415155356Bclass=Skind=webapp=4701
gogs	birth-a	PASS	43.447274429	
gogs	install-a	PASS	464.896415806	{"app":"4701","appUid":975,"class":"S","completion":{"committedClaimSha256":"89df986912115ef84b80b9730145ae22cf6dcd7ca25d8e4481f61631b69e3759","completionReceipt":{"acceptedCount":"17","eventId":"7028
gogs	share-a	PASS	292.740026881	{"app":"4701","descriptor":"4711","directory":"/var/lib/minidregg/grains/spk-apps-root/e51dbc0601d0cb0b/host/apps/4701/routes/owner-web","issueIndex":"20","kind":"web","name":"owner-web","protocol":"m
gogs	start-a	PASS	465.478653200	{"app":"4701","completion":{"admittedSha256":"224446ff536133fbe8494171edb1662df5b19b283484ee39541077bb1a70606c","completionReceipt":{"acceptedCount":"25","eventId":"11012004103566897037862171538318422
gogs	floor-a	PASS	.355999230	floor-heldapp-processes=3unit=mini-spk-a4701-g2.service
gogs	enroll-a	PASS	79.626242371	
gogs	get-a	PASS	44.847090509	503
gogs	get-a-http	503	-	bytes=36Minidispatchadmissionunavailable
gogs	metrics-g1-get	PASS	-	{"memoryPeak":"453025792","pidsPeak":"37","procs":"6","processNames":"2bwrap,1gogs,1launcher.sh,1sandstorm-http-,1spk-host"}
gogs	metrics-g1	PASS	-	{"memoryPeak":"453025792","pidsPeak":"37","procs":"6","processNames":"2bwrap,1gogs,1launcher.sh,1sandstorm-http-,1spk-host"}
gogs	stop-a	PASS	1388.575095114	{"activeState":"inactive","app":"4701","elapsedMs":"1387331","generation":"2","protocol":"mini-spk-grain-stop-v1","unit":"mini-spk-a4701-g2.service"}
gogs	start-a2	PASS	1050.935277464	{"app":"4701","completion":{"admittedSha256":"eea9771800e77fffdbab93fe2bc8b1af871cd11764ef26eb60ab05a5139cc277","completionReceipt":{"acceptedCount":"33","eventId":"35137316476564142083012951266801130
gogs	floor-a2	PASS	.275383589	floor-heldapp-processes=3unit=mini-spk-a4701-g4.service
gogs	enroll-a2	FAIL	17.383759817	mini:Nosuchfileordirectory(oserror2)
gogs	stop-a2	PASS	2690.685990155	{"activeState":"inactive","app":"4701","elapsedMs":"2689218","generation":"4","protocol":"mini-spk-grain-stop-v1","unit":"mini-spk-a4701-g4.service"}
