# Compiler.ObjectiveBendLaw: Objective contract manifest. Written by `scripts/check-objective-proofs.sh proofs --pin`;
# a removed or changed row needs a line in scripts/gates/objective-contract-changes.txt.
inductive	Minidregg.Compiler.ObjectiveBendLaw.LawExpr	be854595865cb8a1f99fefb7a9d33cdbef6b1e48e86e63fa6689e6177770d5a2	16946b93ac38405660f51e475eb5aa7d25b54f5e5677e0f6a10a4526cc071cbf	1712112397d6e2ba65f45c52831c6cb88a274fbac3ef66b07340a8bfa02bbe01	b27454656d54f0b6		Type
ctor	Minidregg.Compiler.ObjectiveBendLaw.LawExpr.and	540018ea6b203083129164ac9bdbd7988f3ce972afae63d4e1dcec9282f3b6bb	233966b4bb2b0dcf57b59c1c7cb9dacdad0476977aac9cadf5e1cfdd714303a9	9c7b50826c5e00ea0760ccffa42109b4559d780f2efeb9830a429fbd3d8725c0	77bb2f13176757b8		Minidregg.Compiler.ObjectiveBendLaw.LawExpr → Minidregg.Compiler.ObjectiveBendLaw.LawExpr → Minidregg.Compiler.ObjectiveBendLaw.LawExpr
def	Minidregg.Compiler.ObjectiveBendLaw.LawExpr.and.elim	47ab0f1d913ca268d79875821438a8e040dc54c626ab6b15c4c6e18601aef06c	20a30bd8140551b6878d0bf59b4b6cb2385068dc23a6d2554401323661c95a04	735a53bb42745bc6abc28a94406b3b79fed50f2170b9777f9187bb606112348c	43401eb288bee883	-	{motive : Minidregg.Compiler.ObjectiveBendLaw.LawExpr → Sort u} → (t : Minidregg.Compiler.ObjectiveBendLaw.LawExpr) → t.ctorIdx = 9 → ((left right : Minidregg.Compiler.ObjectiveBendLaw.LawExpr) → motive (left.and right)) → motive t
ctor	Minidregg.Compiler.ObjectiveBendLaw.LawExpr.eqC	f04c1373fbd6bb0453f2993e06de69b051984773d37c729b5a0043d7a6a4e188	f510d74fc9f0db5108ecf2778ff99a31ce440e7072ca0fe76bed3685c5922078	325b5f5f97b35aff1bc1d575dd8f7205d5286352234925de691c6dbc75d5246d	1e94ae0a60984ff8		Minidregg.Compiler.ObjectiveBendLaw.LawRef → ℤ → Minidregg.Compiler.ObjectiveBendLaw.LawExpr
def	Minidregg.Compiler.ObjectiveBendLaw.LawExpr.eqC.elim	304b104dbc39868ababe9a5a99703574224f82fdbf63f75c59a9c9de39b77b04	0921444429a19c93ee695245997c1152b380a68dc4130e7c66e5e184e8bc40eb	de067f0832f48fab318a2b2a5ed93a91f30ba1cb55604481af97c1db38c22316	0c86868c24a40f8c	-	{motive : Minidregg.Compiler.ObjectiveBendLaw.LawExpr → Sort u} → (t : Minidregg.Compiler.ObjectiveBendLaw.LawExpr) → t.ctorIdx = 0 → ((ref : Minidregg.Compiler.ObjectiveBendLaw.LawRef) → (value : ℤ) → motive (Minidregg.Compiler.ObjectiveBendLaw.LawExpr.eqC ref value)) → motive t
ctor	Minidregg.Compiler.ObjectiveBendLaw.LawExpr.eqR	35d41d4c8bd7e6349e7dce99d0987a7a2a068b84f793c56b05bbe2f4983dc4a4	4d119a414511cd4ec7353e61d1985f875bb5fc8244853557658ad7e4a3450dad	88b1b9e5fc835930fb80c6b83bfd9108125005f9b6c6b6cd46c18987fefe62e8	89ba763e04cfcdf1		Minidregg.Compiler.ObjectiveBendLaw.LawRef → Minidregg.Compiler.ObjectiveBendLaw.LawRef → Minidregg.Compiler.ObjectiveBendLaw.LawExpr
def	Minidregg.Compiler.ObjectiveBendLaw.LawExpr.eqR.elim	e6a3f13abfb4e22032ffe0e0838a30c891007b38f4ec3c536a457bc420b71a74	288f37191f97011d0f90c277ace65248a42e6348201f31f41060dbdd63167c56	a618b2150dd2cdc676daebc918a9dee9012b1b0dc33c990a2f84314394490842	8704ecb6d0decef7	-	{motive : Minidregg.Compiler.ObjectiveBendLaw.LawExpr → Sort u} → (t : Minidregg.Compiler.ObjectiveBendLaw.LawExpr) → t.ctorIdx = 3 → ((left right : Minidregg.Compiler.ObjectiveBendLaw.LawRef) → motive (Minidregg.Compiler.ObjectiveBendLaw.LawExpr.eqR left right)) → motive t
def	Minidregg.Compiler.ObjectiveBendLaw.LawExpr.fields	57cf415952aa763785397a544138b6588c3030d731f8831cd546e45401b367cb	2ed90dfd9278c8a697c0580eebeb9eaa74dddfde43d30fb6221711f75112e8d9	c243023f54e84f5529dfa8298aab98bb66334fe233b1d770e7230cec2443b159	917b566a7670f403	propext	Minidregg.Compiler.ObjectiveBendLaw.LawExpr → List String
def	Minidregg.Compiler.ObjectiveBendLaw.LawExpr.fieldsPlain	a6b39d53b617f0af2946ca4dc2709c1792b4f646e20462228367f7d8a9989ef0	49a0033392bdc52ff8f6f155bfa54e3c7a49c9de612ee8bc30a01b66e0f3a4e0	f61bd45fdffaf19739984af1e369e97ec0ac612a5d8c650599f8cf5cc6008d14	67c10cbe887020cc	Classical.choice,Quot.sound,propext	Minidregg.Compiler.ObjectiveBendLaw.LawExpr → Bool
ctor	Minidregg.Compiler.ObjectiveBendLaw.LawExpr.implies	2142a304d8c4c7e4ac61c85d5e6a02697c33f38fed96fb3613388c4809e9ef55	233966b4bb2b0dcf57b59c1c7cb9dacdad0476977aac9cadf5e1cfdd714303a9	308aeeea2de199832836cca375a30944f28eed0c610ca74445c93d9edf2dcca2	c4ab76a844b2ece6		Minidregg.Compiler.ObjectiveBendLaw.LawExpr → Minidregg.Compiler.ObjectiveBendLaw.LawExpr → Minidregg.Compiler.ObjectiveBendLaw.LawExpr
def	Minidregg.Compiler.ObjectiveBendLaw.LawExpr.implies.elim	a810265282a8a6eb7728e8c0fce6058d38746e24c6716f51997359e552a192e1	9e7f22c1c78ded525d1c99c6a77f1db5a1cc282028170712515d9741d4f054f1	f1224730e80ef14da4222bc3e1dd9e954d50d477d576da8bf61ef6d24d52fec1	62d0b561ddca077e	-	{motive : Minidregg.Compiler.ObjectiveBendLaw.LawExpr → Sort u} → (t : Minidregg.Compiler.ObjectiveBendLaw.LawExpr) → t.ctorIdx = 11 → ((premise conclusion : Minidregg.Compiler.ObjectiveBendLaw.LawExpr) → motive (premise.implies conclusion)) → motive t
ctor	Minidregg.Compiler.ObjectiveBendLaw.LawExpr.inC	5ae67577435476f3010474e6d3392595c286e8498a29c3f2569b0ba920b4ad70	41ad3308aa503386e6a5c6c67487e8d23a1f4ec2da3114187486b28fe8ff35f4	0f8ebf314a0b00071d95a5159564648b1842a5720ce42f18e6ec1a60fde61a67	d2419a220eef6b7f		Minidregg.Compiler.ObjectiveBendLaw.LawRef → List ℤ → Minidregg.Compiler.ObjectiveBendLaw.LawExpr
def	Minidregg.Compiler.ObjectiveBendLaw.LawExpr.inC.elim	1c53dd2f274c7dc4a2b135f3c36e198fd624636ed85a018f91f2f205857d1402	5f53eb17e2ba2c214a9c5cc1e3fae6d186a9f648ea9fce192b1f3bdbe4fe5e9a	52ddfd0c3d51185b5019b32c9e65efd111879553b797a001acdac416bc910905	8c1069a5160076a0	-	{motive : Minidregg.Compiler.ObjectiveBendLaw.LawExpr → Sort u} → (t : Minidregg.Compiler.ObjectiveBendLaw.LawExpr) → t.ctorIdx = 2 → ((ref : Minidregg.Compiler.ObjectiveBendLaw.LawRef) → (values : List ℤ) → motive (Minidregg.Compiler.ObjectiveBendLaw.LawExpr.inC ref values)) → motive t
ctor	Minidregg.Compiler.ObjectiveBendLaw.LawExpr.leC	0f46f8625787757304d2e87ef93744572f0103754fb988e789a2d726415f30e6	f510d74fc9f0db5108ecf2778ff99a31ce440e7072ca0fe76bed3685c5922078	cb59e1c442a1c1e1eeac649e302f8bd51776b079a36a71c7343b84cce51045fc	c09f97d735d83e68		Minidregg.Compiler.ObjectiveBendLaw.LawRef → ℤ → Minidregg.Compiler.ObjectiveBendLaw.LawExpr
def	Minidregg.Compiler.ObjectiveBendLaw.LawExpr.leC.elim	4a7077fe7b7caab0469c3349aa1ab35d9965b83c2063da6fb4da034096a1762c	27c2e759c9a96987d287bb5f05af9fd45c077aed42e78751539e4d03c18493e1	88e9f1f823fa50813653e6d8781a88244a4f3e8a0f2712a6b89c3be5d332d1fb	e534b6c756f03574	-	{motive : Minidregg.Compiler.ObjectiveBendLaw.LawExpr → Sort u} → (t : Minidregg.Compiler.ObjectiveBendLaw.LawExpr) → t.ctorIdx = 1 → ((ref : Minidregg.Compiler.ObjectiveBendLaw.LawRef) → (value : ℤ) → motive (Minidregg.Compiler.ObjectiveBendLaw.LawExpr.leC ref value)) → motive t
ctor	Minidregg.Compiler.ObjectiveBendLaw.LawExpr.leR	49018f6360700be5cc7d0597c29574131ff7c77e8401e075dd84381dae2fce1f	4d119a414511cd4ec7353e61d1985f875bb5fc8244853557658ad7e4a3450dad	4bfe73ab5a1200d73933c0677cb466277ee1a95099f02ed6f4e074a7cb9bf5ed	4a1e1822c5c3633a		Minidregg.Compiler.ObjectiveBendLaw.LawRef → Minidregg.Compiler.ObjectiveBendLaw.LawRef → Minidregg.Compiler.ObjectiveBendLaw.LawExpr
def	Minidregg.Compiler.ObjectiveBendLaw.LawExpr.leR.elim	04b828fb205f34e14a2371579e2407afd1db343559e8821e47a38eae4a3448bb	6eb8834af24fe4abf99eb9c7ced57132c6d98a1f202c30eab4d8674326e804d2	88ffc64808be93943e8869ed18946cb5f163bb38864c3b7277ce2313036acca4	ab9a523aa79f8b03	-	{motive : Minidregg.Compiler.ObjectiveBendLaw.LawExpr → Sort u} → (t : Minidregg.Compiler.ObjectiveBendLaw.LawExpr) → t.ctorIdx = 4 → ((left right : Minidregg.Compiler.ObjectiveBendLaw.LawRef) → motive (Minidregg.Compiler.ObjectiveBendLaw.LawExpr.leR left right)) → motive t
ctor	Minidregg.Compiler.ObjectiveBendLaw.LawExpr.leROff	2dd7d61ff2d6de6cf2b27522afd336672eedbfb3f10b01b5a4e6c0456bec75d4	080693b66964faaf30dc6d4bc7c8a711df402d4eebf6c71b3402389989612959	5032e468cbe148db5d428710d13e03b01f88fa51f1cedb300cbfbe65edbd3856	4b15ac0b7ab08418		Minidregg.Compiler.ObjectiveBendLaw.LawRef → Minidregg.Compiler.ObjectiveBendLaw.LawRef → ℤ → Minidregg.Compiler.ObjectiveBendLaw.LawExpr
def	Minidregg.Compiler.ObjectiveBendLaw.LawExpr.leROff.elim	73cbd76f0c7944edaa7406cd1cc81572323821d18af1979916f73af4d94d2754	cf2a17263ce31c80792c150a3d67740711448c4ae0e3fa48a3f4da7830531f32	6fb94d0a1febc0086ea637ae9151ba8b5d0729df77f64fd36e55ac489785afcd	5e5d6d169c320ff5	-	{motive : Minidregg.Compiler.ObjectiveBendLaw.LawExpr → Sort u} → (t : Minidregg.Compiler.ObjectiveBendLaw.LawExpr) → t.ctorIdx = 5 → ((left right : Minidregg.Compiler.ObjectiveBendLaw.LawRef) → (offset : ℤ) → motive (Minidregg.Compiler.ObjectiveBendLaw.LawExpr.leROff left right offset)) → motive t
ctor	Minidregg.Compiler.ObjectiveBendLaw.LawExpr.monotone	b9f6bc876770e6ff8b7acda89ad2115f847871a155987b493c50aa7228a3253e	99ebf004f7d2259edd1ef70d1390d2a06d0192b5a5e5d319a52020ca53799a0b	fded4502ad7398b8fd64086fd688c6232a15bd0dbe552c9d1d713ac3d94dd0fc	ef254278ef14bcf7		String → Minidregg.Compiler.ObjectiveBendLaw.LawExpr
def	Minidregg.Compiler.ObjectiveBendLaw.LawExpr.monotone.elim	dfddfcf37a9899f80e299b25c12c532d5817603230c949a9eb4a05940d053b0f	3abddbadf578f9348cec98f7e57a26144945e6a7c2918bde4e8d46b393902eac	b3ad9df4ac27c32fa70e2df9ef2f3f8b952d5387d85b7b5867a5f0f3011ee7cd	af21d66d0c496fe4	-	{motive : Minidregg.Compiler.ObjectiveBendLaw.LawExpr → Sort u} → (t : Minidregg.Compiler.ObjectiveBendLaw.LawExpr) → t.ctorIdx = 6 → ((field : String) → motive (Minidregg.Compiler.ObjectiveBendLaw.LawExpr.monotone field)) → motive t
ctor	Minidregg.Compiler.ObjectiveBendLaw.LawExpr.not	2cc2578970730f4da6669de25a116d40ac67b4030d5225229517482b6cd248e7	165137ff2b38da136e9fc51be254a22e23ffe0c6f4972fc53eac8113981f86f0	4c7d654bc00c0bd45f15d523e27627d34319d2d8eb06da1f42684499590fd921	43c834559ef09fd8		Minidregg.Compiler.ObjectiveBendLaw.LawExpr → Minidregg.Compiler.ObjectiveBendLaw.LawExpr
def	Minidregg.Compiler.ObjectiveBendLaw.LawExpr.not.elim	83c9cfbc84c502daf4eaf3b808a9a5a27559efd9f487dcb606a861d8214fb102	4299c19c9f8e2e8f9ee431eed6ea84867a46d55df87dc9dd42130d872ed817cc	f5105035c9a01908d4df30002e266143fc571d81f779c21fd908607f011803d5	838f20855d8ad3e9	-	{motive : Minidregg.Compiler.ObjectiveBendLaw.LawExpr → Sort u} → (t : Minidregg.Compiler.ObjectiveBendLaw.LawExpr) → t.ctorIdx = 8 → ((body : Minidregg.Compiler.ObjectiveBendLaw.LawExpr) → motive body.not) → motive t
ctor	Minidregg.Compiler.ObjectiveBendLaw.LawExpr.or	f3c3237b3b96bca167dbb1f6e5ff2abc14e41fafad23947af77866dfe793421c	233966b4bb2b0dcf57b59c1c7cb9dacdad0476977aac9cadf5e1cfdd714303a9	1cdb573139419f24eeec886139ecc5d89c68b976bc100809011db1159adda430	84ab4c28692338c2		Minidregg.Compiler.ObjectiveBendLaw.LawExpr → Minidregg.Compiler.ObjectiveBendLaw.LawExpr → Minidregg.Compiler.ObjectiveBendLaw.LawExpr
def	Minidregg.Compiler.ObjectiveBendLaw.LawExpr.or.elim	5abb31111bfcb6fc9b8b539bdba39584bb5cb4dade297fb03831b9ca54165a2f	3e4b8445ff61b15a652d8235b894a037e139f8d295dbf16a22c632ccfd9f3289	5d990fb4c780acc4c3d2bd56baec313e087fe18d6c6358913073732a7d1acbd4	b113520f5cb26adb	-	{motive : Minidregg.Compiler.ObjectiveBendLaw.LawExpr → Sort u} → (t : Minidregg.Compiler.ObjectiveBendLaw.LawExpr) → t.ctorIdx = 10 → ((left right : Minidregg.Compiler.ObjectiveBendLaw.LawExpr) → motive (left.or right)) → motive t
def	Minidregg.Compiler.ObjectiveBendLaw.LawExpr.render	69dc79738711229d70ec3479e02ed41a18e8e814fd880813be874864f5c47abe	12ebec48905464d6e2db0b4abe4b136472851377f3dee27406fbb6ff8d62f00b	ae634cf795cd3668230f10075e20db611b4038c8e0d5bc28f19d72ac13c9e1c6	47fb22f8fc30d693	propext	Minidregg.Compiler.ObjectiveBendLaw.LawExpr → String
ctor	Minidregg.Compiler.ObjectiveBendLaw.LawExpr.writeOnce	9f19b645da4bc8387adcd068140112a1fe9c886a209ee44f703662d480218014	99ebf004f7d2259edd1ef70d1390d2a06d0192b5a5e5d319a52020ca53799a0b	842e8026ef3140c96f5bd3211b81fa3bd2521f5dc19c0e48fb6190e0c8a03ec0	3e240d0c00cf0b95		String → Minidregg.Compiler.ObjectiveBendLaw.LawExpr
def	Minidregg.Compiler.ObjectiveBendLaw.LawExpr.writeOnce.elim	dc804ebacbe4a66537ce8f01ecad70c41ec2cfe78aa2bfa2024a3a68158b8a93	db3b81586b752fa17349c288c0dc4fb3ee256c67b1b3185d99af787f928aba48	6f22e92423dd214fa72aabc472ea6e445d6cb13f6bd3042673765fd3ba4a00c2	24f887848a0bc86e	-	{motive : Minidregg.Compiler.ObjectiveBendLaw.LawExpr → Sort u} → (t : Minidregg.Compiler.ObjectiveBendLaw.LawExpr) → t.ctorIdx = 7 → ((field : String) → motive (Minidregg.Compiler.ObjectiveBendLaw.LawExpr.writeOnce field)) → motive t
inductive	Minidregg.Compiler.ObjectiveBendLaw.LawRef	21012e5e5b4df52d57ce06335e048f9d6508825fda1119aa58d31046e6bda16d	16946b93ac38405660f51e475eb5aa7d25b54f5e5677e0f6a10a4526cc071cbf	993315c5235fd77db4df47648d12269c22d252c2e7f7f94a4ccda1c7da6e1cb6	f50e7561cbc04089		Type
ctor	Minidregg.Compiler.ObjectiveBendLaw.LawRef.caller	987d799c546367c9e6035cfe105ee59b5a03f7a9cadbc17951e6948cf2e607a7	5b7f4f6374dbc585e1f829b33a77f0968df8f71231c61fe93e13bb4988c254b0	5862dc884cbde6f09dfaaf75e8242b6da95d908b603bc26d95d5dfeeafe4c243	2c3e64d6f003ca29		Minidregg.Compiler.ObjectiveBendLaw.LawRef
def	Minidregg.Compiler.ObjectiveBendLaw.LawRef.caller.elim	a016e22c907ac15694227fd64d7f48a9e56eb416571ec14e6c13cde6097ba31e	69fee652e55f5803dd67f68dfd441748b19e1a9a7191baabe4cb066f9624ccaf	536fba2dca9b9c5f6d6e3417072e7447a39b2dee5e0c06981bab1927045c1404	511740a20202d1f8	-	{motive : Minidregg.Compiler.ObjectiveBendLaw.LawRef → Sort u} → (t : Minidregg.Compiler.ObjectiveBendLaw.LawRef) → t.ctorIdx = 2 → motive Minidregg.Compiler.ObjectiveBendLaw.LawRef.caller → motive t
ctor	Minidregg.Compiler.ObjectiveBendLaw.LawRef.field	3a3c0be4bb1e0d86a6b84659fd501515d38eb76a3066b9eccd852bba00e72e7c	d9e669b963549654dac406ff86dfcc60f4f1dcf655d8e7882d01b5856441fe32	ec7fba940bdd2591b5c050da27d7c0051d8e4c79b3ab3e7f76b185fef3334d12	51345d21814527f2		String → Minidregg.Compiler.ObjectiveBendLaw.LawRef
def	Minidregg.Compiler.ObjectiveBendLaw.LawRef.field.elim	a9ffc1cb5dd79012b23ad34df93c7e134bd7a2006a745c524e0c2e819c16a8c0	592678a44f4046525a86e02563fbbb96c37e17047aef524310baea064ac1ed83	ee0ef72661979ffead404a0aa6355fc1f64a5a16611ea6728dec4bc72d109bbc	a9317525c1a61b88	-	{motive : Minidregg.Compiler.ObjectiveBendLaw.LawRef → Sort u} → (t : Minidregg.Compiler.ObjectiveBendLaw.LawRef) → t.ctorIdx = 0 → ((name : String) → motive (Minidregg.Compiler.ObjectiveBendLaw.LawRef.field name)) → motive t
def	Minidregg.Compiler.ObjectiveBendLaw.LawRef.fields	53a57d789ca5f889f272aa63c3c144ad7f61a7d7e075840301a20c3c4e43200c	da4ddfc4fe9b9622fdfe21715ab165bc16a7d2ff32b7a44cf791140b3eec7890	62840923187d462cbd412a3c2792452e7a6b17e89dc166075df12c5d33a99838	f3cb003996f1ec4d	propext	Minidregg.Compiler.ObjectiveBendLaw.LawRef → List String
ctor	Minidregg.Compiler.ObjectiveBendLaw.LawRef.height	1f6b12b6a6dc02e32e432d4cc05984e68a5fc3455d813042767b80287b83b54d	5b7f4f6374dbc585e1f829b33a77f0968df8f71231c61fe93e13bb4988c254b0	2f9d84855d84b16a847b11b88941084ca69e24b6ff478dc8fac1891f1251b859	16ffbbf9def1da98		Minidregg.Compiler.ObjectiveBendLaw.LawRef
def	Minidregg.Compiler.ObjectiveBendLaw.LawRef.height.elim	370464cad9e8527953da15e6e3604ab8bd7665edfa060fa87161a099c1b070b3	2575988ddfdf12d1c1caf6c66f1231ad0141006ac9e1c7349f38c3223a7a64fe	9059791a83af76a3ecaf5d62022ef4f7d0036e15cb36839dd5eaf3128cd2cee2	aa0af1e7681cd8b3	-	{motive : Minidregg.Compiler.ObjectiveBendLaw.LawRef → Sort u} → (t : Minidregg.Compiler.ObjectiveBendLaw.LawRef) → t.ctorIdx = 3 → motive Minidregg.Compiler.ObjectiveBendLaw.LawRef.height → motive t
def	Minidregg.Compiler.ObjectiveBendLaw.LawRef.plain	c89957ed5871baebe0bb64a255f28702f0c51bb800989c9e51bef04ef5370739	1c4b20a85cdafb94c93fe15de94bdfc8ee1e98c6aaddae3b65e168c06a4d7b10	7cd9c926c2e813df86027bb1974d26aeb63858b91b6ed9331d9ac42139fcfeb8	afb0486fe5109342	Classical.choice,Quot.sound,propext	Minidregg.Compiler.ObjectiveBendLaw.LawRef → Bool
def	Minidregg.Compiler.ObjectiveBendLaw.LawRef.render	74aed8f1bb5ceb194b0e29bcd5b3af4ac0e9c0bf666d03a13dea7e4dda0b0116	5475670b902e84c49b1238c2b9fe6896daae1e90487dbc99b1924119b903ab9d	0695a2676e089de37079c4adcfadbf86e68e3a11c86f72836881e0119850af90	7440486239636c94	propext	Minidregg.Compiler.ObjectiveBendLaw.LawRef → String
def	Minidregg.Compiler.ObjectiveBendLaw.LawRef.slot	ec5df63a164a490b8c5bb8d87f6d5156f21a668ef1a110cb9f45b527346e0f84	fbeb1f8bdd92a2d5cc716e5d4284b2b1090464279f4b58ca78dbd35a37b68977	0d804d07c181be93a14d2fa7f79caa6288f03be0052b429280ace99a62e94649	596e334e047f6e6d	propext	Minidregg.Compiler.ObjectiveBendLaw.LawRef → Minidregg.Pred.Slot
ctor	Minidregg.Compiler.ObjectiveBendLaw.LawRef.subject	c2ac5b9b32f68e21e44f5cd6cd9515d9536623d55f2ce00d65dbb26c812e8d3e	5b7f4f6374dbc585e1f829b33a77f0968df8f71231c61fe93e13bb4988c254b0	68a4ccaa85a75e4a7fab4c5ff5baa08d5d0c3807d562bd40ac743d7e049b7d9e	f1869c3e4c48fe14		Minidregg.Compiler.ObjectiveBendLaw.LawRef
def	Minidregg.Compiler.ObjectiveBendLaw.LawRef.subject.elim	ea2d4e9d9c285ab3d95c0a9741e5773663d19100185287b0da41d069c77e2534	4e1da1d89c93c9a81e3c1e0cbbf0286affe45da9023220103b8e0fa31c780a38	e9f7dfc378f0793eaae505279e65e542cefebc6e1c3611fc5be0dad78ee3bc3c	40bca180e5a26c57	-	{motive : Minidregg.Compiler.ObjectiveBendLaw.LawRef → Sort u} → (t : Minidregg.Compiler.ObjectiveBendLaw.LawRef) → t.ctorIdx = 1 → motive Minidregg.Compiler.ObjectiveBendLaw.LawRef.subject → motive t
ctor	Minidregg.Compiler.ObjectiveBendLaw.LawRef.turn	3c013388efdf79f3f5f62ee17498073dbb0c2f5533a38d1545781b1a837dfa5e	5b7f4f6374dbc585e1f829b33a77f0968df8f71231c61fe93e13bb4988c254b0	604c9f5ccf6abcc7627fde4c21e764ff0f888f1db153a7ebfc9a2688794be8b5	6c8658d59230caa1		Minidregg.Compiler.ObjectiveBendLaw.LawRef
def	Minidregg.Compiler.ObjectiveBendLaw.LawRef.turn.elim	d1696c74b9ea105778c3343964a6ac1a3d2538a015448806e1f28bbe2b66fae8	53ae86357251f715f9d6a42b88371cd9c030d483ce95a8b4458281f3c81b2332	f712a28deb66300810eeb1ddac49565dcdd67ec9ebe3f697c7bdc49979de0aa6	8203218d20f2fc55	-	{motive : Minidregg.Compiler.ObjectiveBendLaw.LawRef → Sort u} → (t : Minidregg.Compiler.ObjectiveBendLaw.LawRef) → t.ctorIdx = 4 → motive Minidregg.Compiler.ObjectiveBendLaw.LawRef.turn → motive t
inductive	Minidregg.Compiler.ObjectiveBendLaw.Tok	b6353168203821bea3d2955fe0f9cecf0c0de738672f4a0ae97cf6254c23a437	16946b93ac38405660f51e475eb5aa7d25b54f5e5677e0f6a10a4526cc071cbf	1129e1aa448708912585e933b244a10c5cc9c31bc24b468cae6bb5758591ef7d	77a1125cd47255c5		Type
ctor	Minidregg.Compiler.ObjectiveBendLaw.Tok.ident	a297336a8a8016566a4f585c43e62c6b2e947e6611ad295ccc7627ade6457440	3c828c5f3a244241b3585b9f4b6ee0532b9369ea5f98184a13266942acc94b16	610d0a7ee38081d28424242041d3f4f4e2340e5dd794e6d6109414e6a8499901	0ce581c0ae4496b1		String → Minidregg.Compiler.ObjectiveBendLaw.Tok
def	Minidregg.Compiler.ObjectiveBendLaw.Tok.ident.elim	ef2ceb4b5391c695f98312135802bd5c9f02740a742cdea16c7f682bb6e4b2d8	f6de6953b381a0aaa9ccd290dbcda356bf554e4f424b40c79a6e193b95f48ceb	2c18dba70811be517b1f9d7c8b859950d242040464086a0be841a7371d4ced7c	f889e15c0eecb7ad	-	{motive : Minidregg.Compiler.ObjectiveBendLaw.Tok → Sort u} → (t : Minidregg.Compiler.ObjectiveBendLaw.Tok) → t.ctorIdx = 0 → ((name : String) → motive (Minidregg.Compiler.ObjectiveBendLaw.Tok.ident name)) → motive t
ctor	Minidregg.Compiler.ObjectiveBendLaw.Tok.int	895d1fdca9f247fa186051842d278bc65a89478ac0b851f5b62dae6898876dab	84b3b69929c76826956d32744f5f6f90a523cd28935398c1f2a0cafc729371f6	4fcb8e8bf706992090423d1885fbc6085147ef99c373941fb4184988703dada2	65ae3b34f2ec6844		ℕ → Minidregg.Compiler.ObjectiveBendLaw.Tok
def	Minidregg.Compiler.ObjectiveBendLaw.Tok.int.elim	c6b095c7936eea7d7c6593ea775f44307bb849ba5a29ee73e236af08d203e8cf	644ce213c74ffb7e6a0382bd640804ce110bf030a0486f790bfa4236eb435966	c4f33fe8dbf1b3f7b13829c9b8e148712e64b2b4f188b98277784841fd275746	d8bdf607fd76f65e	-	{motive : Minidregg.Compiler.ObjectiveBendLaw.Tok → Sort u} → (t : Minidregg.Compiler.ObjectiveBendLaw.Tok) → t.ctorIdx = 1 → ((value : ℕ) → motive (Minidregg.Compiler.ObjectiveBendLaw.Tok.int value)) → motive t
def	Minidregg.Compiler.ObjectiveBendLaw.Tok.render	0e4a1c555a804fe4dc21107f63d1517ddf5270290ae6013473dd2d2f3c0f188a	569b32abf279808357ea926e9457bb22e494804dc75be0269d42cbf258acb66e	fd08d6f05b1b1bd0111b7bb4934f989874f287f26a5cf641ac822aef3787fe5c	d7ee930947b1dc3b	propext	Minidregg.Compiler.ObjectiveBendLaw.Tok → String
ctor	Minidregg.Compiler.ObjectiveBendLaw.Tok.sym	7a3644beeda516bc9f81aeb199a706dedd55efe4b3f1d1c914e8b4ddc835e9b1	3c828c5f3a244241b3585b9f4b6ee0532b9369ea5f98184a13266942acc94b16	4ab024742547873baefd079bc8c3aef78e6554e366175b83d3b86b0bac4b89a6	507fb3638ce13e9f		String → Minidregg.Compiler.ObjectiveBendLaw.Tok
def	Minidregg.Compiler.ObjectiveBendLaw.Tok.sym.elim	d67df5dffecfa6a5b3fd1ec8e53da57082e9a6cbed74bec3ca92705b9774d5f4	6ae56dfaf574755506eb05d60cdee415d2113d022be5f0b9cd048593158b76a1	bd2ead0008168ce6b86a351a2d6e5660572734aaa52f47227069d7b885e686fa	1ac2c0ffa3ec1997	-	{motive : Minidregg.Compiler.ObjectiveBendLaw.Tok → Sort u} → (t : Minidregg.Compiler.ObjectiveBendLaw.Tok) → t.ctorIdx = 2 → ((text : String) → motive (Minidregg.Compiler.ObjectiveBendLaw.Tok.sym text)) → motive t
def	Minidregg.Compiler.ObjectiveBendLaw.checkNames	56abbb1ba0348bf0b4deff9c709ba339a4adfb9b36c74127feeb1b69bfca4a7e	fefc94270cae423ad341c755027033b23f0c4a8dd64d296ab884904e154790f6	f7575373b9f2c588f43d27f4cadab97d3eec90c04189e7b7e949d651a8738a87	1e6902fc0fc6905f	-	List (String × Minidregg.Compiler.ObjectiveBendLaw.LawExpr) → Except String Unit
def	Minidregg.Compiler.ObjectiveBendLaw.compile	59dc717f3c7c46e3982a31c20972fcf25c266d01fd098f715ed2383c0e722446	e0b2b8de1d72f6eb0a2b568621d1ba971bacc256ed50a0a879b3cdada2d76682	d8e2c5db7785a01f267457527211b28d90df20c09c202817f68c8e54533f4cfe	e182f25509a2c914	propext	Minidregg.Compiler.ObjectiveBendLaw.LawExpr → Minidregg.Pred.Pred
def	Minidregg.Compiler.ObjectiveBendLaw.digit	5cf06aaf9adca65210645b7b85fabd3e90555b0dd0b8c5ec523d0291d646dccc	feaebc5861b0dc78883db410082cba587fd2eb9cd2f6d4406919d6b9a3315c0f	8a9a4dc1f7e8be7ba0f6b788bf544e1a619111ca5267f3a2ea31211aa150e057	0289da86bbb03147	-	Char → Bool
def	Minidregg.Compiler.ObjectiveBendLaw.digitsValue	3a6157079a76553d8c87c9ca4b9e1f5eb2f34793a4ee07b40b77fb1b8a503e72	b127e33749789d6f6119897fdb6ca10383ab508eb7d96c74b6e5ac9e39a78e4b	14a1d2e3f96c6f3f81fd44773842d3a81103882be2dd9f0343e2759627aa4f6b	d3ee727bf4bf2b7e	-	List Char → ℕ
def	Minidregg.Compiler.ObjectiveBendLaw.expectSym	fee84e67c805315201831d52b4291d6c712fd04b4e30aa33802ec57c7956920e	2981c878e5b60c084493cca5154a790d89da4655e8062d2710cf406748bfdab6	72539aab8300528184ffd8120c3097f7a6abb1da053966deca1daefaf5d53ada	0345c05c2c357c2c	propext	String → List Minidregg.Compiler.ObjectiveBendLaw.Tok → Except String (List Minidregg.Compiler.ObjectiveBendLaw.Tok)
def	Minidregg.Compiler.ObjectiveBendLaw.identChar	d16702221b19130a15e53272b206c9cd6e2b0e6a1eb7973368e5a86b1a6c874c	feaebc5861b0dc78883db410082cba587fd2eb9cd2f6d4406919d6b9a3315c0f	b904b682e6442c0101fafb84c5eba4941912d9bb4e42a3b7f4adfbae80462f30	5f65f708669b7f68	-	Char → Bool
def	Minidregg.Compiler.ObjectiveBendLaw.identStart	9dad10cb91a567fb70fb235ed0440b021c229d8faf5bbc8ed9fa2fec82e6aee2	feaebc5861b0dc78883db410082cba587fd2eb9cd2f6d4406919d6b9a3315c0f	b4e82885620c9b241d864a8b24b9dfaba1a2da56e45e6dbe43f3d21103ccc0ab	cff2fdf36b74826a	-	Char → Bool
def	Minidregg.Compiler.ObjectiveBendLaw.packageLaw	b4ee48888f5f50b682eb0c2f591c4bf63f1896d31f98faa9269f1a9e101d2ac0	8921e217130d7bcc9bffcb6110d3fb1f5714915dd174cc68c40c76f83ad22380	05decdb29d11ae680a2557f05d67257e2b15d4f6059cd8b99d917735737b8e8a	c1ecbab207474f62	Classical.choice,Quot.sound,propext	List (String × Minidregg.Compiler.ObjectiveBendLaw.LawExpr) → Minidregg.Pred.Pred
def	Minidregg.Compiler.ObjectiveBendLaw.parse	c6fc4d5f37c9e181934d39df8dceb8bb774cad96c2830c74a42f10d4d55cc59d	80172d5e21f3477a4ec798af02b33bfe7a1d8db6a5c6ea7552f65e462d54b1a4	3672b616515ab714f8048cb590361b6e79b1ddd8ac9608caf340551eb5848c2a	006b6b1b46bee929	Classical.choice,Quot.sound,propext	String → Except String Minidregg.Compiler.ObjectiveBendLaw.LawExpr
def	Minidregg.Compiler.ObjectiveBendLaw.parseAnd	c1fac16dd6deaf3f22b9ded867b258ee91e5dfda839e8f79e575608739b16b1f	e4d3b9a650e87df58af0b3c7fb8dbd9cf00fb45b18755dc6645cff38c2dfe891	d4957b62f1969194548cf7ab44fc0046649ffc96243380b6c88ee77124728609	d3e608de5c4944e4	propext	ℕ → List Minidregg.Compiler.ObjectiveBendLaw.Tok → Except String (Minidregg.Compiler.ObjectiveBendLaw.LawExpr × List Minidregg.Compiler.ObjectiveBendLaw.Tok)
def	Minidregg.Compiler.ObjectiveBendLaw.parseAndRest	482b33dd8e96a10271db542c37f46201b303e4a8551666787570b4cb2240f76c	18592c5fc9df43d8578a00f734266fc48152f1940f89fe4f77dc487ff3061490	8dc153bda1f1b1dedb9b5b1373901062ebb1c5facf8fa1024af72a55da5de9c1	ccf30efb2afd1b43	propext	ℕ → Minidregg.Compiler.ObjectiveBendLaw.LawExpr → List Minidregg.Compiler.ObjectiveBendLaw.Tok → Except String (Minidregg.Compiler.ObjectiveBendLaw.LawExpr × List Minidregg.Compiler.ObjectiveBendLaw.Tok)
def	Minidregg.Compiler.ObjectiveBendLaw.parseComparison	870752f49b90fd106bda34786ad42bca38f290a437fbcdaf00397d5cdecf8dd0	e4d3b9a650e87df58af0b3c7fb8dbd9cf00fb45b18755dc6645cff38c2dfe891	8cbc7dcd0dc71b499c5042f9415d05f44be5f47e29d0382cff47a5051ca9d794	7e616f075a77101c	propext	ℕ → List Minidregg.Compiler.ObjectiveBendLaw.Tok → Except String (Minidregg.Compiler.ObjectiveBendLaw.LawExpr × List Minidregg.Compiler.ObjectiveBendLaw.Tok)
def	Minidregg.Compiler.ObjectiveBendLaw.parseImplies	b72da86562a74d606cb7c3310cae6c58f40edfcaacc4b68c089ec36607457d38	e4d3b9a650e87df58af0b3c7fb8dbd9cf00fb45b18755dc6645cff38c2dfe891	e044e9a6145d90f644aa482535b069a8fa3d6074e65e91d9985f151aae3e86a5	cfeb4cb217a40cba	propext	ℕ → List Minidregg.Compiler.ObjectiveBendLaw.Tok → Except String (Minidregg.Compiler.ObjectiveBendLaw.LawExpr × List Minidregg.Compiler.ObjectiveBendLaw.Tok)
def	Minidregg.Compiler.ObjectiveBendLaw.parseInt	870c896ea2958caac3beff389f4dce044bea51e713a1f0e4b57dc86017c83791	882d36369c5fde02aee4d0a7b80470c060f406644b3cf8135af76d6e1db5eab8	7b83bfdbbb3d57d62326845f5fc64fd26b4f81a9f2d0d62d205814053f6d9ef9	b2b27d5c4385d11b	propext	List Minidregg.Compiler.ObjectiveBendLaw.Tok → Except String (ℤ × List Minidregg.Compiler.ObjectiveBendLaw.Tok)
def	Minidregg.Compiler.ObjectiveBendLaw.parseIntList	f474fc7b4c105d8ed847e63b157ad6637cb97585b6a3f0f641d8bcf3932c3a0f	7ef512b11f78dd3f85452710fb574ecb218744875ca35bbe139e5f5ddbda04e4	0dfd18af72398ca0a45b83147e7c2f66180c193618e44ae13748200e5e12be85	221ac71f9e46bed4	propext	ℕ → List Minidregg.Compiler.ObjectiveBendLaw.Tok → Except String (List ℤ × List Minidregg.Compiler.ObjectiveBendLaw.Tok)
def	Minidregg.Compiler.ObjectiveBendLaw.parseOr	e2f17102a42115a19e77457d4be4dfecb435a1cbdea96b587f105061278ac0b9	e4d3b9a650e87df58af0b3c7fb8dbd9cf00fb45b18755dc6645cff38c2dfe891	ce50680fb9bc08f1a69f7f02091fc094b863fb61fdecc63fda1557d1751aadc7	b7c6d16c0f08a4ac	propext	ℕ → List Minidregg.Compiler.ObjectiveBendLaw.Tok → Except String (Minidregg.Compiler.ObjectiveBendLaw.LawExpr × List Minidregg.Compiler.ObjectiveBendLaw.Tok)
def	Minidregg.Compiler.ObjectiveBendLaw.parseOrRest	d16023430b99596200fed9fdcb1fba45b01e5688c1e529f0038e914d47a064ea	18592c5fc9df43d8578a00f734266fc48152f1940f89fe4f77dc487ff3061490	f805dd3ed1d9c8778c930633ba262fe7c285537a9399b830b6a56292a8276f7d	09fc87de9536dc26	propext	ℕ → Minidregg.Compiler.ObjectiveBendLaw.LawExpr → List Minidregg.Compiler.ObjectiveBendLaw.Tok → Except String (Minidregg.Compiler.ObjectiveBendLaw.LawExpr × List Minidregg.Compiler.ObjectiveBendLaw.Tok)
def	Minidregg.Compiler.ObjectiveBendLaw.parseRef	e2ba18cef926d380e022b94d2421f604f036dbeb8630673fbb62afe0bc70c895	8bbe6c5abf70226059c0b78b7f23a33b8c5c2a5f737feaef9685e81c8e804b7a	0a127db3357aa51af830aa6c5f7cf300e66552b6a7fed7556ef63a230bd83a3e	dad419c191cb9e0d	propext	List Minidregg.Compiler.ObjectiveBendLaw.Tok → Except String (Minidregg.Compiler.ObjectiveBendLaw.LawRef × List Minidregg.Compiler.ObjectiveBendLaw.Tok)
def	Minidregg.Compiler.ObjectiveBendLaw.parseUnary	c300075503a7ccf6ed3ae8f633a18713ecdb62b857c115e26f716209ac90ad83	e4d3b9a650e87df58af0b3c7fb8dbd9cf00fb45b18755dc6645cff38c2dfe891	783b8ea49395a61e852e0fb505e494b4822066a9a03dc875e4b76bf0f4e1d768	73d7f346be15817d	propext	ℕ → List Minidregg.Compiler.ObjectiveBendLaw.Tok → Except String (Minidregg.Compiler.ObjectiveBendLaw.LawExpr × List Minidregg.Compiler.ObjectiveBendLaw.Tok)
theorem	Minidregg.Compiler.ObjectiveBendLaw.parse_precedence	be548a505d8fec744e22cbacae180c5463df214782f3d7e7aaa87fe4104be832	6606114e02901d1a0011074fff7c0af1a9f33e15143d5fd2e1de94288f0f6a12	9eb278ffccc074920a0590ad9c165853e7aa2ad640f1aa38c3e83921d3c4eee3	0a819d268aaf3f4a	Classical.choice,Minidregg.Compiler.ObjectiveBendLaw.parse_precedence._native.native_decide.ax_1_1,Quot.sound,propext	(Minidregg.Compiler.ObjectiveBendLaw.parse "not new.a == 1 or new.b in [1, -2] implies request.caller == new.c and new.d <= new.e + 3").toOption = Option.some (((Minidregg.Compiler.ObjectiveBendLaw.LawExpr.eqC (Minidregg.Compiler.ObjectiveBendLaw.LawRef.field "a") 1).not.or (Minidregg.Compiler.ObjectiveBendLaw.LawExpr.inC (Minidregg.Compiler.ObjectiveBendLaw.LawRef.field "b") [1, -2])).implies ((Minidregg.Compiler.ObjectiveBendLaw.LawExpr.eqR Minidregg.Compiler.ObjectiveBendLaw.LawRef.caller (Minidregg.Compiler.ObjectiveBendLaw.LawRef.field "c")).and (Minidregg.Compiler.ObjectiveBendLaw.LawExpr.leROff (Minidregg.Compiler.ObjectiveBendLaw.LawRef.field "d") (Minidregg.Compiler.ObjectiveBendLaw.LawRef.field "e") 3)))
theorem	Minidregg.Compiler.ObjectiveBendLaw.parse_refuses_nested	a15e628cb1ace693785535d6787fac1d3deea90b484dd696c1d5b470966eac17	81698e7038ba6b686c5e2364669ca7a43e91acf6b862acd6a9281413430e2d27	8edd173363ba01568e129b901f85ba2d9d99f9d6e7aa0d47a955b17dea1ad609	22939d174a08bb2b	Classical.choice,Minidregg.Compiler.ObjectiveBendLaw.parse_refuses_nested._native.native_decide.ax_1_1,Quot.sound,propext	(Minidregg.Compiler.ObjectiveBendLaw.parse "new.a.b == 1").toBool = Bool.false ∧ (Minidregg.Compiler.ObjectiveBendLaw.parse "old.a == 1").toBool = Bool.false ∧ (Minidregg.Compiler.ObjectiveBendLaw.parse "new.a >= 1").toBool = Bool.false ∧ (Minidregg.Compiler.ObjectiveBendLaw.parse "witnessed(x)").toBool = Bool.false ∧ (Minidregg.Compiler.ObjectiveBendLaw.parse "new.a == 1 claim").toBool = Bool.false ∧ (Minidregg.Compiler.ObjectiveBendLaw.parse "request.target == 1").toBool = Bool.false
theorem	Minidregg.Compiler.ObjectiveBendLaw.parse_tally	541edcc83957db79da174577654e46114ff123a67f58259096dde339063458a9	94256d8fb4902071e68b07e9601ccfebc4a4b86db14ecd3b23a7776940315d39	6e02ea1ef403d919b858187235f452f2869fec7a4ac94a4bbaf4080a3c00d804	c7a1f53f93ee46b8	Classical.choice,Minidregg.Compiler.ObjectiveBendLaw.parse_tally._native.native_decide.ax_1_1,Quot.sound,propext	(Minidregg.Compiler.ObjectiveBendLaw.parse "new.total <= 1000 and monotone(total)").toOption = Option.some ((Minidregg.Compiler.ObjectiveBendLaw.LawExpr.leC (Minidregg.Compiler.ObjectiveBendLaw.LawRef.field "total") 1000).and (Minidregg.Compiler.ObjectiveBendLaw.LawExpr.monotone "total"))
def	Minidregg.Compiler.ObjectiveBendLaw.plainName	a4fada3ad558d768722120d3defe172fe60de04b5d1260cb8eca0625d6d3a94b	d7f130bab7ba3a724996a1afa363a008e8150076ce601c0da7b321df2460fb1f	6e3afc0da6434778665ab3cf76fa27a910797bc6de6d7fbd02ab4195c1f4cffd	b56be2a6bd9bc0cc	Classical.choice,Quot.sound,propext	String → Bool
def	Minidregg.Compiler.ObjectiveBendLaw.refusalPrefix	c9d2573b1da4f2dd36b99e0595cc44842acf08c7b74767f7ba3667d75495a37e	b146617be852cdefab28eb59430ea39f03e2dfe484376157043b79021605f14c	a35d7b40c5858f6b87db484e908a5d99e85efac8b86d0a307fee96c301cfcdd5	af767c2767ab3f4f	-	String
def	Minidregg.Compiler.ObjectiveBendLaw.refuse	0dd73d652b3c5abfc2813c3bcb3e02217342a4a4ab07a44a8f768b7eeee17f93	c3941c26948d3965fb8e6f262a04514da574ff71f72c3aec13f868741984f821	7e986a08f9c9085045513e69dffd02f3fd61f99365fb0a704edc79b295c175cf	cd68de12465f9aa6	propext	{α : Type} → String → Except String α
def	Minidregg.Compiler.ObjectiveBendLaw.requestFact	893f45a5401ba80a539dcd28cf7446ab4ca52243f63360d107d3c5c0a6589c93	d2f0a45d19107ed8126ac8cf1841b185f91f466df269e5f680cdaae56c1d4b97	a32ed0fca357022aae2f60f8934e19a43b1916ba4b3a4632a4b1a6df4cf56d0c	cb311fc3fdf9c625	-	String → Option Minidregg.Compiler.ObjectiveBendLaw.LawRef
def	Minidregg.Compiler.ObjectiveBendLaw.startsInt	d59b58c5ee2aa99beeb5df641a034b4a9e58766ad6df9e16c765bd884befbe1c	4b166c07683187ef689b4c2fb00a07c7d2c7892ec5e876e20d01701865ae35ee	15c1289254e10b42e7492891408bbf978fcc29fcbd9b5d2e0c354b63c4c26c26	39aeaeceadec5edc	propext	List Minidregg.Compiler.ObjectiveBendLaw.Tok → Bool
def	Minidregg.Compiler.ObjectiveBendLaw.tokenize	a525fad8434c471f2c92cda89dc1aa6f0d5efaaf067b2cf61db96bf4113793dc	abdcd885d2d22591b521de86354104090d67a6a8feade6f0624a4ae21cb3b061	310e4e1a96ffeb0c129f18870f22d42ba0c90eedf1c23980523f13dacf7a9999	e1a89a1a3bdc963a	Classical.choice,Quot.sound,propext	ℕ → List Char → Except String (List Minidregg.Compiler.ObjectiveBendLaw.Tok)
