# Compiler.NativeProtocolFrames: Objective contract manifest. Written by `scripts/check-objective-proofs.sh proofs --pin`;
# a removed or changed row needs a line in scripts/gates/objective-contract-changes.txt.
def	Minidregg.Compiler.NativeHostCodec.callFrame	67abbf0558521754bf26608fe272b90f6333c8a1c85184c55eb7f817ebd5025f	268fce01293bcb84de059c093737d89d8980bbc789bd14e1bc6693665008f358	e072793b8199feeebf82bfa6074d97e17559a9102d670b09e91ebfd6967f6afb	6ef831fe2fe45599	propext	List UInt8
def	Minidregg.Compiler.NativeHostCodec.draftFrame	a90140c6238746220aef5006e6acd6cbf275be715fbbc116dd56e264e38cd53e	268fce01293bcb84de059c093737d89d8980bbc789bd14e1bc6693665008f358	57770878226fa54b166f81117d89a8fb277d43eced3da28ec292a037e3fbfc8a	176177dd9a1f43b5	propext	List UInt8
def	Minidregg.Compiler.NativeHostCodec.outcomeFrame	171b1f3ff931374bb8561853b3a211bd16d9bba5010031b728b9be14bc72fa7c	268fce01293bcb84de059c093737d89d8980bbc789bd14e1bc6693665008f358	d498981d17d4d127dc72c2bdd49b3b28a9ffdb77a1a33cb999907ceac24d0afa	a77dd7fabd1eca8f	propext	List UInt8
def	Minidregg.Compiler.NativeHostCodec.signingPlanFrame	eddcd7650f237a2ad92fdc649268b279779bcf1916ca0b6dabdd862ddb6d0928	268fce01293bcb84de059c093737d89d8980bbc789bd14e1bc6693665008f358	d2b26dadbe023d6ac3685a28854cb0e8eebefbf34ef9bbdc35abf06cddf58c3c	df0dac4096f86abb	propext	List UInt8
def	Minidregg.Compiler.NativeObservationCodec.challengeFrame	7a087c798f9a51a549a175e43f0917e929281790be3f74fc711590769de6c30c	268fce01293bcb84de059c093737d89d8980bbc789bd14e1bc6693665008f358	dbf5eea6bfec1b9100e9406ec3f233aab5c3c1bd036fb5e4cfc63e53c1e01499	5d27e0ce23dd1589	propext	List UInt8
def	Minidregg.Compiler.NativeObservationCodec.intentFrame	8f8b97980669b848b9a9cfaf38666fac2c82b8fbc546cc480356198c57b9a41b	268fce01293bcb84de059c093737d89d8980bbc789bd14e1bc6693665008f358	8d0f00979d33cbe7b0f9543d4762968c33cd66dfdb4881e151d8c8d007100f35	8ef48d20bcfc6c26	propext	List UInt8
def	Minidregg.Compiler.NativeObservationCodec.signedFrame	8ee18ba25c7a578fcc5eb83db3c86f4a4ba7ca22f183d03b7629b2d0a040649e	268fce01293bcb84de059c093737d89d8980bbc789bd14e1bc6693665008f358	52238101624cddcad920f8c20677c488993ec9aebc901dfd811756abcdc846cd	8a3012c948077414	propext	List UInt8
def	Minidregg.Kernel.DeclaredResourceController.commandFrame	30eb5e68583fa224fc1122f6c9b90557d468e8fae762341eb24e874a3d185507	268fce01293bcb84de059c093737d89d8980bbc789bd14e1bc6693665008f358	63e190fcd3ae60606c079407a762745c62a79bbf51f8cf6ff0f6e9ad07edf73a	338e7f614c337f34	propext	List UInt8
def	Minidregg.Kernel.PolicyInstallReceiver.ingressFrame	a801bf1683fc428950d0a405c139432e87422399304b936cc0881c0d8e356b61	268fce01293bcb84de059c093737d89d8980bbc789bd14e1bc6693665008f358	3ef6a932576f77b96ae3b7303a49f4ab7a71f77c425594c88c92058e255ddf12	a4da08de64a6d37d	propext	List UInt8
