# Compiler.NockProgramCodec: Objective contract manifest. Written by `scripts/check-objective-proofs.sh proofs --pin`;
# a removed or changed row needs a line in scripts/gates/objective-contract-changes.txt.
inductive	Minidregg.Compiler.NockProgramCodec.Abi	700c0706ab4bc24afb4a7559e753c5d317cc12ae288db8faa4c6fb877848c9b3	16946b93ac38405660f51e475eb5aa7d25b54f5e5677e0f6a10a4526cc071cbf	f42794d5404c17423b9c35f15dfe4be7bf546f1c1945db9a369b4bc120217679	66a9914e0ee64030		Type
def	Minidregg.Compiler.NockProgramCodec.Abi.context	40a10864111153ddad5aa750242bab929af1745739a891c3597714494ee82486	938bd2daa7ca75fd42b95fd08bab44053b98246d4f0d5ab2b73937effb5b207a	b81b4e031a9ffdfe271729b83287ba6d1d10325c1f8b6270359a6115aabab295	c671046a97b5fd0c	-	Minidregg.Compiler.NockProgramCodec.Abi → Minidregg.Compiler.NockProgramCodec.ContextMode
def	Minidregg.Compiler.NockProgramCodec.Abi.door	743e185e2cef34c43873fd2befeeaa066fb3f4ba511db1a26d548f8bc918c135	a408b579050da5448583827293cb814770a001e75ac7fe2b037fa4f320e6860a	418f7a60e280af878a9c00704ad412c6c611c430085ea3b3c9716273562c303f	f2457b8a3a1c948a	-	Minidregg.Compiler.NockProgramCodec.Abi → Option Minidregg.Compiler.NockProgramCodec.Door
def	Minidregg.Compiler.NockProgramCodec.Abi.fuel	d60009e68ffe74e4457f5d1b13eb8d5b688f535188afdb4b5c1c6270217c3df7	54840f824e7a38bc2752ff513fcd4adc05d02c9356d9d169dd9dd25ee85c32dd	cc5b6a7b10d4302f9b6ddd9da83f1cc68eeca184da35d50fa97670195ec219d6	286874731f5dd241	-	Minidregg.Compiler.NockProgramCodec.Abi → ℕ
def	Minidregg.Compiler.NockProgramCodec.Abi.libraries	a9313a327dd76643f46446b1a834c42fdd9942000528a11f112f6aa84a0a0d7b	1fa366af8478f8509188c67bf29c477f35fc78948454296aff531a7e486d9e0c	82bfef3e3ca0c16336964fdca641e5089218c7b854e8d3cfb4773c91ffc30600	bff17ed3b3871f08	-	Minidregg.Compiler.NockProgramCodec.Abi → List Minidregg.Theory.TypedAuthorization.Digest
ctor	Minidregg.Compiler.NockProgramCodec.Abi.mk	c07c6f920b23783a70748d213c1d18901476d49751d6b316fdfe739ea7a803f5	ddc858368d7ec762bcd07cef51bd3b6f083ad4ac0506e813ded3d06662701ecc	215cc015a232e88f6c5db50cba96d9024718168cff1bdf0dd68715c200854bc2	85851b6e96920680		ℕ → List Minidregg.Compiler.NockProgramCodec.SampleSlot → List Minidregg.Compiler.NockProgramCodec.OutputSlot → List Minidregg.Theory.TypedAuthorization.Digest → ℕ → Option Minidregg.Compiler.NockProgramCodec.Door → Minidregg.Compiler.NockProgramCodec.ContextMode → Minidregg.Compiler.NockProgramCodec.Abi
def	Minidregg.Compiler.NockProgramCodec.Abi.outputs	3c15761301565676fcfdb84d4414fcee464659328da24fc2fa2a162a14add173	055d1294fb2b6cbeadede54d48d5900995153df8ed675907921c7f6c0b43d238	2491be531299c3b966097485e9c701505583176c721feb06863c0a3af724cd14	99b2442dbe493d92	-	Minidregg.Compiler.NockProgramCodec.Abi → List Minidregg.Compiler.NockProgramCodec.OutputSlot
def	Minidregg.Compiler.NockProgramCodec.Abi.sample	4a49270e152c291412801ab22bd36cf28263dff1a4d3923abd1b7ce990d854db	84e55ed590d6a3a4b70002e7ab7d20a3b7267f22882253fec5cc32d1795e94c3	1199b02db680a8a0834fe2ab8a767e6f6c179466352808641bd17bcbe5a1ec04	155c9ad8bbedd5d1	-	Minidregg.Compiler.NockProgramCodec.Abi → List Minidregg.Compiler.NockProgramCodec.SampleSlot
def	Minidregg.Compiler.NockProgramCodec.Abi.version	88367a66b7b223fcbb2b22dad8c3850ebb0868440e529c59cfdee4ccf3a234bd	54840f824e7a38bc2752ff513fcd4adc05d02c9356d9d169dd9dd25ee85c32dd	f1e528c79412a30bde787cace424d7d4d788bf79c00d1418abb35889946ab0b3	ceb6452db41a818a	-	Minidregg.Compiler.NockProgramCodec.Abi → ℕ
def	Minidregg.Compiler.NockProgramCodec.AbiShape	5428a73b4f98c6b08e286c386a3ffb91dadb17b62f50a26f3f9a8a751dd67395	a22a0d6707ce452a6147df1b8065b469460dfee518dff6759c08ea88321504a2	4787c171645dc522cea718b3347c78197671581fc13584f4ccf86378319c901f	a71440cdab282f7c	Classical.choice,Quot.sound,propext	Minidregg.Compiler.NockProgramCodec.Abi → Prop := fun abi => (List.map Minidregg.Compiler.NockProgramCodec.SampleSlot.key abi.sample).Nodup ∧ (List.map Minidregg.Compiler.NockProgramCodec.OutputSlot.key abi.outputs).Nodup ∧ abi.libraries.Nodup ∧ (∀ slot ∈ abi.sample, Minidregg.Compiler.NockProgramCodec.targetPrefix.isPrefixOf slot.key = Bool.false) ∧ (∀ slot ∈ abi.sample, slot.type = Minidregg.Compiler.NockProgramCodec.SlotType.noun → slot.max = Option.none) ∧ ∀ door ∈ abi.door, Minidregg.Compiler.NockProgramCodec.DoorShape abi door
def	Minidregg.Compiler.NockProgramCodec.CellValid	061a505c040059c2bf892d91a98209a5c84718b5c1d48c0a094c8415b30ee03f	37789350ffc24f30305df9d7813482929bf9cf3ef5944e99a9aa62a8ca6ba8d5	851917363be38c71fe8981cde8251c6d10dd1b8940863e1ecfac75276370d6c6	110be884bbcce83d	Classical.choice,Quot.sound,propext	Minidregg.Theory.TypedAuthorization.Digest → ℕ → Minidregg.Compiler.NockProgramCodec.Program → Prop := fun domain cellId program => cellId = Minidregg.Compiler.NockProgramCodec.physicalId domain (Minidregg.Compiler.NockProgramCodec.programId program)
inductive	Minidregg.Compiler.NockProgramCodec.ContextMode	1101e7f3871e3d53226876e09cc42b5ea5fee2327c875f532dbadf6e6a3dc447	16946b93ac38405660f51e475eb5aa7d25b54f5e5677e0f6a10a4526cc071cbf	d46e1b0d75d81e7e71f0d317bf8ee42f74f10196fa5935c7b8f5df3eba3ff12e	f92a8cab851fdcb9		Type
ctor	Minidregg.Compiler.NockProgramCodec.ContextMode.live	fc3a9d3c3317e393e82b9791a82e8b28c2171cc45bfbf6aba1e61536be244122	c505e8e4390b75da845fb0c159d244e8bbb4bedbc25587f0f0481cb0208e25aa	e5827ceba17b09ffb986e9f80253c82057fcaa4a0a3be47bf5cec9f433849b81	ce724f3832d6052a		Minidregg.Compiler.NockProgramCodec.ContextMode
def	Minidregg.Compiler.NockProgramCodec.ContextMode.live.elim	1515a50b0b437de1faa7b0b4a840f92116e4694d4d3b07862df1305f9f23b670	626e99152172e480f26b0482cc688ac36d3a756170b083beb276a1eae9a91d81	b27eed63b2a5d726e91de787c9a8e29472ba15a396474e51f70b892140911a5e	9704f575500caaee	-	{motive : Minidregg.Compiler.NockProgramCodec.ContextMode → Sort u} → (t : Minidregg.Compiler.NockProgramCodec.ContextMode) → t.ctorIdx = 0 → motive Minidregg.Compiler.NockProgramCodec.ContextMode.live → motive t
def	Minidregg.Compiler.NockProgramCodec.ContextMode.ofNat	2f4b0765c2b43149608f052661dfa70eda5f251f511e33cd37908f8874157bb0	d0a9d8fa9453973865b41536cf8f5452bde04fe3c0b1d0a044eb9877e0bf66d7	f37a5533dacb37d267b8a2cd76e82172d87ccb3ec1576cad37f01fd856b00ed9	7a46391550338c58	-	ℕ → Minidregg.Compiler.NockProgramCodec.ContextMode
theorem	Minidregg.Compiler.NockProgramCodec.ContextMode.ofNat_ctorIdx	eb249ff3e618967c0b3008f3d096a39544f623fcfb99c4a247d00d2a04c88270	d570f510591d5aeb5ac9ad191487cc9c502fe6285461e46835ea987d1accac59	9f2285bc38e90c369c59f9ca4d2d751db92a66473ee7cdbad44f2444b8d3d943	456d8378a0c083c0	-	∀ (x : Minidregg.Compiler.NockProgramCodec.ContextMode), Minidregg.Compiler.NockProgramCodec.ContextMode.ofNat x.ctorIdx = x
ctor	Minidregg.Compiler.NockProgramCodec.ContextMode.pinned	a925a80cf7622d8ecd68e013e18e2ed80ed4339097312e9cc6c8caff7e3b2806	c505e8e4390b75da845fb0c159d244e8bbb4bedbc25587f0f0481cb0208e25aa	2ec0f033246e861ca2c41c801156c131957a5f263b69055b51c2900d28e221dc	982d94928059a576		Minidregg.Compiler.NockProgramCodec.ContextMode
def	Minidregg.Compiler.NockProgramCodec.ContextMode.pinned.elim	208dccc164e0f9299608754bcd8bb213383220cb90865515fb22a9c864b88532	fc5f681c1309779f4fe0237ea1a4bd2fd3629f9daf8824804b10aa12a8eb5db5	e8efeadf5eada73e22a1de8dab4e443cd064734b17999fac916fa687a3dd48a8	f67ab3e141786c7a	-	{motive : Minidregg.Compiler.NockProgramCodec.ContextMode → Sort u} → (t : Minidregg.Compiler.NockProgramCodec.ContextMode) → t.ctorIdx = 1 → motive Minidregg.Compiler.NockProgramCodec.ContextMode.pinned → motive t
inductive	Minidregg.Compiler.NockProgramCodec.Door	06f292de7d675adf800df945bb5c1ae425e4d6984d97880aab6aabd21e108d56	16946b93ac38405660f51e475eb5aa7d25b54f5e5677e0f6a10a4526cc071cbf	99439ad042b9cc482ae3e1d651cf8ba446a67091334bf0536eaca3a1d22a62a5	dc88d3d5642ca63f		Type
def	Minidregg.Compiler.NockProgramCodec.Door.event	e89dbe3b4f9a6556713851bf0ebe39fa9b8dd762bcc80f413b0e06d8f57b430f	1d1bf7d52529e65cfd75076e49168de27e3b6fe3ccbff873b0a63f267e389b97	b0ee94090fdc1805957df9f72f06fc7e870182d5604520cf7e2c2eb5ae733e22	dbc2a064aaa6863c	-	Minidregg.Compiler.NockProgramCodec.Door → ℕ
ctor	Minidregg.Compiler.NockProgramCodec.Door.mk	eb5bad62c351004d1fdbcb377d8ed0f415d5b1699fc86c56d4d8c147a6964455	d0f787533b7814c34bb1eea68c6fd2aad0964e4d52fe5734744b3a1831423a79	3278e67b71003695b3324cb4a711924304a7479fdb62f98ae6da99d41c4b5529	675dfabd19c93dda		ℕ → ℕ → ℕ → Minidregg.Compiler.NockProgramCodec.Door
def	Minidregg.Compiler.NockProgramCodec.Door.peek	e3982b3ed4dc6b6a6347f1684477f0e1d4d13233552d5b36c65fd8ff21251624	1d1bf7d52529e65cfd75076e49168de27e3b6fe3ccbff873b0a63f267e389b97	5324ac204496d34112a38a4f27eeca3f1eddda27715f25755879b55738ca307a	7c70873c708b9ac6	-	Minidregg.Compiler.NockProgramCodec.Door → ℕ
def	Minidregg.Compiler.NockProgramCodec.Door.state	d08561148c7057adc07b5831a6cf8b4d1ce0443b86dc4a5874d3b17e672a648d	1d1bf7d52529e65cfd75076e49168de27e3b6fe3ccbff873b0a63f267e389b97	fa53a9cb1609b2a7e72ef13706304f4799c6e55aa7cad7b22dbd4f7dc91a1731	38838e94dc42c819	-	Minidregg.Compiler.NockProgramCodec.Door → ℕ
def	Minidregg.Compiler.NockProgramCodec.DoorShape	26bce29fe0bc1fe4949342197d255a2b4a28a4fcc1fbd3aeceb83f1580a96ceb	fe726bb57cb9756f5bfe0139b011d01d852fa41da5ad528918b79e3e707f8932	6d5cac6e7781367c64ea795426d4098c2637b31a58190116543f15d94d228cd8	fe26cf9809dba8ec	-	Minidregg.Compiler.NockProgramCodec.Abi → Minidregg.Compiler.NockProgramCodec.Door → Prop := fun abi door => 0 < door.peek ∧ door.state ≠ door.event ∧ abi.sample = [] ∧ abi.libraries = [] ∧ abi.context = Minidregg.Compiler.NockProgramCodec.ContextMode.live ∧ ∀ o ∈ abi.outputs, o.target = 0 → o.field ≠ door.state ∧ o.field ≠ door.event
inductive	Minidregg.Compiler.NockProgramCodec.EffectRefusal	3cf9f22aff14f6194db45d24f5e8f6915bb17ae6252bbe2dcbb7bfd933e792cf	16946b93ac38405660f51e475eb5aa7d25b54f5e5677e0f6a10a4526cc071cbf	bfeefd892cc4bae504bc88383babb0d573a8142035aa684d54a139bee0d6383b	1d3810020baf2b90		Type
ctor	Minidregg.Compiler.NockProgramCodec.EffectRefusal.effectNotWrite	7018149cf7825ccf70f2a48c1b1e621f396d604e118dcf259f1f251e884d2d42	0983d4da4135a87c03023db47fd1d62f430cba61e950f3a5998921126f7e0e13	0d54a3d921dc646ec580fbca914b53ecf49c546c05d9f0665f972f7ba14f5203	bdb3fd6b0a76b5ef		Minidregg.Compiler.NockProgramCodec.EffectRefusal
def	Minidregg.Compiler.NockProgramCodec.EffectRefusal.effectNotWrite.elim	64cb38def99c04f2d5e4834c491f77d0b8e7ae763bc73bb68e7866da6e85f843	0e7cef7d936bee40b4440e4c2d9e0539a8e35afc6eaf3aac9a838a94c3e5cd55	a0cbab276d2fbf824026e08852b15e2de39f1b5c7b2785317b641b974744b24b	11140a48a2da5a6c	-	{motive : Minidregg.Compiler.NockProgramCodec.EffectRefusal → Sort u} → (t : Minidregg.Compiler.NockProgramCodec.EffectRefusal) → t.ctorIdx = 1 → motive Minidregg.Compiler.NockProgramCodec.EffectRefusal.effectNotWrite → motive t
ctor	Minidregg.Compiler.NockProgramCodec.EffectRefusal.effectsMalformed	cecef55ffbdeadb20ee704a6b52c0dffffe266eb9a73a19115c75286a039c940	0983d4da4135a87c03023db47fd1d62f430cba61e950f3a5998921126f7e0e13	217e1acfb5afa2f92e004ef89a84221157e13ebd82130f4cc6f04184029557c0	fc9e69a5e8c9f0a9		Minidregg.Compiler.NockProgramCodec.EffectRefusal
def	Minidregg.Compiler.NockProgramCodec.EffectRefusal.effectsMalformed.elim	2ab575fec7f7d09f776188fb750a015d4f27b7683298be94e6173c87a0527439	0fa4353ff149298cbd21c3317bbdbda26eaf011e966d148ea889a4d9e22026c4	efd35ba8b217a713adfc5ff52f48498c6ecb7b424aaa5946cfdbb0a6a2ff197a	fa517febedb9a222	-	{motive : Minidregg.Compiler.NockProgramCodec.EffectRefusal → Sort u} → (t : Minidregg.Compiler.NockProgramCodec.EffectRefusal) → t.ctorIdx = 0 → motive Minidregg.Compiler.NockProgramCodec.EffectRefusal.effectsMalformed → motive t
def	Minidregg.Compiler.NockProgramCodec.EffectRefusal.ofNat	584e84da9a92f91157b74c3c1742b2fdbb583bbdae12e49b7765263e805f55b6	2d2df68ecffe3c00a0afc078b5f78345c86b968c1a032d94525efe38668004d5	ab3a9edeef86dfb8b81a5406c886baf87edb180db55d19f3ea68f1de57769607	997256f79287f0b0	-	ℕ → Minidregg.Compiler.NockProgramCodec.EffectRefusal
theorem	Minidregg.Compiler.NockProgramCodec.EffectRefusal.ofNat_ctorIdx	f25c9ca1d60bf49cc862b2187f69a4b3042203e0d8ac739ac366273e2f3a3890	ae06301de35ac3ac0669a29161b1400767af30eac3ad00c67ddfa5845a2265f5	d7f2fed08f8ecb2844fbd010bc4db001335acf6d4306f13d83a024da299d172f	ab2772fd1d4d4dc3	-	∀ (x : Minidregg.Compiler.NockProgramCodec.EffectRefusal), Minidregg.Compiler.NockProgramCodec.EffectRefusal.ofNat x.ctorIdx = x
def	Minidregg.Compiler.NockProgramCodec.NamesNulFree	5fe4575c7fd25729b901eca2f79aca39474982407b90e919b8c3ebfdc9385282	a22a0d6707ce452a6147df1b8065b469460dfee518dff6759c08ea88321504a2	1446c692801ed6e4f79489dcc491bcfffdd84d1ad3bcca980373b48aac4bf7c4	12ada1b9950e5a91	propext	Minidregg.Compiler.NockProgramCodec.Abi → Prop := fun abi => ∀ name ∈ Minidregg.Compiler.NockProgramCodec.abiNames abi, Minidregg.Compiler.NockProgramCodec.NulFree name
theorem	Minidregg.Compiler.NockProgramCodec.NamesNulFree.keys	da4a1a9c953810311596da9067ae7ccdece7cdef181c5133abceff9b891ad9f4	3b96c8bb0938b192ab2bdea2c5d3d3d5e842bbef7963d433e3abb37a8318cd08	c7d4607df5adc09880458f4a1fc495442e6b71450bafbc5b36a49f97cf494309	3d9eeb06f2338495	Quot.sound,propext	∀ {abi : Minidregg.Compiler.NockProgramCodec.Abi}, Minidregg.Compiler.NockProgramCodec.NamesNulFree abi → ∀ slot ∈ abi.sample, Minidregg.Compiler.NockProgramCodec.NulFree slot.key
def	Minidregg.Compiler.NockProgramCodec.NulFree	6d7998cd4586fd0ea9412adb0a06b4b0d67a8529e0d87c94c5bf9fb9157fab7b	53867c82702c138bb58b39ee9ee8f34c8488b84a281b79c2761a3666f3612672	ef05daeab53edffea97f71c17cbdb0e408aac3a871aef2141e81bea181dd063e	9e96d1fc34083b44	propext	String → Prop := fun name => 0 ∉ name.toUTF8.toList
inductive	Minidregg.Compiler.NockProgramCodec.OutputSlot	ae401a4c7f5caa5f4d7acfb68c042ace99f791b8d38a547cdb923568800c9790	16946b93ac38405660f51e475eb5aa7d25b54f5e5677e0f6a10a4526cc071cbf	f46b9bf9d88bd4b651f558e6aab937aa165d9fa7c567a9073ca207a2b0919074	0fbb9c8066195f00		Type
def	Minidregg.Compiler.NockProgramCodec.OutputSlot.field	4a1850209d734af505a82f4f6dee1c604745be11e438fbcbf19ff50353e6395a	8a63847a2e37d6e82cd1e233e089ad8fdcbedf93cdc5ef003125b3fecd387e42	99dc03481fb966a1bf62fc96a76932fa3a5a261ef5de695cee17d66eccb4ab68	5f21ea7989b47506	-	Minidregg.Compiler.NockProgramCodec.OutputSlot → ℕ
def	Minidregg.Compiler.NockProgramCodec.OutputSlot.key	49bcbc7f3ce201995f1d175de3c88cf92671c55a1b222c792ad07fe7a5605873	c45c9e5012ff98a6231639f4ef401cd340f999faf8eebac0e957e0539c520aa9	06a4a6bbe70ace97db7f78a675bb70e97468bbec3cff089b978d0f2de92ebe5b	d5adadb705438f00	-	Minidregg.Compiler.NockProgramCodec.OutputSlot → String
ctor	Minidregg.Compiler.NockProgramCodec.OutputSlot.mk	ab20b291b49ee50d02053c76345be5da6e8fd13969003d077bef5bcc59d68d83	3945b9b80213cb855d4242990873edbcff971ef2b992659890c06a2c441e043c	b2cfa468db8d5cb553690f8ad956cf85f8ab7dd6240a2e5ef7259e66feaf9574	7bbd4a307464550e		String → ℕ → ℕ → Minidregg.Compiler.NockProgramCodec.SlotType → Minidregg.Compiler.NockProgramCodec.OutputSlot
def	Minidregg.Compiler.NockProgramCodec.OutputSlot.target	82d382ebc2ec2f63e35c52b594743e98689d32dc5cda93bc9e864246e8dfa6a7	8a63847a2e37d6e82cd1e233e089ad8fdcbedf93cdc5ef003125b3fecd387e42	822c1ece43aa4bab2d0e6bde7811ed6efd0676a0c96a647458b3a270c98297a9	aeef06722d922583	-	Minidregg.Compiler.NockProgramCodec.OutputSlot → ℕ
def	Minidregg.Compiler.NockProgramCodec.OutputSlot.type	2b59674601c7d060c42926f47b68215d838a0730591a30f3dc2be1b7e35f289c	330cd3df0cddf11bfa2045b6281bd6fc0622ea74024c7292a253f77c3b77ce80	d0768cdcbba070b08725a75402daddfed4cf12021912ba658f012f1e9c90cbf7	e3e57a81212c344f	-	Minidregg.Compiler.NockProgramCodec.OutputSlot → Minidregg.Compiler.NockProgramCodec.SlotType
inductive	Minidregg.Compiler.NockProgramCodec.Program	fbafde9e9522f8af9ccd31b02e0fc018b9334ae8bc8f8ec3117aa02369a143a3	16946b93ac38405660f51e475eb5aa7d25b54f5e5677e0f6a10a4526cc071cbf	50cea74ef613eee32ebd2736c8e37c42a56e1ff2274d9b25b6ac7687eccc47dd	fdbfc83578d0c8f9		Type
def	Minidregg.Compiler.NockProgramCodec.Program.abi	0ffb2158b7574f46f3127810aac505749b37cc9cc34ccd28227b735a9e8016da	149bddd5c7c4fe98dbe6e8102a30a2d876899967be6fbaa25faaf45b463d8f2b	eb0873d052ce0f7f9995a06df912586a3bc29b9c0008e2eee21d724cea7502f0	26303d9cc75847ab	-	Minidregg.Compiler.NockProgramCodec.Program → Minidregg.Compiler.NockProgramCodec.Abi
def	Minidregg.Compiler.NockProgramCodec.Program.evaluator	28857531fe94780229bfa3841771d60afa81ddb97b0a556e675bd07d247292d2	9d223b1c950fa4cf2a622f3162340bd05934ba63be66489eb66c8153ef663e76	c8945ae02cf34e957f28e905f700ddebb914c588a1246fa378bfdfb7a8d83719	0c995eb6db431795	-	Minidregg.Compiler.NockProgramCodec.Program → Minidregg.Theory.TypedAuthorization.Digest
def	Minidregg.Compiler.NockProgramCodec.Program.jam	3759c683a2cc49794f566856df9ffc26737684a5b36e7de656248da5eedd242f	a1550c74563a16f48675d520ab0947986157bc7160fdc6fea0cd6d3fc5f6a527	4dde383ee8ec23876fb85bfbed4a1be905e6321c783c20a8a750973c8eec946d	7dddeb32ac4ac0e2	-	Minidregg.Compiler.NockProgramCodec.Program → List UInt8
ctor	Minidregg.Compiler.NockProgramCodec.Program.mk	5efd2a1eee8384fac86dbba701591159acf5e8fbeb9a4537ee918ad3b4354525	5fc1d235497a1b489e7c6f8514710368c5b17cead3bfa193357aebf22ab044fe	571b0facd1fb28b57c37b80cdbccc0d15616437f79488a88bd1140fae7f1f856	3a112885decbee84		Minidregg.Theory.TypedAuthorization.Digest → List UInt8 → Minidregg.Compiler.NockProgramCodec.Abi → List UInt8 → Minidregg.Compiler.NockProgramCodec.Program
def	Minidregg.Compiler.NockProgramCodec.Program.params	504ff348d0cab47b0bc471afb388b50c5124c9ed47296e93153b9ed64069074f	a1550c74563a16f48675d520ab0947986157bc7160fdc6fea0cd6d3fc5f6a527	e30856aac29824d0d2a3c6c789fcedbbf5a81009dc2527523001aa4a4b884123	93b54b66775cf0f5	-	Minidregg.Compiler.NockProgramCodec.Program → List UInt8
inductive	Minidregg.Compiler.NockProgramCodec.Refusal	257dfa780219f2f472dc80cbbb3dc0563c6bac786536c08bd9266e8e5d203125	16946b93ac38405660f51e475eb5aa7d25b54f5e5677e0f6a10a4526cc071cbf	214bb1b858dfd35926a6ad1e3a0540fe4f699ecf30892ccb1b2eecf1fe55fbf1	f6f6b8c5de4774c1		Type
ctor	Minidregg.Compiler.NockProgramCodec.Refusal.abiShape	9aa4aaaee25dc7fb6c530c1fd79da65a619b8f9a747ef5732fcd98e2f364c5ad	d67624d1ec2cb05c6419a6b96c8c285a31f41d0308328a50fed70aa5fc5dc1d5	8d04f5120b1415eefc48ec800e9f196d13fc53da616cc71d8ae026cafe5d1ebc	d580059cbf466b57		Minidregg.Compiler.NockProgramCodec.Refusal
def	Minidregg.Compiler.NockProgramCodec.Refusal.abiShape.elim	e00d26c345ef9617abe113138f5585f701c30ca00d7ae8dde1f237e999270236	6480809ffd232555549f3770151e0b227fd8965f61445acbc09a79b18671ad4b	eda2fcf91e9f1287c55618bbd7880ad8f5162e5d086fb5af7e584f588fd9faf6	5ea0f79aaccdc308	-	{motive : Minidregg.Compiler.NockProgramCodec.Refusal → Sort u} → (t : Minidregg.Compiler.NockProgramCodec.Refusal) → t.ctorIdx = 9 → motive Minidregg.Compiler.NockProgramCodec.Refusal.abiShape → motive t
ctor	Minidregg.Compiler.NockProgramCodec.Refusal.abiVersion	1d75e9b5af9e4d73bf1961bacb0ba3fb41179f1a499c593a1c1ae945d800e85b	d67624d1ec2cb05c6419a6b96c8c285a31f41d0308328a50fed70aa5fc5dc1d5	7e70b1942c8631a9293ea1c607ae2ada776aecd8e7f403a5c9dae1d0f1b72eaa	f752f6fdade291d0		Minidregg.Compiler.NockProgramCodec.Refusal
def	Minidregg.Compiler.NockProgramCodec.Refusal.abiVersion.elim	9271f39d89103d61b9f8ae3e274cada04c37a30a6f2c6a85e0d74ecb9b8dff60	928adae003e9c2066fb3563673d3d8a8670552a781649aba9f33550336713a8e	3fd67f410410cd0f7c272816508299ef12daff22c4beef24932ed2feb96f5c3b	f7fd298f073008d2	-	{motive : Minidregg.Compiler.NockProgramCodec.Refusal → Sort u} → (t : Minidregg.Compiler.NockProgramCodec.Refusal) → t.ctorIdx = 4 → motive Minidregg.Compiler.NockProgramCodec.Refusal.abiVersion → motive t
ctor	Minidregg.Compiler.NockProgramCodec.Refusal.armZero	9135c2077a1e67ba6528a6f686485b2c370d68e51203addfa7b459443e44799d	d67624d1ec2cb05c6419a6b96c8c285a31f41d0308328a50fed70aa5fc5dc1d5	e58c5b8134f32945379d29eff15dafc56d138eff0ae0d899fb900fc5ecd04ecb	26fe4ea6afb88921		Minidregg.Compiler.NockProgramCodec.Refusal
def	Minidregg.Compiler.NockProgramCodec.Refusal.armZero.elim	2adcf40fc93f62ef24d808fb42d75d8a0afde240d1f91c8677fda579c4164402	261b7140ad5a3f17f05ad45c956c013bf8bdd81137a5a3deb0f4c7f69da7d8fd	c3a3983900e3a58982401a72b229581fd052f63aef748d5764fdbc0ae8fd2402	6c9c67ac40740b01	-	{motive : Minidregg.Compiler.NockProgramCodec.Refusal → Sort u} → (t : Minidregg.Compiler.NockProgramCodec.Refusal) → t.ctorIdx = 8 → motive Minidregg.Compiler.NockProgramCodec.Refusal.armZero → motive t
ctor	Minidregg.Compiler.NockProgramCodec.Refusal.evaluatorDisabled	b9c09de48df0598642267f3c532f6cba31934919639b182992fd8e848aec1953	d67624d1ec2cb05c6419a6b96c8c285a31f41d0308328a50fed70aa5fc5dc1d5	dbfff7343a7cfd98c6b64b341600cc4d52bbabe9af800c975564537cfb235846	234c6345830657e8		Minidregg.Compiler.NockProgramCodec.Refusal
def	Minidregg.Compiler.NockProgramCodec.Refusal.evaluatorDisabled.elim	47068cc79794fe3f5b06a13af23ee41af5b72980a796b9c916fd3c0913116230	fef5b06db7cf9fc232978ec4f46016db91bcebd320e3e9b9610805f78bfdacda	f0d0e376a9f432561bc2ffec244bf230c00a2a0959267dd2c4518dd104b9b80e	641325548768ccdf	-	{motive : Minidregg.Compiler.NockProgramCodec.Refusal → Sort u} → (t : Minidregg.Compiler.NockProgramCodec.Refusal) → t.ctorIdx = 1 → motive Minidregg.Compiler.NockProgramCodec.Refusal.evaluatorDisabled → motive t
ctor	Minidregg.Compiler.NockProgramCodec.Refusal.fuelZero	07db8de9c075eac63370355e89c1211d87150e4f7da409b55f1477e1e38033af	d67624d1ec2cb05c6419a6b96c8c285a31f41d0308328a50fed70aa5fc5dc1d5	477833f9a47d9048362a32e986a9b7805d06eebb3473bef4fe14685b4de88b64	b2d3289894b05dfb		Minidregg.Compiler.NockProgramCodec.Refusal
def	Minidregg.Compiler.NockProgramCodec.Refusal.fuelZero.elim	ada20aeb8d2972028c819f5a8be9e2dbf9689637bc6cb256f19187a0b5e61df3	554472b3954f03e52a33e4f16c7916619cba04585c9b56ca9be6142fbb592e47	ccb8899f330961b6ac5e1be3688621aaac02873f0da81e9f519ef014dfffa8ac	6aaaca9c720f58a4	-	{motive : Minidregg.Compiler.NockProgramCodec.Refusal → Sort u} → (t : Minidregg.Compiler.NockProgramCodec.Refusal) → t.ctorIdx = 6 → motive Minidregg.Compiler.NockProgramCodec.Refusal.fuelZero → motive t
ctor	Minidregg.Compiler.NockProgramCodec.Refusal.missingLibrary	7bf0c88ea4c241c7107ec20fa006f0b87aadcca7083e7333d325838632c59bc9	d67624d1ec2cb05c6419a6b96c8c285a31f41d0308328a50fed70aa5fc5dc1d5	b82ae2c66500631b03e8a9b73c4d543ce3241800bd17c7212c88bdcecdc3379b	b7073b62bc560ee3		Minidregg.Compiler.NockProgramCodec.Refusal
def	Minidregg.Compiler.NockProgramCodec.Refusal.missingLibrary.elim	f0d69f1ec8ddd8ac083e0b95ec3a49b61ea15bbc687786ed194bb938e7006c46	b9608ea8665d4163284a0308defe684e1563592ec792d39e470e690656bf19ac	00c2bab68872efaa595d8f1e87658b4744cb9c0b43658da0d01b2f5aed7fce85	8010e800c6856645	-	{motive : Minidregg.Compiler.NockProgramCodec.Refusal → Sort u} → (t : Minidregg.Compiler.NockProgramCodec.Refusal) → t.ctorIdx = 10 → motive Minidregg.Compiler.NockProgramCodec.Refusal.missingLibrary → motive t
def	Minidregg.Compiler.NockProgramCodec.Refusal.name	bb7c273f36cf4a456ee9388a3c9ec99fd36961ce58edce4889c7e6c9fe72557d	3cab65d23ca356c1f0b25aaf7f0bf53fb73fec12e56e743d78cd0afe74e8cf8c	e61edec92c11b1a4c6dd5b0d04f2aca5017cae6645c7e994b6d1eaed24b51d3f	7e79a494999f01c4	-	Minidregg.Compiler.NockProgramCodec.Refusal → String
ctor	Minidregg.Compiler.NockProgramCodec.Refusal.noCue	bb1afe1b1a8bce73650774eb00c7fb732838b20cefa61f34ac91c3312651cfb4	d67624d1ec2cb05c6419a6b96c8c285a31f41d0308328a50fed70aa5fc5dc1d5	4c82ac4a60c837fb19a0fa7f79702147734a4d6ac98c07f41f8ef024c05fdb1f	69f36271e8a44304		Minidregg.Compiler.NockProgramCodec.Refusal
def	Minidregg.Compiler.NockProgramCodec.Refusal.noCue.elim	df0a8873d54470877b2a7369a6e69e317c77ae77616031994f29863e45112094	d19adc471dd3495e449e28de1150cfe31a91a6b41e1444fcbd53230ccbf42d44	7b5ca74533f2fbdfc5796f970cf5471dc872004b32704d3966a879259bf58492	8ff261863f788e26	-	{motive : Minidregg.Compiler.NockProgramCodec.Refusal → Sort u} → (t : Minidregg.Compiler.NockProgramCodec.Refusal) → t.ctorIdx = 2 → motive Minidregg.Compiler.NockProgramCodec.Refusal.noCue → motive t
ctor	Minidregg.Compiler.NockProgramCodec.Refusal.nonCanonical	7256c63b92ff62e5584b67a2a32584ac1a8a4f5e7a8a468a35ed4f8d48d5bc91	d67624d1ec2cb05c6419a6b96c8c285a31f41d0308328a50fed70aa5fc5dc1d5	42a4b86c67bedbb5942ea53bb7786bf1abdbab976b6fce2f8d00cfd7561c7397	40630fe0761ba6d5		Minidregg.Compiler.NockProgramCodec.Refusal
def	Minidregg.Compiler.NockProgramCodec.Refusal.nonCanonical.elim	da4f75cff1ee43cfdb7099fdacfb3db2c68004a0cb4904c7ac4a1ca4d85dab6a	6d000e07fb22bb705a0199523a26ee645fd7793aa16a356c768e4d1b61792540	336a78c481d076adcb9654600e45da147675a1c8ddf4c6132e26a22edd5716f6	be42f3e35bbe44cc	-	{motive : Minidregg.Compiler.NockProgramCodec.Refusal → Sort u} → (t : Minidregg.Compiler.NockProgramCodec.Refusal) → t.ctorIdx = 3 → motive Minidregg.Compiler.NockProgramCodec.Refusal.nonCanonical → motive t
ctor	Minidregg.Compiler.NockProgramCodec.Refusal.nulInName	ee86ea00db0f3a0d6415d8f64c4c49c6311f2bbbde6c6a3a46262c6e6b1a5b22	d67624d1ec2cb05c6419a6b96c8c285a31f41d0308328a50fed70aa5fc5dc1d5	3bbe26d5d7cc79acf49a6768ad0ec85c764cfdd83238a78b385c350f13ba9036	74a20ef36e4a3ad0		Minidregg.Compiler.NockProgramCodec.Refusal
def	Minidregg.Compiler.NockProgramCodec.Refusal.nulInName.elim	5b6b0c80b0dfde200251f4eafc6b28b5b1e8ad919117d0cfeeaf333586ae6454	713d5479772cdbb1f5db0ef8a16c2ae82d271218e0cc6aad9d7420221a237de0	a3e4e90014577515b5e3ee5a3fb3fdc528eea19b303429821a4ef45f70e8bd02	2e712e86475a27b1	-	{motive : Minidregg.Compiler.NockProgramCodec.Refusal → Sort u} → (t : Minidregg.Compiler.NockProgramCodec.Refusal) → t.ctorIdx = 5 → motive Minidregg.Compiler.NockProgramCodec.Refusal.nulInName → motive t
def	Minidregg.Compiler.NockProgramCodec.Refusal.ofNat	d59bce55a02ecff1e26465da872cf4522a73d454871b3a96cceebddffac6834b	2b03029c4519297db9bafe89db3936bc10311abd6859e415309c7f33095ba330	27540acad94a345aa0393e81dd1ec99aeb04b2f9f47f942e1ddc05a5eee675b3	b72b7e0cbeb00496	-	ℕ → Minidregg.Compiler.NockProgramCodec.Refusal
theorem	Minidregg.Compiler.NockProgramCodec.Refusal.ofNat_ctorIdx	711e35f2a1fbd84bfbee147b9664391f65734343b7abb41c4a5e5059c95bee3a	b55e4485c4cda31ebb5f0450458917dab40b566a03fa251c86f02f09e5d180db	efa7ef8257efe97551a0d6dee56b78cf1e027c0877df63445785802f3985dd6c	7a62462e6e17ff21	-	∀ (x : Minidregg.Compiler.NockProgramCodec.Refusal), Minidregg.Compiler.NockProgramCodec.Refusal.ofNat x.ctorIdx = x
ctor	Minidregg.Compiler.NockProgramCodec.Refusal.paramsMalformed	def72602d883270e7031033de8c7d694ee039b4842237c7a3e85f42115a516df	d67624d1ec2cb05c6419a6b96c8c285a31f41d0308328a50fed70aa5fc5dc1d5	c765b1889d126cd159ab78a6ec773ad84ce1af868b83821d1f8b90da6f52189f	d67ed5ce4e8da8c1		Minidregg.Compiler.NockProgramCodec.Refusal
def	Minidregg.Compiler.NockProgramCodec.Refusal.paramsMalformed.elim	ae0173d332e0e29bfc99432c540b7b692e41e6526a29b05104d07e36b3e021eb	e6157a643bd0a22f29645bfcfd4a53d38618539bc5b2ad0a1ad08dfe9c142d67	4a1c681a95c35fa304ff152ceabfd9540aeee8d8c8df17380cb53d1d1a75dba2	88b19ba070801eda	-	{motive : Minidregg.Compiler.NockProgramCodec.Refusal → Sort u} → (t : Minidregg.Compiler.NockProgramCodec.Refusal) → t.ctorIdx = 7 → motive Minidregg.Compiler.NockProgramCodec.Refusal.paramsMalformed → motive t
ctor	Minidregg.Compiler.NockProgramCodec.Refusal.unknownEvaluator	06e229cbadd54c3f2c026a1f94e78b9df035027f44640f78b96bdd16890803c2	d67624d1ec2cb05c6419a6b96c8c285a31f41d0308328a50fed70aa5fc5dc1d5	6fbe2d5d0cff383c4a5602e5676529927f826052ab80ed393b28c0c82ce24374	2f2fba910e5e16b2		Minidregg.Compiler.NockProgramCodec.Refusal
def	Minidregg.Compiler.NockProgramCodec.Refusal.unknownEvaluator.elim	0f5da8add9e23d6810bca80e74710a0be3597d63c6d21f8761cd04c7e165fcba	8c1539cb931989d74a68714b68ad30a80561784b66012bb87aff37d1754b8e0c	ef307d054e3de78d3b3e905fe4e1e5981405e1a92a7aa35e173787d82fadfadb	a7d17ae7a28a489e	-	{motive : Minidregg.Compiler.NockProgramCodec.Refusal → Sort u} → (t : Minidregg.Compiler.NockProgramCodec.Refusal) → t.ctorIdx = 0 → motive Minidregg.Compiler.NockProgramCodec.Refusal.unknownEvaluator → motive t
inductive	Minidregg.Compiler.NockProgramCodec.SampleSlot	8188fa6d8be08803bb350774ae9370d29bab44c37b2b9d65a5660ff96c3cc35e	16946b93ac38405660f51e475eb5aa7d25b54f5e5677e0f6a10a4526cc071cbf	5c75cb9f8b0b1d8b2125e952f776dbb893652c40d86a35ae47180f0a5c36af34	cec9dee4d6804561		Type
def	Minidregg.Compiler.NockProgramCodec.SampleSlot.key	592d590cdac1acc94aea1e3d9f0363cd991a5463067304ca97e01894368ef0b2	cafc805a1ee86d523461922dbd4f2787d5e1a01bc1d5daeb1feea0b4c3abcd32	0674dcdc4d4dba0def3a64e18ab3f1206edca0a3c3f6f55d56f707c211a877c5	926b5970e687d38d	-	Minidregg.Compiler.NockProgramCodec.SampleSlot → String
def	Minidregg.Compiler.NockProgramCodec.SampleSlot.max	77aff29230ae00d689ed4cc83881c9200853889157077876cdd95076fcb7665d	8133b89f3cd751a625b9ccf1227eb7eaf6fcccf7402f25faa0fe83e186f4f002	869bc293f9ae631b99df3b885678f94afb1217a71e289b464ab034e2b9c2986a	120aa651a7dd1c51	-	Minidregg.Compiler.NockProgramCodec.SampleSlot → Option ℕ
ctor	Minidregg.Compiler.NockProgramCodec.SampleSlot.mk	c3e0937bba8c00ff850e3e2e4e51c8e7ceb0184694543dbea17763fa67c07b63	0faa9b6f01a734ae8a4f0e1387e62b9737a9031563f310db45e862d1ad99461f	265c5a0cdb8e662021b897a1be13d89a5d52a71b5bea7de6a43d71cf87fb0ebd	bd72bc83a153e0f6		ℕ → String → String → Minidregg.Compiler.NockProgramCodec.SlotType → Option ℕ → Minidregg.Compiler.NockProgramCodec.SampleSlot
def	Minidregg.Compiler.NockProgramCodec.SampleSlot.slot	6c592b7a73f0796d893a274459eaeed1091a6b61557b855fc0f16485531bcaf4	cafc805a1ee86d523461922dbd4f2787d5e1a01bc1d5daeb1feea0b4c3abcd32	cac4459287eae9f8ec2062cad06e9135d4072ab72be6ab02f7ece9ea3e2ec184	85cb52109ae141cf	-	Minidregg.Compiler.NockProgramCodec.SampleSlot → String
def	Minidregg.Compiler.NockProgramCodec.SampleSlot.target	09e78b7b7eb6c6ca907520fe8e901cabdd3599f19f4a802a6353f59da568201b	878c2f738d71ee6b97a3203851d022df61581ff32dd17c02c9ef75e500099550	29378e53c7d0c848128df859d242a9e76415b05b0d558e4da2940d9664fd4b61	4e70cd89e85c4f6c	-	Minidregg.Compiler.NockProgramCodec.SampleSlot → ℕ
def	Minidregg.Compiler.NockProgramCodec.SampleSlot.type	8059b067c57cae5e7f54c1ed0e654ff6bb03f21f5680d4c2b6817bddc7b4ce83	2d2afd15787d4984a5b232196acd01a416ab8dd08dca5492b83a2ea825bde012	4ab79a7a423c4671d4cf57a1fdefc50e2247d03bd68321bea8cb3081ed835653	779edcee147b4d82	-	Minidregg.Compiler.NockProgramCodec.SampleSlot → Minidregg.Compiler.NockProgramCodec.SlotType
inductive	Minidregg.Compiler.NockProgramCodec.SlotType	ad802f109b6a6f6e1b742341428355de2f11a47c502ede988cf0643d531348d1	16946b93ac38405660f51e475eb5aa7d25b54f5e5677e0f6a10a4526cc071cbf	48470271ad0299615da83998d48a2af945044710998778c9b70f4b28933dcbdc	f62c3eacb78512ab		Type
ctor	Minidregg.Compiler.NockProgramCodec.SlotType.int	6afc2b014d9a15a627069660fc6062a296d20065cebb2a2c82b94af796701002	37be11162f087a60f8eea7f502c571c46e2595dd1f4da969b53e30ed494421ca	a813fe27c0ace076c7454b25a3edcf697e64c5b20046b3dd76e98cab3dab0ed7	e09a0c6783bd4f5a		Minidregg.Compiler.NockProgramCodec.SlotType
def	Minidregg.Compiler.NockProgramCodec.SlotType.int.elim	841f65022dad8f3f107bf22585d5705a18a16956b7ba60112e72b068ced93a4a	31ed6309f0f4f78f9df7a1a3a0a3f6c7dd60a1b5ca3af56e65347a5ba4410553	5cdeb317676adc5fe9e52d68c0174629777ba1f2b791d4671c16378b9e7ac709	6013ffd19a07faa4	-	{motive : Minidregg.Compiler.NockProgramCodec.SlotType → Sort u} → (t : Minidregg.Compiler.NockProgramCodec.SlotType) → t.ctorIdx = 1 → motive Minidregg.Compiler.NockProgramCodec.SlotType.int → motive t
ctor	Minidregg.Compiler.NockProgramCodec.SlotType.nat	804fd832504893d1b3a85f3480f9c595caece8f610088256552e648d2d09bd88	37be11162f087a60f8eea7f502c571c46e2595dd1f4da969b53e30ed494421ca	ff2094fdd45922c47493bb76662f03aff41722440bc17412efb0ef67d50d8277	55b56f69b0479647		Minidregg.Compiler.NockProgramCodec.SlotType
def	Minidregg.Compiler.NockProgramCodec.SlotType.nat.elim	ae2e7199c2346a4b8d966ab87bfdbbcde2b862b746463f4ec432ef4340098f91	73ed433601df40abe4b78b758eb7bfc5a71ef4197c1bc57bb95393f7d9512291	325fa6cfa617b44131b67917546b3be9ab3b32552508008bfd0afd17e26872fa	6ffc77784e3835a4	-	{motive : Minidregg.Compiler.NockProgramCodec.SlotType → Sort u} → (t : Minidregg.Compiler.NockProgramCodec.SlotType) → t.ctorIdx = 0 → motive Minidregg.Compiler.NockProgramCodec.SlotType.nat → motive t
ctor	Minidregg.Compiler.NockProgramCodec.SlotType.noun	671eeee136d7089c4a69a0d28a123925d21a6823c46385747f4888e34d13602b	37be11162f087a60f8eea7f502c571c46e2595dd1f4da969b53e30ed494421ca	90dae308c907eb5b3e202d40fbad6faa48b2af4ee9984c815476068c037ddc5a	7ddbe4adfb256b75		Minidregg.Compiler.NockProgramCodec.SlotType
def	Minidregg.Compiler.NockProgramCodec.SlotType.noun.elim	199d229f8741fcf21492fe24adef63520452a4cc1c51c9aa38cc1a0d139e335d	66bc49b009a3eeb8be93ec733e5424566998795c6130b04918bff3b7d190c8d8	f56955ce67ef452f0d9547ba9c372258e36da77e490401ef5b65e6cf5a951aca	f7287b36180b19fd	-	{motive : Minidregg.Compiler.NockProgramCodec.SlotType → Sort u} → (t : Minidregg.Compiler.NockProgramCodec.SlotType) → t.ctorIdx = 2 → motive Minidregg.Compiler.NockProgramCodec.SlotType.noun → motive t
def	Minidregg.Compiler.NockProgramCodec.SlotType.ofNat	9e8fcee9b25a2a9cc146be58f5125d9263db93551da0f1191ac2b9ccd08c87bb	9d05b8a3d88d2fd7c85dfd337e6c5cbe365f698fc6c3ccf75a25604a03a4664a	384c164a4f18d6c257564768cbe8536dae14b7676dc3006700b6322263938945	ce4908578b672e7a	-	ℕ → Minidregg.Compiler.NockProgramCodec.SlotType
theorem	Minidregg.Compiler.NockProgramCodec.SlotType.ofNat_ctorIdx	875fb3f30661fa893e91cb8f802975260ca4b8e483fe9034ac4c631fb9934730	8869e0513be715f940c08bb1eb48042b7bcd41b03cea099f9f9753a84b1410d9	d2985a3b0a23dbea8d6b3fc85fe3fd20b024aea0d8e2736bc48943226da03ef1	6f17cf14420ca33d	-	∀ (x : Minidregg.Compiler.NockProgramCodec.SlotType), Minidregg.Compiler.NockProgramCodec.SlotType.ofNat x.ctorIdx = x
def	Minidregg.Compiler.NockProgramCodec.abiCodec	52b8c30f0487f16cde90422b48a524159f7a09df3bad1578f217c2a7a3b8b012	f6e61f91a53a25295e65cbe37bd6319321422d1a2b29fef6e0f0e428d30ffd9e	bf980c9941b39ea293d9bf0e29292660b37ee463d6739db9f0c5a5b0afa8398a	68125d6dc4e71bbb	Classical.choice,Quot.sound,propext	Minidregg.Theory.IndexedProgram.LawfulCodec Minidregg.Compiler.NockProgramCodec.Abi
def	Minidregg.Compiler.NockProgramCodec.abiFrame	affcf0e20f83a3fc24ffa81ef3e44083be8fcc5de6bee3a75de04acf3503dd67	268fce01293bcb84de059c093737d89d8980bbc789bd14e1bc6693665008f358	85eedc5b34f37edc0df7ebe95a17d19b51a145dac0da67a17d771b1b455d6b2c	726168fcf7e32c38	-	List UInt8
def	Minidregg.Compiler.NockProgramCodec.abiFrameV1	c089d5a65734f24f1986930196b8edcec2723e2c3555f19fd20fe496ae9f6a0f	268fce01293bcb84de059c093737d89d8980bbc789bd14e1bc6693665008f358	8d359bb529e5b973ca0a941fdb1187b40332295529ca9b88f92c4fcf135b2d98	448574cdf433f338	-	List UInt8
def	Minidregg.Compiler.NockProgramCodec.abiFrameV2	e099fc4c1e36754d27d7fd861442f5da59774f7787b62efda034119710745884	268fce01293bcb84de059c093737d89d8980bbc789bd14e1bc6693665008f358	6b515e1f8a05dc6bee2cee85bdecf7935b026754d6ca161fd22804ed34928556	fcc29b20c9518afd	-	List UInt8
def	Minidregg.Compiler.NockProgramCodec.abiFrameV3	0eb01f90ead2c8cefc5a2aeb68e890854787d215c06842c6ec8400cb79ba927b	268fce01293bcb84de059c093737d89d8980bbc789bd14e1bc6693665008f358	4d153d624e7e2ff84bcb704e6f5ea70a66053268e462c208e90658409a48c3d5	0615d897d0519640	-	List UInt8
def	Minidregg.Compiler.NockProgramCodec.abiFrameV4	49e426b5f54278dcfd55dbcddbea97cf9f34d1be95a2936ac32ca5d51bda1bb4	268fce01293bcb84de059c093737d89d8980bbc789bd14e1bc6693665008f358	2a8f71507ad4fa5e2c7f498efcdfe15a1eaf8238b57adb84b5cf90a9b0f6f5c2	2ae83d978cf38f1c	-	List UInt8
theorem	Minidregg.Compiler.NockProgramCodec.abiFrame_spells	480f55984858c8ecde9157bafd5d50cea5d653078ed1dada60a60b51288bf36f	cca9a7c6c5f0e7ec147429d8ce6c917ce23cd897fdb7ea2988c6dedf8e6f2287	75c1ffaf5478d1d307d3f7757a96578c9ec818ffc2dca9542046c768e5860989	1a4a361131d4ea51	propext	Minidregg.Compiler.NockProgramCodec.abiFrame = "DREGG/ABI/v5".toUTF8.toList
def	Minidregg.Compiler.NockProgramCodec.abiNames	0d3b5e17ea31cea6c771b100902ef8652e1e9ea670455ccab63ea84367ef2489	1fc6e40609863a222cf51283542f910a7ef82750b2648d952f7e8906458b6444	c6cf41896994b01876ef657634e5c3c92ec39cf11d1c57e7191289f443bb5967	056c1d186b465f9d	-	Minidregg.Compiler.NockProgramCodec.Abi → List String
def	Minidregg.Compiler.NockProgramCodec.abiShapeDecidable	03958bfb9cfe24ea9b17af2781f9a1ce7eb20712af0fc5d1b5ca4929f8a77cb4	55f05f83d85ca6fdc64a3907722a7f2a9113243d0d55aba441f59ae91c7286bf	c7d5f9e1bc8c0b7c2372ca4a0ffa57468ecc9e5d8fc796d33df5441288ac4a0c	037e01cea60c3a92	Classical.choice,Quot.sound,propext	(abi : Minidregg.Compiler.NockProgramCodec.Abi) → Decidable (Minidregg.Compiler.NockProgramCodec.AbiShape abi)
def	Minidregg.Compiler.NockProgramCodec.abiStream	f607735c417966e975176af8a3eaa4c856716f759cfd3a53e7d01c7dfd3ee577	89a8c05183c011c44a0e6cd39a20352fbe8f6f89c4dcb833c466555761d215e0	4b55701943cbebd152b3a74041ffa76160bcb8113fc7a627762745be6736d013	3608c09a3c50a7e1	Classical.choice,Quot.sound,propext	Minidregg.Compiler.Tower256ConcreteBackend.StreamCodec Minidregg.Compiler.NockProgramCodec.Abi
def	Minidregg.Compiler.NockProgramCodec.abiVersion	1e96f1d2c04bca4323b96ae680f0324dc1ddf38f008d7ff55b2ec2300e71b111	262031efa78118253ab59dd88036fcb9d33881bac4c94e8c1214aa7cc21b5d15	adfed0bcb81523289d50b7d20b8f03c83a9e10092afdaa9c22da9f7f8550dad5	88de7a5b909d79e4	-	ℕ
theorem	Minidregg.Compiler.NockProgramCodec.abi_canonical	e2f594c2954333f7b8cb85dff0cd18433596d46e399cb0edb38d947bb16211a6	43a2818962e220988be61069e6c70e59898f05b002e497684b1c7cb88dc6314d	7d79df1c0ec629ece32d03d6f4de27f6a4a7a353e9b48a9072d2c9f0cdff2dce	e9275b83748914d6	Classical.choice,Quot.sound,propext	∀ {bytes : List UInt8} {abi : Minidregg.Compiler.NockProgramCodec.Abi}, Minidregg.Compiler.NockProgramCodec.abiCodec.decode bytes = Option.some abi → Minidregg.Compiler.NockProgramCodec.abiCodec.encode abi = bytes
theorem	Minidregg.Compiler.NockProgramCodec.abi_old_frame_refused	28df8e31f78338cf23f47c5c28405b47e33703c1d7aeb7780e1badeb1626bf53	0c9b800a9f420a9276eff90046e9c5576c129814ce9b72cc745fcd70bc09c8e4	6e1e02ea6ea71b5f48ed8332c9a30374716e76938f9d98ae6e615491017a1fbc	293a03e1dce033ac	Classical.choice,Quot.sound,propext	∀ (rest : List UInt8), Minidregg.Compiler.NockProgramCodec.abiCodec.decode (Minidregg.Compiler.NockProgramCodec.abiFrameV1 ++ rest) = Option.none ∧ Minidregg.Compiler.NockProgramCodec.abiCodec.decode (Minidregg.Compiler.NockProgramCodec.abiFrameV2 ++ rest) = Option.none ∧ Minidregg.Compiler.NockProgramCodec.abiCodec.decode (Minidregg.Compiler.NockProgramCodec.abiFrameV3 ++ rest) = Option.none ∧ Minidregg.Compiler.NockProgramCodec.abiCodec.decode (Minidregg.Compiler.NockProgramCodec.abiFrameV4 ++ rest) = Option.none
theorem	Minidregg.Compiler.NockProgramCodec.abi_roundtrip	c66a54d731bec6b2eee0b0f2c606f1f691c64aa7173f1b22ecdbbc22eaa3b260	7f3e0829b6e34cea20ca91205a1181e9ab139c388c8cd5832885d4bd2ba7c87a	0ebae605cde9b9f75ce3e5054aff596f929325ec39eb093f13466a5f3234f0b4	7f76d94cc6d078cd	Classical.choice,Quot.sound,propext	∀ (abi : Minidregg.Compiler.NockProgramCodec.Abi), Minidregg.Compiler.NockProgramCodec.abiCodec.decode (Minidregg.Compiler.NockProgramCodec.abiCodec.encode abi) = Option.some abi
theorem	Minidregg.Compiler.NockProgramCodec.admissible_jam_eq	c06b38224b5e2fd10c03a328d478e16ac8b56a9c7e1d4f45c41c83500bcb249d	34b8a72b324f7671f015bd6cf74f9c5fb342a4cc0311288ac622fc72a66dcab6	47d17afe7e14979e243be55d2dfad9d09d6d9a54fb33403a5c01949806a6652a	d02d52a541078b82	Classical.choice,Quot.sound,propext	∀ {program : Minidregg.Compiler.NockProgramCodec.Program}, Minidregg.Theory.Noun.canonical program.jam = Bool.true → ∀ {n : Minidregg.Theory.Noun}, Minidregg.Theory.Noun.cue program.jam = Option.some n → program.jam = n.jam
theorem	Minidregg.Compiler.NockProgramCodec.admissible_jam_unique	6ac53226bc7209c7befab2391deeeb7c8ca6cce4407f832920250e15bfba785d	7abdf7af2ea650f266440bcb3c0c6948da5ade0ad263594450ed726dabc2c521	a7bb0d3aa0b55a7708bfd1c3baefb31d7c959cc3f469fcd596b54c091e468256	648da9f0a56c019c	propext	∀ {left right : Minidregg.Compiler.NockProgramCodec.Program}, Minidregg.Theory.Noun.canonical left.jam = Bool.true → Minidregg.Theory.Noun.canonical right.jam = Bool.true → Minidregg.Theory.Noun.cue left.jam = Minidregg.Theory.Noun.cue right.jam → left.jam = right.jam
def	Minidregg.Compiler.NockProgramCodec.cellValidDecidable	cfb34a00d898a5c047a9f8ac48f6d31ebe05974dd0f3a0006b4d906fc62ffedf	b7cd2ac660d58a7fd2b76885875bba43d6a718dfb0ffd2c3afdd6081ef27f796	31ff78646295b1a2068f5f1cb8e92456d30b8f83752a4bdbcb6297bd2843f50a	a88dadb9088cc314	Classical.choice,Quot.sound,propext	(domain : Minidregg.Theory.TypedAuthorization.Digest) → (cellId : ℕ) → (program : Minidregg.Compiler.NockProgramCodec.Program) → Decidable (Minidregg.Compiler.NockProgramCodec.CellValid domain cellId program)
def	Minidregg.Compiler.NockProgramCodec.codeCustomization	39f1ba5cb9ed3e0c8e036be4a0497da1c97e947e23d206ec5a48f1b2b0132c41	268fce01293bcb84de059c093737d89d8980bbc789bd14e1bc6693665008f358	b6abc0033bc34083b7fc4372e7a63738812bf105502cc6a9c15558947bdac250	cd8b7a9753da62e1	-	List UInt8
def	Minidregg.Compiler.NockProgramCodec.codeDigest	0ab1f6208a521faaf9bf187360718d13ba29148f16890528011f3d6f747c1ed0	9dd750348cef15a1fe9e683e8750019e6567eb7353b1245acce0f759553046d3	5319807b9fee20a4581f18c3eb9d30e4f14915d5017cf44ddb5fcdfd74ac3bf0	77202027d5dfe38e	Quot.sound,propext	List UInt8 → Minidregg.Theory.TypedAuthorization.Digest
def	Minidregg.Compiler.NockProgramCodec.contextStream	a3cc548a355031e9eb78e4988329c62a5b750154a42b14cd22f1bb4f6d9a3b64	a58cc335de3a7584909af2a22f84078493652b5ef5fe7c80593fa4c1b3cd182b	86eb5c5daeb25526bd9a9fe3ed44e3194803a131c90b895d0da362a307807c5a	871cf9bd482679c2	Classical.choice,Quot.sound,propext	Minidregg.Compiler.Tower256ConcreteBackend.StreamCodec Minidregg.Compiler.NockProgramCodec.ContextMode
theorem	Minidregg.Compiler.NockProgramCodec.customizations_distinct	8fc82350f3c988308c42a896a5555ea39f14e73018a96130d0edca3ae60b862b	95b8b798aec1ccf23e58eeb0d67043681dfad463ea44889b432ee012e9dd9593	baa694e05557ec4f09f3a360e530b1f9b06f74f465d6d01188398f02ccd5d83d	b7001a44e62fbcfb	-	[Minidregg.Compiler.NockProgramCodec.codeCustomization, Minidregg.Compiler.NockProgramCodec.programCustomization, Minidregg.Compiler.NockProgramCodec.rootCustomization, Minidregg.Compiler.NockProgramCodec.idCustomization].Nodup
def	Minidregg.Compiler.NockProgramCodec.decode	eda6aabd47b5684ab929c65a96288880c60c857d5918c9f08ef725179e3c89fc	6fd516ec24fd3131d9ad4882ea502c7bf6920750c43527b4666a4d1c05dcd52f	966117423f8a8f868cf6537fa7414721b896c38b55aa05290381148223005abc	267cfdb09c2b6832	Classical.choice,Quot.sound,propext	List UInt8 → Option (Minidregg.Theory.Store.Store Minidregg.Compiler.NockProgramCodec.layout)
def	Minidregg.Compiler.NockProgramCodec.decodeRaw	bbd081206c7d40aec8c31547901934cc903b14fe8c3695aeb1ae2b4438e075cc	6fd516ec24fd3131d9ad4882ea502c7bf6920750c43527b4666a4d1c05dcd52f	c9b77f2e0f79f65e4336e81b68a9976579323ebe9082c5d2d696af2362114813	0093ed2c6e25418c	Classical.choice,Quot.sound,propext	List UInt8 → Option (Minidregg.Theory.Store.Store Minidregg.Compiler.NockProgramCodec.layout)
theorem	Minidregg.Compiler.NockProgramCodec.decodeRaw_encode	06002620d0e1d5cf9b5a77edd62ace414834bbad5156f9d6a62bca051f1480d4	f06c4121b01a421ac730555311b13498c962a561ad224a97f02f5b679ca8f513	79b0aae28e1a93f114d2dfe2d6072a7002ccfd7433e6aba00f366020849da7c6	44702d6092bf4d03	Classical.choice,Quot.sound,propext	∀ (state : Minidregg.Theory.Store.Store Minidregg.Compiler.NockProgramCodec.layout), Minidregg.Compiler.NockProgramCodec.decodeRaw (Minidregg.Compiler.NockProgramCodec.encode state) = Option.some state
theorem	Minidregg.Compiler.NockProgramCodec.decode_canonical	f4ca712c9c27ea5f6a0f56efb39d673ef7a46b43d3f3ed964fc58b48b4e85e96	3b3ffa9cf9d0bd38ed6b0d4bea67175c4291f8a0fae9bae6f8609cf9ccf24009	6e2c53506528017cd4066e9e7d9ad2a993c757469326ff52495e31a385922b92	fbb60510b9ed94b8	Classical.choice,Quot.sound,propext	∀ {bytes : List UInt8} {state : Minidregg.Theory.Store.Store Minidregg.Compiler.NockProgramCodec.layout}, Minidregg.Compiler.NockProgramCodec.decode bytes = Option.some state → Minidregg.Compiler.NockProgramCodec.encode state = bytes
theorem	Minidregg.Compiler.NockProgramCodec.decode_encode	9e4a108f9fa52036a3b4bdb85abfab36e8f385448239dc5e35988d1f5feb03d1	a40a9b81987b9246047a738d326c34051a695a1e8365e615c04a2bd883f628ce	8fcb0b36cc97bef0b1ae06781a2d94a449b0d39ba0a6aadd6c245afb96ff2f20	981649644345b29a	Classical.choice,Quot.sound,propext	∀ (state : Minidregg.Theory.Store.Store Minidregg.Compiler.NockProgramCodec.layout), Minidregg.Compiler.NockProgramCodec.decode (Minidregg.Compiler.NockProgramCodec.encode state) = Option.some state
def	Minidregg.Compiler.NockProgramCodec.doorShapeDecidable	9c566c0e61d82257bd13047e2be89730f16acdc9c54c7730cce2b67b8c58c09b	1a1292c76f4e0e51583879f5707af11887dced7d34a6eae616d11a2e18c17621	4c47e3f460d960d1373ef931f6d7b1a8314035b9379f8f24d771fcc3aa3b35c0	f90fd9e69f5a94a4	-	(abi : Minidregg.Compiler.NockProgramCodec.Abi) → (door : Minidregg.Compiler.NockProgramCodec.Door) → Decidable (Minidregg.Compiler.NockProgramCodec.DoorShape abi door)
def	Minidregg.Compiler.NockProgramCodec.doorStream	0094a9fff0d68c07f03f4b1939e4743c4d4e0d2fe30fe7f03970355363fb6f2a	9aa29c0e5bb72f9975609eff94f688dba6af94760e57ac82d684293d8f7da420	781dccdfaac17c1d6d87a4b30419611952aecfa11e168dec13b3e45a41289d86	b584336340c76f40	Classical.choice,Quot.sound,propext	Minidregg.Compiler.Tower256ConcreteBackend.StreamCodec Minidregg.Compiler.NockProgramCodec.Door
def	Minidregg.Compiler.NockProgramCodec.encode	cc9559b7b7643812e9576dfc1b880c3c394ea380c3e1d6bda0594cfdef094d25	feb0fd4729c42d08e633417c9886f793ccdbd9b7920358dc47ac087520d3f5f3	735a44678526cacc7598115a73aad6ec52a1121bb5a085aa1454a5376f54f9b5	4ddaf591993d3c1f	Classical.choice,Quot.sound,propext	Minidregg.Theory.Store.Store Minidregg.Compiler.NockProgramCodec.layout → List UInt8
def	Minidregg.Compiler.NockProgramCodec.framed	12967e067307b08ad9996549b69aeaa525e24d278d8896611b5fc40c5c378bae	ad4562aa5ea0ab99b8339d3adab28e274a4e20e1b74cb05fe65fbc18c92f8418	329ff63c758fbeccc018732fc52dab871d7e84658080db5fc8df2a51697b207c	9c54fb6d5f7429ee	propext	{α : Type} → List UInt8 → Minidregg.Compiler.Tower256ConcreteBackend.StreamCodec α → Minidregg.Theory.IndexedProgram.LawfulCodec α
def	Minidregg.Compiler.NockProgramCodec.framedDecode	474f53c7ab3f798c6e929fe69296d7372d7893b8b782f628c6be8826f8f19d47	a05aa3c3a7bb5acd3c6cb4f84316cb6c10a7feef3147ffa55ae8e0ac1e7f183f	f60f23b4dcecbd7ecd229759ceda32085b44bcf39c01c7c4527079e8437498fb	31f598ef4812bb2e	propext	{α : Type} → List UInt8 → Minidregg.Compiler.Tower256ConcreteBackend.StreamCodec α → List UInt8 → Option α
theorem	Minidregg.Compiler.NockProgramCodec.framedDecode_canonical	e782fcee5ebf4a37fe8676e630f3ff513321dd2f71965edd89f805d20168d23b	21bc12bb496e0a7389196725f92412f078dfc92f47a40dc097d96385d8f3c409	3af6f36df64f4db58fea84ea3470e3ae484bce17926f3eb4f2cad4a0d78dde32	716490da0e8b3f41	propext	∀ {α : Type} {frame : List UInt8} {stream : Minidregg.Compiler.Tower256ConcreteBackend.StreamCodec α} {bytes : List UInt8} {value : α}, Minidregg.Compiler.NockProgramCodec.framedDecode frame stream bytes = Option.some value → frame ++ stream.encode value = bytes
theorem	Minidregg.Compiler.NockProgramCodec.framedDecode_encode	a78847cba2f7d1be1b660dc4675576c68d096fe3f8d37336fc748efc799ae20a	d50d06143b9bb2bdc6c50ae557c3e22546e2e0a20d3cfee408cb38516d51b524	f408f0b07982e529eec508d31fbbc5c8a892e6671117b085d22244155867c0d0	73f80026b1236a9c	propext	∀ {α : Type} (frame : List UInt8) (stream : Minidregg.Compiler.Tower256ConcreteBackend.StreamCodec α) (value : α), Minidregg.Compiler.NockProgramCodec.framedDecode frame stream (frame ++ stream.encode value) = Option.some value
theorem	Minidregg.Compiler.NockProgramCodec.framedDecode_other_frame	5a6181a1b2a4290b41b68c2512075415d100b1138b546b2c9a00598fb96db6f0	cfdaa6eeb6bbb36735f3b062446a8eb976a4ba31f157782eaa1b7c24277bd021	b207cbf73e294ec634d152c283c9027d242e063d31508248fbe2e0097170335e	d343a9119368072a	Quot.sound,propext	∀ {α : Type} {frame old : List UInt8} (stream : Minidregg.Compiler.Tower256ConcreteBackend.StreamCodec α) (rest : List UInt8), frame.length ≤ old.length → List.take frame.length old ≠ frame → Minidregg.Compiler.NockProgramCodec.framedDecode frame stream (old ++ rest) = Option.none
def	Minidregg.Compiler.NockProgramCodec.idCustomization	8bdc36db78ccc6a83a980cd9fe2e1d0e00e2e6e43321fd50d5ccfc594c457c42	268fce01293bcb84de059c093737d89d8980bbc789bd14e1bc6693665008f358	3048b9d35f973553d58ff5e01fb6b445bade19146d94d6ddcab9f0753a00e952	87db3e7f206b3896	-	List UInt8
def	Minidregg.Compiler.NockProgramCodec.layout	25e675cf6f5fbe525a7572275b714248db37832b80218b28c031b70737b79bc0	dad500dfb65855651d9c20aebc7c049ff4c45e048a2aac0189bf686476ee35b4	4fd68f571f88dc3dd8dc3fff7a9562b45df1d5efb46ea909799cb8367ae6a030	6a183b83e7ff5eb8	-	Minidregg.Theory.Store.Layout
def	Minidregg.Compiler.NockProgramCodec.materializer	850b997653dea54d3407c8032c59de56b18311d21e60bf1b2159426dbcdd82ab	33c80f7a120a2a2324f3b6a7e11b72a70bf8f3f8a61e80cfc162127891d40452	fdc8ce269fa4ae3e4ff41e56c5a87bd151d7f031b1c63ae208b14c9b17fa700e	43bddca94e78a1d4	Classical.choice,Quot.sound,propext	Minidregg.Theory.CellState.Materializer Minidregg.Compiler.NockProgramCodec.layout Minidregg.Theory.TypedAuthorization.Digest
def	Minidregg.Compiler.NockProgramCodec.namesNulFreeDecidable	ae65dbe12437120a342e54ca229aafb9617a08cd249fb14fdc27d4d2128e58d4	5f062939f0c7835fe039097c5b69f3571eebd6166951d111aeb891d913ce0d02	b017ed1895184870dc5c212ad3c9e08f53f5c460c7660dea63a4315947fdde91	193d831c82ecb259	propext	(abi : Minidregg.Compiler.NockProgramCodec.Abi) → Decidable (Minidregg.Compiler.NockProgramCodec.NamesNulFree abi)
def	Minidregg.Compiler.NockProgramCodec.nounMaxBytes	9966bdc1bf4dd9c49e4b2b60d06565fcbae9676043b0773d0517b08c9ae88c67	262031efa78118253ab59dd88036fcb9d33881bac4c94e8c1214aa7cc21b5d15	fafa1580ebf4ab2c33f2a1ca95743b1489f3b608367d1787045e3dd104d24923	4e14154cf48de3a0	-	ℕ
def	Minidregg.Compiler.NockProgramCodec.nulFreeDecidable	b85a5d6286bc2b4f80be33d3a7bf53dc706625422ed5239f2144ba8e42176ab5	41024dc1ca33229338e6122e75c6c0b10c2e3a8e6ee433f57c69ec48dc19c250	20e15100574b3754428cf2bc7ebee0678fd610e5596dcf59c59ab6c6dd170752	589f3902824a5bca	propext	(name : String) → Decidable (Minidregg.Compiler.NockProgramCodec.NulFree name)
def	Minidregg.Compiler.NockProgramCodec.outputSlotStream	65c9ed95181612067cc2c5c51c29b58cb59a9bedb0bdec6d89b3c2cc8811b649	db55921f8b5941b8eff534eb94a59d0a1444ba261e01445624809ddad9acc327	8e0667f9fc7c986f4b170398a0649a72dc937029d67cccb2b1554a6296eebf11	1cfeae8e396070a9	Classical.choice,Quot.sound,propext	Minidregg.Compiler.Tower256ConcreteBackend.StreamCodec Minidregg.Compiler.NockProgramCodec.OutputSlot
theorem	Minidregg.Compiler.NockProgramCodec.padded_refused	21054dd5371241d3bd582a6b6db2202ee7ef9447d7f4c0ed693028aa8d8adc33	37fe914f795d433132228650a09596888ecf9d98dfa81f47dc41e1fe635d2813	9e96212f3c042c9b9abd5c08668240891b7ba31a327cc7de829519b4f79c4685	803e1237ab8e423a	Classical.choice,Quot.sound,propext	∀ (jam : List UInt8), Minidregg.Theory.Noun.canonical jam = Bool.true → Minidregg.Theory.Noun.cue (jam ++ [0]) = Minidregg.Theory.Noun.cue jam → Minidregg.Theory.Noun.canonical (jam ++ [0]) = Bool.false
def	Minidregg.Compiler.NockProgramCodec.payloadStream	f3cae4bcb0c7a526cef4fc1b94d165edd3f197f4c6d85618ab1668483580a7bb	9e85f407fd4776d33134b0ff8ae5bb484b80abba4d921d4558ff9adb312dec36	b316292ca39deef4b38234f41592f438c29a418c8875914d58278fda4b974115	5ace3cf3d92d593f	Classical.choice,Quot.sound,propext	Minidregg.Compiler.Tower256ConcreteBackend.StreamCodec (ℕ × Option Minidregg.Compiler.NockProgramCodec.Program)
def	Minidregg.Compiler.NockProgramCodec.physicalId	01812bfc64005dafd45bfd457c0970f4970111c6bc08be4945c9a187338653ac	e120358f3ca00a0fa2c1b7be3b53d2a10af71da8b30edfad3ad96f949c688e6a	3ec0ab8029e1964ecd196783df4284a5c4f65aac96861323d4615dbe6cfbb80a	365ba48d1e8dffa1	Classical.choice,Quot.sound,propext	Minidregg.Theory.TypedAuthorization.Digest → Minidregg.Theory.TypedAuthorization.Digest → ℕ
def	Minidregg.Compiler.NockProgramCodec.programAddress	8d7d33493be1746a4e67b87be900dad2aba91c7c7d92dede10e3f4c46304c46a	dcf1eaa9a703d73faf8e3d62cfe76a53927ed1b6e79a75ef53e1ce8876539c30	96ca4766da8dd9fcc6ec4b32328a2c1cfa0104c7459b6d97d3d3de94b4bd06e2	8e26cd64d5fd4986	-	Minidregg.Theory.Store.Address Minidregg.Compiler.NockProgramCodec.layout
def	Minidregg.Compiler.NockProgramCodec.programAt	06c5188f23769fba868c6a2d5d9c20f234cef1896f761748728978cda0796878	e4fdbd1abdb98c326e86761b58cb27312d3cb9ca2d3315175b9e0432aa2d7f18	4d5bc6354fa41432c9038b308374f7c94b5ca1cf1b1737d15b0406b15325cab0	2d8811359764f550	Quot.sound,propext	Minidregg.Theory.Store.Store Minidregg.Compiler.NockProgramCodec.layout → Option Minidregg.Compiler.NockProgramCodec.Program
theorem	Minidregg.Compiler.NockProgramCodec.programAt_stateOfOption	1b3c2086250e31deae208a7e680144fb79548c1b29b2cbfe644a742aff433056	7e848a92e3ddec683ed901eed96c16159137c86af2a5ac92f293f81572452d5e	9dbfe434fe0bf4cec1ca86970cd36a0ca7fa5868ddf71a65fefd6e8ea3d24ad5	99c9f1934b843888	Classical.choice,Quot.sound,propext	∀ (program : Option Minidregg.Compiler.NockProgramCodec.Program), Minidregg.Compiler.NockProgramCodec.programAt (Minidregg.Compiler.NockProgramCodec.stateOfOption program) = program
def	Minidregg.Compiler.NockProgramCodec.programCodec	adeebdc17827e22280c7b402f8f8482aced8ba3e5626e63112059f6aaa5ce30c	9af44cc10b8f4a5ca35cafd9e3dd7404ad292eb011f120d4f8c682ca8a7db716	17065df530991a10625353005a6b49872c105a852474601eb7685d3ec61401fb	4078a08852919e17	Classical.choice,Quot.sound,propext	Minidregg.Theory.IndexedProgram.LawfulCodec Minidregg.Compiler.NockProgramCodec.Program
theorem	Minidregg.Compiler.NockProgramCodec.programCodec_injective	b0323ef26b4190705b1dd8897bc24282ce4a21a295d9d29f488e69909cbd9252	76ac0136e1a2484bdf91014579d95121a477dd5d470c92630bd6433916314c55	b9df840636d861251053da1c594e974a945e634bd96f9a558429d3a1cf164686	5fdb9794f9e29852	Classical.choice,Quot.sound,propext	Function.Injective Minidregg.Compiler.NockProgramCodec.programCodec.encode
def	Minidregg.Compiler.NockProgramCodec.programCustomization	f84ba8a72f26ff4e440d53dd1098f1355f5b3008bf80bda0468e7effd3217ada	268fce01293bcb84de059c093737d89d8980bbc789bd14e1bc6693665008f358	a0fa0dc1d5686f04f917dcdb614fa9017b659e2ad3911d1259123cc6aca2ecb2	2325994d9863c959	-	List UInt8
def	Minidregg.Compiler.NockProgramCodec.programFrame	7ea367045b40a07eeb87e7c118e4e46c2160464abee27fe2c21994d648d07f95	268fce01293bcb84de059c093737d89d8980bbc789bd14e1bc6693665008f358	048ab73947f594198815600b5c23f2683d07324ed4889a2e9f78793f6c07d329	4c2327ee83dc8e83	-	List UInt8
def	Minidregg.Compiler.NockProgramCodec.programFrameNockV3	2034278be7bca94f997f838e86e12465b7ecc5d92115371ec6e3a835dc83d5cd	268fce01293bcb84de059c093737d89d8980bbc789bd14e1bc6693665008f358	2474b86e75f92061fa781f4d74e6fd992440602f145233e30f62f21e021dea62	8679e5080283c1b9	-	List UInt8
theorem	Minidregg.Compiler.NockProgramCodec.programFrame_spells	b49361e979ae7c461d34c3282c05acc59d00d493ce7299d066c19e21dbbbcf95	fac8f7764dfb31f4180f9c44e6f98a5cf994e67de8574ddc3a8e3d1dd683da29	fd783ba19b253c527ee449f6ef654df3420e57f323d26206dcdb8a1c9f20d557	c07e2e0fc597fec0	propext	Minidregg.Compiler.NockProgramCodec.programFrame = "DREGG/PROGRAM/v1".toUTF8.toList
def	Minidregg.Compiler.NockProgramCodec.programId	6bdcbc84976df05e6fa6bf86cf0856242e8eea830f70ee3d286934b6001cebae	9d223b1c950fa4cf2a622f3162340bd05934ba63be66489eb66c8153ef663e76	970182977f2eaab517cf3f4b51400568634ea140e2f0c5a2171329fc64ff8cbc	9252d0d682c3e63e	Classical.choice,Quot.sound,propext	Minidregg.Compiler.NockProgramCodec.Program → Minidregg.Theory.TypedAuthorization.Digest
def	Minidregg.Compiler.NockProgramCodec.programStream	8ff0a03a9454b8de0c6276f41b31e187256e1d2e2e4018001b8aab3eb6b9b0b4	c872f9a816074d45c05aacd4ff5c87a3cb297071ceff57d06aed8b21a9b1aeb7	982b52bf79ccbebf597e2484751750297cd694d73591799fcb97e2ba56d9f340	a99e7732dcf4d6de	Classical.choice,Quot.sound,propext	Minidregg.Compiler.Tower256ConcreteBackend.StreamCodec Minidregg.Compiler.NockProgramCodec.Program
theorem	Minidregg.Compiler.NockProgramCodec.program_canonical	0674a2e1c7ae112767748b19e7dd247562473a773084942a347a7619632f9ead	12a9493dfa9dde73e031937a83349f166d6d9d8cbd21fbf15553b56a80ee118e	47fa2a2ac82ff0afb451f8b9723670175643e807be7bee224e2ef14ecb7acd2b	325e4685d0a26873	Classical.choice,Quot.sound,propext	∀ {bytes : List UInt8} {program : Minidregg.Compiler.NockProgramCodec.Program}, Minidregg.Compiler.NockProgramCodec.programCodec.decode bytes = Option.some program → Minidregg.Compiler.NockProgramCodec.programCodec.encode program = bytes
theorem	Minidregg.Compiler.NockProgramCodec.program_immutable	e28a750671d1be83637b212cb069e496197d5dcd0f9879b0a4434f8b07ebb3af	05b3c982d83822b0e20f97f0d7000fa2d8204bffd92cc5b6f1da853ae10adc05	a6aa37996a93c601492acf431a4ab7b3568d5598881b86a40ad4c2e591a0d698	b0af5cdb1a7f622e	Classical.choice,Quot.sound,propext	∀ (state : Minidregg.Theory.Store.Store Minidregg.Compiler.NockProgramCodec.layout) (patch : Minidregg.Theory.Store.Patch Minidregg.Compiler.NockProgramCodec.layout), Minidregg.Theory.Store.Patch.ValidFrom state patch → Minidregg.Compiler.NockProgramCodec.programAt (Minidregg.Theory.Store.Patch.run state patch) = Minidregg.Compiler.NockProgramCodec.programAt state
theorem	Minidregg.Compiler.NockProgramCodec.program_old_frame_refused	c2095ce2be106a5f8b6972ba15c2954199d8d95dc7cb457ba66693cf9fb50045	8b2be4cd75900177125e19490637815d4a57e7b704b12050052f03090b3417e3	a7d66f8d2f0c750a75f70a23ecae08f7ff2200d13fbe8751e0c479701670352b	9b700d604f3b61c9	Classical.choice,Quot.sound,propext	∀ (rest : List UInt8), Minidregg.Compiler.NockProgramCodec.programCodec.decode (Minidregg.Compiler.NockProgramCodec.programFrameNockV3 ++ rest) = Option.none
theorem	Minidregg.Compiler.NockProgramCodec.program_roundtrip	6af7b0c3f393e31bed7d3cc73e48c5e05a1a577f1cc98fa80528c40a4b0e58bc	838df85c05322046df765cc93d5bcc5555b7f0c905eb6b2bee41bc1c843ed0e9	57fc7d5458f59dbb5d22eed4f94b1a1d4511204ac9039e603022d62cabe036bb	50a401c25ab10ba4	Classical.choice,Quot.sound,propext	∀ (program : Minidregg.Compiler.NockProgramCodec.Program), Minidregg.Compiler.NockProgramCodec.programCodec.decode (Minidregg.Compiler.NockProgramCodec.programCodec.encode program) = Option.some program
def	Minidregg.Compiler.NockProgramCodec.registryTag	9fad3479e7fbcf1d203c42a71c88c076509363392d17ca8dfb5c8ab07d25b957	378c0572e50dcdc4b4e6edbf0f29b1f598bc21e2d59c518d5d0f46762e745cde	7de2fb75028da90dbd2d488ab68a601bc3d1b39d62977deaccd0406c30db9080	7354a3b15c9ba6a5	-	UInt8
def	Minidregg.Compiler.NockProgramCodec.rootBytes	6e1b5e92c62d548ec899670e287fd4fe016a37732dd758617910c810739ea951	9dd750348cef15a1fe9e683e8750019e6567eb7353b1245acce0f759553046d3	63ccf758ae3e4a95a0d14b08e8b4d679a9e578179aa8cbad22860d863993f174	4526ade743cb92ad	Quot.sound,propext	List UInt8 → Minidregg.Theory.TypedAuthorization.Digest
def	Minidregg.Compiler.NockProgramCodec.rootCustomization	2e4ff76a1fbc3c488e0b7c0549219f05d058272641efc2b201477355babb6f4d	268fce01293bcb84de059c093737d89d8980bbc789bd14e1bc6693665008f358	876a116cc1f2a0043f68db35f90e53ce9e68503a58b95155ddad29b58b4950c8	9fb3a1f8326e5d0b	-	List UInt8
def	Minidregg.Compiler.NockProgramCodec.sampleSlotStream	d5d6614fd37a5e81f1345c82f0ad13f2e14bb2f5215752e9f39e1c55830bad52	ca28c1732df987a2a8b739ae5cf827c9fb6633acddd0d8feb39c249b5a28c77e	0ce87a0217250d27d8d82ccf7098a2e5203926e7a97a219cc099dab2ea3c4233	4636067f853756e8	Classical.choice,Quot.sound,propext	Minidregg.Compiler.Tower256ConcreteBackend.StreamCodec Minidregg.Compiler.NockProgramCodec.SampleSlot
def	Minidregg.Compiler.NockProgramCodec.schemaId	b58ef9d26e22ab5eabe6725be0a4530a4e0e7b6b4122fcd8a8e11faf1966b354	262031efa78118253ab59dd88036fcb9d33881bac4c94e8c1214aa7cc21b5d15	231f31af4a56b4b82a9979a6110deb23836a3879d335ef43783b8704eb1e59e0	c80cf7fa26be2720	-	ℕ
def	Minidregg.Compiler.NockProgramCodec.slotTypeStream	2d5b64d3fcac578cd154486dfdaa6057620c0a2de18c21624bccf4e93b225e6b	d62e35606a07f71e756b4caa3b30b35b9524711399bf0f2df5711bf41aeb8e64	6f0fc5323124b32d5db5cb591269d2eb10d18703fd6513ed22b858537acc404e	4ad8d59131a1d306	Classical.choice,Quot.sound,propext	Minidregg.Compiler.Tower256ConcreteBackend.StreamCodec Minidregg.Compiler.NockProgramCodec.SlotType
def	Minidregg.Compiler.NockProgramCodec.stateCodec	143d20ec58e7786afcdd0125896df61442c7a5ae6da8b7f9904cc1b5f9da180f	b632c79e7e2035f771cd417bdb343ff1bd26f3f9d8b68add503639e3118f0b2b	0a146cb097a2b47e75c99f2b5e050b2e6d2ef8bb09751b24ff1d18aa7c10e4ba	129ea1e6333b27c0	Classical.choice,Quot.sound,propext	Minidregg.Theory.IndexedProgram.LawfulCodec (Minidregg.Theory.Store.Store Minidregg.Compiler.NockProgramCodec.layout)
def	Minidregg.Compiler.NockProgramCodec.stateOfOption	bdba5b3c214ec193e520953ca49ccc7daa7370effefc1ce4ed087aaa7750ee15	4b98c7a5ae2eec316d285cb71f8442d76e070b4b12297d362dd555d504732f58	97af8f91ef1b984651987c408d9ae2938e8949ab44adf76093fd0419a2fa22d4	ace08866b3530ef8	Classical.choice,Quot.sound,propext	Option Minidregg.Compiler.NockProgramCodec.Program → Minidregg.Theory.Store.Store Minidregg.Compiler.NockProgramCodec.layout
theorem	Minidregg.Compiler.NockProgramCodec.state_ext	191741edf496f53623765448759cf35c6e6fefbe73b3da97a2884999bcb5659a	fd7268ccca414292e796831f6fd06dc2b1deaf0730e6118d2e159e170aa2a057	4faf318e1177d22253777c00455ea292c64ef6909ab55c85a6a0d1ba790fc1fa	a2a747da3389a9f3	Classical.choice,Quot.sound,propext	∀ (state : Minidregg.Theory.Store.Store Minidregg.Compiler.NockProgramCodec.layout), state = Minidregg.Compiler.NockProgramCodec.stateOfOption (Minidregg.Compiler.NockProgramCodec.programAt state)
def	Minidregg.Compiler.NockProgramCodec.targetPrefix	292a1a0bca596b29026ef3455ffd6f9164c28299f39456dec92f7bff37c67898	b146617be852cdefab28eb59430ea39f03e2dfe484376157043b79021605f14c	00658f6223c3329f450ac8e11deb756eaebbeef08c7fff26d3a87e535c134a06	786400a135d2fb37	-	String
def	Minidregg.Compiler.NockProgramCodec.wireFrame	777fd085458b411d81bcd47e1c242296800ebf696fdeb9d5d7772cea973b7a7f	268fce01293bcb84de059c093737d89d8980bbc789bd14e1bc6693665008f358	410660e295f8384b255f2c1fd572a47fd3601cb69d4706db4a243dcac93a532e	56e129f9aa13794b	-	List UInt8
def	Minidregg.Compiler.NockProgramCodec.wireVersion	ac9f18866b97f8c7383c6fcf7fa5bd0a625a07178eda151b29dea9db6685e943	262031efa78118253ab59dd88036fcb9d33881bac4c94e8c1214aa7cc21b5d15	fd82db34c694803d1b8ab3bf41d6fa578941de1781c66190e93f13fac3627fb4	01dab5a7522e0cfc	-	ℕ
theorem	Minidregg.Compiler.NockProgramCodec.wrong_version_refused	7c5517007def5e9ad51ce5a1358f49da95ca71f3fd1462b0555f64cd9ba9062a	3afa84b7182b99abad0ec73226f43f2ffe6f5ac7cd94301c3843e6274fcabadd	40fab6e591cc896b89805d986ab5ed621703e4fc8c3ac549b3ed5ff8874c6cf4	fcfc178fb0351527	Classical.choice,Quot.sound,propext	∀ (version : ℕ) (program : Option Minidregg.Compiler.NockProgramCodec.Program), version ≠ Minidregg.Compiler.NockProgramCodec.wireVersion → Minidregg.Compiler.NockProgramCodec.decode (Minidregg.Compiler.NockProgramCodec.wireFrame ++ Minidregg.Compiler.NockProgramCodec.payloadStream.encode (version, program)) = Option.none
