# Compiler.PredOrderGadget: Objective contract manifest. Written by `scripts/check-objective-proofs.sh proofs --pin`;
# a removed or changed row needs a line in scripts/gates/objective-contract-changes.txt.
def	Minidregg.Compiler.PredOrder.ForcedIndicator	b3b9c7674e42bb30b13e3f942e8800fa7d173dad88a564ad2e07c5827647fa74	e95896057dbcf57dfc06b489f31f6a1d19e734545995cf119da5ede120d910f3	18a8cc490a374c072773c4bb5c025a5d1b78a7268952aec554f3b9b3837b08bb	cdfe5765be3b871f	Quot.sound,propext	{F : Type} → [Field F] → {Idx : Type} → (k : ℕ) → Minidregg.Compiler.Term (Minidregg.Compiler.AirSig F Idx) → Minidregg.Compiler.Term (Minidregg.Compiler.AirSig F Idx) → Minidregg.Compiler.Term (Minidregg.Compiler.AirSig F Idx) → Idx → (Fin (k + 1) → Idx) → Prop := fun {F} [Field F] {Idx} k present left right shifted bits => ∀ (asg : Idx → F) (isPresent : Bool) (a b : ℤ), Minidregg.Compiler.PredOrder.NoWrap F k → Minidregg.Compiler.PredOrder.InputsInRange k isPresent a b → (Minidregg.Compiler.eval asg present = if isPresent = Bool.true then 1 else 0) → Minidregg.Compiler.eval asg left = ↑a → Minidregg.Compiler.eval asg right = ↑b → Minidregg.Compiler.systemAccepts asg (Minidregg.Compiler.PredOrder.gadget k present left right shifted bits) → Minidregg.Compiler.eval asg (Minidregg.Compiler.PredOrder.indicator k present bits) = if (isPresent && Decidable.decide (a ≤ b)) = Bool.true then 1 else 0
def	Minidregg.Compiler.PredOrder.InputsInRange	a8fa0c18ec02500ee9b1896f8d701579aa74b5d0bc1ec3e9ec0a57e084a9b373	42deee54ac326cd5dd7034fa59f15b1a4de694a7df481b06985e2a531985b2e2	d00f170ad4fc3dcf2d7d501b8433fd6ee53d44e957b543402c25c8911698d332	1e8efdbbc3edc057	propext	ℕ → Bool → ℤ → ℤ → Prop := fun k present a b => present = Bool.true → -2 ^ k ≤ b - a ∧ b - a < 2 ^ k
def	Minidregg.Compiler.PredOrder.NoWrap	1b1a27e2ff244a198e43282ec52de357a3f35c35de744bde77d4a6531798deac	5d2817094aa20a82d57ef1adc5117906993ad8d117e7edd8a3610e9e74bffaf6	449d6ebe236f0b538d8abdb350e7e14d97b6284e6887e35a203c4f19e7401f10	fac1f5bc7a8afbc8	Quot.sound,propext	(F : Type) → [Field F] → ℕ → Prop := fun F [Field F] k => ∀ (m n : ℕ), m < 2 ^ (k + 1) → n < 2 ^ (k + 1) → ↑m = ↑n → m = n
def	Minidregg.Compiler.PredOrder.WitnessAccepts	0ce27547defc68d2b012252a17386cf3822f2b7b2d1d618cd29116ecc42d9343	e95896057dbcf57dfc06b489f31f6a1d19e734545995cf119da5ede120d910f3	1c6fb178cc77ad6eb263991e32b9c64e05e8cdc7c027269cfdf7579c0953d138	ac16ab161639c4eb	Quot.sound,propext	{F : Type} → [Field F] → {Idx : Type} → (k : ℕ) → Minidregg.Compiler.Term (Minidregg.Compiler.AirSig F Idx) → Minidregg.Compiler.Term (Minidregg.Compiler.AirSig F Idx) → Minidregg.Compiler.Term (Minidregg.Compiler.AirSig F Idx) → Idx → (Fin (k + 1) → Idx) → Prop := fun {F} [Field F] {Idx} k present left right shifted bits => ∀ (asg : Idx → F) (isPresent : Bool) (a b : ℤ), Minidregg.Compiler.PredOrder.InputsInRange k isPresent a b → (Minidregg.Compiler.eval asg present = if isPresent = Bool.true then 1 else 0) → Minidregg.Compiler.eval asg left = ↑a → Minidregg.Compiler.eval asg right = ↑b → asg shifted = ↑(Minidregg.Compiler.PredOrder.shiftedNat k isPresent a b) → (∀ (i : Fin (k + 1)), asg (bits i) = ↑(Minidregg.Compiler.PredOrder.binaryDigits (k + 1) (Minidregg.Compiler.PredOrder.shiftedNat k isPresent a b) i)) → Minidregg.Compiler.systemAccepts asg (Minidregg.Compiler.PredOrder.gadget k present left right shifted bits)
def	Minidregg.Compiler.PredOrder.binaryDigits	806ccf092548fab74e4b2c9074291c2077aab6559416e261d8566190f4a5a0bd	6a51151e163fbe50cc8129afd340feb4768956f6cf12850e26c32a48182cbcba	52ca4cf272ed320efc87cd8d92831775b365ce0dfa7a2a3678b5cfb520be0774	a3e4ca0d515a0335	propext	(width : ℕ) → ℕ → Fin width → ℕ
def	Minidregg.Compiler.PredOrder.binaryDigitsDirect	cfb19d1afc1dc3e7d73d595e45e4b7b13b2d0e5418132b2916c677352728134b	6a51151e163fbe50cc8129afd340feb4768956f6cf12850e26c32a48182cbcba	b60aa53bca26862da05479c4fc76a82606d4ac512625ab59bdbc945fd4d2a4df	526d6cd1764f13de	propext	(width : ℕ) → ℕ → Fin width → ℕ
theorem	Minidregg.Compiler.PredOrder.binaryDigits_eq_binaryDigitsDirect	4422dbcdc74f7dd9f5559f6feb668677347deb61da2d318c76cca4d9876b566f	72a70823ed4863ea2326287fd99b32156339c9c826b2376ff1717612478bef32	f8d843967a5a6eb87a6126030e4909a33714cc826fa82a346617b1680834c25b	83e0d606f4e39044	Quot.sound,propext	Minidregg.Compiler.PredOrder.binaryDigits = Minidregg.Compiler.PredOrder.binaryDigitsDirect
theorem	Minidregg.Compiler.PredOrder.binaryDigits_eq_direct_value	afa3b7314dc17905778d3acb356b6b88eef0b2c53297e27f16f74ad2353c0f30	1bc4377e71d4c463b313820119bde3723ca661b3e85abaca5dc1ce4715bf4dbf	eeb89c812743355dcd2c87e6bd99509aaf40e1709642355415a91afd633413c0	de428757e26af0d9	propext	∀ (width n : ℕ) (i : Fin width), Minidregg.Compiler.PredOrder.binaryDigits width n i = Minidregg.Compiler.PredOrder.binaryDigitsDirect width n i
theorem	Minidregg.Compiler.PredOrder.binaryDigits_le_one	4afc4385bdc2b3649565ed65f3b2b6fff9e028c296bab25e99de2ccd987ef218	9f002a08e7881ba33483c241cb6da3392ede64fc9d98180eca012d9564946294	1d31880fcc20a5d16ad22acf638e3a1bbd2f7ebd4e41f5dcbdedd182399b95fc	05ab32b3f9fcb8bf	Quot.sound,propext	∀ (width n : ℕ) (i : Fin width), Minidregg.Compiler.PredOrder.binaryDigits width n i ≤ 1
theorem	Minidregg.Compiler.PredOrder.binaryDigits_sum	3f4ffcc784ad44c640a5275d9f99238f1c1bf4975675c653817487ebf8030c76	2609ccab9c26e8a41c884789ad4ce89475dc22954558c3104783d7af0a3c8107	99c3f50353cbfeb5cd76a80823f1a49f88f1bc6f93de9f0af07003484e89fb66	c12bee36ae24f83d	Classical.choice,Quot.sound,propext	∀ (width n : ℕ), n < 2 ^ width → n = ∑ i, Minidregg.Compiler.PredOrder.binaryDigits width n i * 2 ^ ↑i
theorem	Minidregg.Compiler.PredOrder.complete	a65603b32d9e996322102dcde07511a3828b15f0c620cbc5a338351c017404da	da74c24901a49aa2cd3dd65a052d984f509d510f332f68c4d3714168abb5092c	8f9787a226b9cf8c02f947f0847a83cc6001f1aa166183a320a7bde41db36878	b38daf573a42f2f0	Classical.choice,Quot.sound,propext	∀ {F : Type} [inst : Field F] {Idx : Type} (k : ℕ) (present left right : Minidregg.Compiler.Term (Minidregg.Compiler.AirSig F Idx)) (shifted : Idx) (bits : Fin (k + 1) → Idx), Minidregg.Compiler.PredOrder.WitnessAccepts k present left right shifted bits
theorem	Minidregg.Compiler.PredOrder.forced	dc9e62f3466adefc5ca94baa5782ec6562569784eca688078b42489c1dc23b62	2b0be2bd195d2e91c210576696ca2eafffa1a29de0e68b04bf2bc01eb3a6bde2	59c4da44b17d8600ca9177cbe699913f2af21938ad6bd481d386a8822db1c3ae	6e1cc6dc828f82d4	Classical.choice,Quot.sound,propext	∀ {F : Type} [inst : Field F] {Idx : Type} (k : ℕ) (present left right : Minidregg.Compiler.Term (Minidregg.Compiler.AirSig F Idx)) (shifted : Idx) (bits : Fin (k + 1) → Idx), Minidregg.Compiler.PredOrder.ForcedIndicator k present left right shifted bits
def	Minidregg.Compiler.PredOrder.gadget	3df443952efc3a558a81ae208f7d91dc93972ecf906601f918c1e84a0df6cb93	9c0381db9d616f60681a3edd1bfa0fc94d5f0c349c81003002fdabcd5d90d94e	2eee900be4c4689763383be98d8be3066b6d557931bd168bef43014cc2786370	55317c11b0e34f50	Quot.sound,propext	{F : Type} → [Field F] → {Idx : Type} → (k : ℕ) → Minidregg.Compiler.Term (Minidregg.Compiler.AirSig F Idx) → Minidregg.Compiler.Term (Minidregg.Compiler.AirSig F Idx) → Minidregg.Compiler.Term (Minidregg.Compiler.AirSig F Idx) → Idx → (Fin (k + 1) → Idx) → Minidregg.Compiler.ConstraintSystem F Idx
theorem	Minidregg.Compiler.PredOrder.gadget_correct	640df53066a5748011970059777bab4e4b94f55aed4384a27156428d805e6047	589d8f6ca0fc57100bb15201b5cc172800aa36a8de015db9a55230c938096690	ac798ad8299f8aa09061ccf1afcd65af298c99eb94f76296665f51fc8db3d1d9	5df1f664b92cb786	Quot.sound,propext	∀ {F : Type} [inst : Field F] {Idx : Type} (k : ℕ) (asg : Idx → F) (present left right : Minidregg.Compiler.Term (Minidregg.Compiler.AirSig F Idx)) (shifted : Idx) (bits : Fin (k + 1) → Idx), Minidregg.Compiler.systemAccepts asg (Minidregg.Compiler.PredOrder.gadget k present left right shifted bits) ↔ Minidregg.Compiler.systemAccepts asg (Minidregg.Compiler.rangeGadget shifted bits) ∧ asg shifted = Minidregg.Compiler.eval asg (Minidregg.Compiler.PredOrder.shiftedTerm k present left right)
def	Minidregg.Compiler.PredOrder.indicator	523624c153a0906f853a5c18b9b27e8c225c4935ff095aafd4918a6c5ad8c372	28bc94dcdaaead5cb74665096c9d1d0e5b87454d5cf7bbe5f3e957534289053a	a580fdc441181c9c19a220c089b43967b57e8cc65b7a82aabb3f632e31186c38	59aa870606e94a45	-	{F Idx : Type} → (k : ℕ) → Minidregg.Compiler.Term (Minidregg.Compiler.AirSig F Idx) → (Fin (k + 1) → Idx) → Minidregg.Compiler.Term (Minidregg.Compiler.AirSig F Idx)
theorem	Minidregg.Compiler.PredOrder.noWrap_zmod	7ba1ad59d0021632f8b595ab88b19e30871a2958fb9ae550026a37154c93f10b	73feacf0dcf0e67c6378cfb8ce0d230cbd8b1638e01a8b832a203fcb1a67e6bb	1eea9decc4701b196501e6602b0e997c399ea63a5484f557b77ee75cb8683954	2eab49fb6d6d16cb	Classical.choice,Quot.sound,propext	∀ {p k : ℕ} [inst : Fact (Nat.Prime p)], 2 ^ (k + 1) ≤ p → Minidregg.Compiler.PredOrder.NoWrap (ZMod p) k
theorem	Minidregg.Compiler.PredOrder.range_top_forced	4cbc60910b51c7977f798dc541c7c77eac6d66c641d08338fa469126b1caec20	201f3773c6dd2f37f19587c98b7d761ca00cde79c797a600585603c465f0deaf	8e5ee99be2e59f34765f5544da7fc2d4daf5cee2d93eb49e6bba24405db648c5	a4e425cf892c3235	Classical.choice,Quot.sound,propext	∀ {F : Type} [inst : Field F] {Idx : Type} {k n : ℕ} {asg : Idx → F} {shifted : Idx} {bits : Fin (k + 1) → Idx}, Minidregg.Compiler.PredOrder.NoWrap F k → n < 2 ^ (k + 1) → asg shifted = ↑n → Minidregg.Compiler.systemAccepts asg (Minidregg.Compiler.rangeGadget shifted bits) → asg (bits (Fin.last k)) = if 2 ^ k ≤ n then 1 else 0
def	Minidregg.Compiler.PredOrder.shiftedNat	35b0eb3b727f686e9985e362ddca03597eee64327c969ec2938cab2b6663f313	289cfa2cc01dd5e10aa7fcc0501d5f3a93c0908ef72845e509c1264e672131df	a320500921346d62710275aa34e8112cec76a2b09e011d7f7bc7a6545e62b90f	02a8c50911371c6a	propext	ℕ → Bool → ℤ → ℤ → ℕ
theorem	Minidregg.Compiler.PredOrder.shiftedNat_cast	784fb900cb939daf2862f45421bdcbc986f69c29fa39b9bda5d6d5971d4a16df	7292730cf06ff8cc9993eca3b4f62a871ac46e6fdbb4b2ccda6fccda7b40b9c2	978aa17b43c57f9b5492294d35a8863f0f6bfd3f889af898df1e538bb33323da	7b33a0f7314d0320	Classical.choice,Quot.sound,propext	∀ {F : Type} [inst : Field F] {k : ℕ} {present : Bool} {a b : ℤ}, Minidregg.Compiler.PredOrder.InputsInRange k present a b → ↑(Minidregg.Compiler.PredOrder.shiftedNat k present a b) = ↑(Minidregg.Compiler.PredOrder.sourceDelta present a b) + 2 ^ k
theorem	Minidregg.Compiler.PredOrder.shiftedNat_lt	e8cbedec4b3da52b8a54582265139580e1a5019933c7f864a6cf881269a49ae7	e30bcd9ebbbdc889390c030aadd0542a8dfadca74ea89504ba5e3a6d7c26ea9f	9c59d9000d6cc742fd3db5fa7dfcbdb697977e7b4b4bd55a3416bf3584d1a7b9	277716ae2b46977e	Classical.choice,Quot.sound,propext	∀ {k : ℕ} {present : Bool} {a b : ℤ}, Minidregg.Compiler.PredOrder.InputsInRange k present a b → Minidregg.Compiler.PredOrder.shiftedNat k present a b < 2 ^ (k + 1)
theorem	Minidregg.Compiler.PredOrder.shiftedNat_spec	da0f4e158295a0c802b86da5ec718767b6e5e699cb8c321e0e9330ab26c046f8	c5dcd73a4cb07c11d33cb383bb5b4722fadb8d9b42a61dc1eab8a427ecd7730e	28bcc809008adc229160b26f3973b55bce74731c724d54ef91e09854d48157fb	14a3c380d1e5f98d	Classical.choice,Quot.sound,propext	∀ {k : ℕ} {present : Bool} {a b : ℤ}, Minidregg.Compiler.PredOrder.InputsInRange k present a b → ↑(Minidregg.Compiler.PredOrder.shiftedNat k present a b) = Minidregg.Compiler.PredOrder.sourceDelta present a b + 2 ^ k
theorem	Minidregg.Compiler.PredOrder.shiftedNat_threshold	ac6111efb67dff46a955dccb815071c846c004e2930250948ae0ecb84f903555	009463154b9f1cb4f45823ae71e4d4c8244770b3c1c0d2a3a5e5d806c9fa4609	0e428a5e7f8c1364eff4e824fcbdd398e89f97ac40cfe58c412b77f6c9c1c8b1	3679341e10cc924e	Classical.choice,Quot.sound,propext	∀ {k : ℕ} {a b : ℤ}, Minidregg.Compiler.PredOrder.InputsInRange k Bool.true a b → (2 ^ k ≤ Minidregg.Compiler.PredOrder.shiftedNat k Bool.true a b ↔ a ≤ b)
def	Minidregg.Compiler.PredOrder.shiftedTerm	10a2c185a266589a352dc019da5e385c5609850180ae7cd32873c0b85dcee5c1	bd3f97d09e1f40d6c8faf0d7ba8ea0d0fb4bca63bb36e0184d3dd843c53c6fb3	240900d044a11e65d0754d67ed6a40f5ced206ac83e5cfdcac1d13154148bc9d	7faaee23a3ff8f86	Quot.sound,propext	{F : Type} → [Field F] → {Idx : Type} → ℕ → Minidregg.Compiler.Term (Minidregg.Compiler.AirSig F Idx) → Minidregg.Compiler.Term (Minidregg.Compiler.AirSig F Idx) → Minidregg.Compiler.Term (Minidregg.Compiler.AirSig F Idx) → Minidregg.Compiler.Term (Minidregg.Compiler.AirSig F Idx)
theorem	Minidregg.Compiler.PredOrder.shiftedTerm_eval	ab6a28566c09797df08cbfb282ca1b084590549ecbcffc15cc142004374e777d	b1e33d13947c3bfb221b3546cd8a8c21dd094711aaa2a945e0302650a3c8574a	f285fd2c50afdf6893743253261e7668d10f940aa80d298019ea8be147ab0927	2795c995a055bfd4	Quot.sound,propext	∀ {F : Type} [inst : Field F] {Idx : Type} {k : ℕ} {asg : Idx → F} {present left right : Minidregg.Compiler.Term (Minidregg.Compiler.AirSig F Idx)} {isPresent : Bool} {a b : ℤ}, (Minidregg.Compiler.eval asg present = if isPresent = Bool.true then 1 else 0) → Minidregg.Compiler.eval asg left = ↑a → Minidregg.Compiler.eval asg right = ↑b → Minidregg.Compiler.eval asg (Minidregg.Compiler.PredOrder.shiftedTerm k present left right) = ↑(Minidregg.Compiler.PredOrder.sourceDelta isPresent a b) + 2 ^ k
theorem	Minidregg.Compiler.PredOrder.shifted_int_bounds	8a3d2c8a0d115fb850d762d29fb85e44470b8906e8b3bd630bdd1ec9a48b070d	605a6012a8024218709cbfa45b5aa5cc8a37a36f56fd83cd9c6dc6ab32a82f38	b1114cb31dd21c214cacbff2dd73fe43f476413897723b29c686f03d49b95d4d	2e1a651f2ad89ddd	Classical.choice,Quot.sound,propext	∀ {k : ℕ} {present : Bool} {a b : ℤ}, Minidregg.Compiler.PredOrder.InputsInRange k present a b → 0 ≤ Minidregg.Compiler.PredOrder.sourceDelta present a b + 2 ^ k ∧ Minidregg.Compiler.PredOrder.sourceDelta present a b + 2 ^ k < 2 ^ (k + 1)
def	Minidregg.Compiler.PredOrder.sourceDelta	f1f1259a7819e2d7bcbf9fdd894e5492d0b21b3b503e47da139f54c4fee08bd8	3a159779726abe324ba4dae8ec239241b404b87e08b62aade926a3cf8d70c6ba	5273a060cc28b77e0ea899d38b34baf11b92dcb1da40d483147e32dc5244772b	7e2b3eb912d69d44	-	Bool → ℤ → ℤ → ℤ
theorem	Minidregg.Compiler.PredOrder.top_digit_forced	025c34fc97c90bcaa45040f1572b83cf57b5a6606fe052880ddac8645054bc03	4ad0310fa1a0e41c6f90ee97e31aa2bdabfdec73500efaea6cbfc71c767e38f1	8eae3e16ad85504d1c70ba1ca5a34f4a10fca8ef3fe18aff074467f3416057e6	b7fc58d0c650a025	Classical.choice,Quot.sound,propext	∀ {k n : ℕ} (d : Fin (k + 1) → ℕ), (∀ (i : Fin (k + 1)), d i ≤ 1) → n = ∑ i, d i * 2 ^ ↑i → d (Fin.last k) = if 2 ^ k ≤ n then 1 else 0
theorem	Minidregg.Compiler.PredOrder.wrong_indicator_refused	828ed663cee5639b79034ab4549e7d3a2a3ab6cc345d0169c02df8b751216066	53ec49f282bfc28fda0a0ef6251bb46eb5dcc45f51a2cffcf400d5cc0a142071	f61471bad125a1b08ae663808367ea4349860763c926bcf32f7dba3d0b91ca63	e258978d13756ad1	Classical.choice,Quot.sound,propext	∀ {F : Type} [inst : Field F] {Idx : Type} {k : ℕ} {asg : Idx → F} {present left right : Minidregg.Compiler.Term (Minidregg.Compiler.AirSig F Idx)} {shifted : Idx} {bits : Fin (k + 1) → Idx} {isPresent : Bool} {a b : ℤ}, Minidregg.Compiler.PredOrder.NoWrap F k → Minidregg.Compiler.PredOrder.InputsInRange k isPresent a b → (Minidregg.Compiler.eval asg present = if isPresent = Bool.true then 1 else 0) → Minidregg.Compiler.eval asg left = ↑a → Minidregg.Compiler.eval asg right = ↑b → (Minidregg.Compiler.eval asg (Minidregg.Compiler.PredOrder.indicator k present bits) ≠ if (isPresent && Decidable.decide (a ≤ b)) = Bool.true then 1 else 0) → ¬Minidregg.Compiler.systemAccepts asg (Minidregg.Compiler.PredOrder.gadget k present left right shifted bits)
