# Compiler.ObjectiveBendLawCodec: Objective contract manifest. Written by `scripts/check-objective-proofs.sh proofs --pin`;
# a removed or changed row needs a line in scripts/gates/objective-contract-changes.txt.
inductive	Minidregg.Compiler.ObjectiveBendLawCodec.Token	128997e0fe5ca829a3decd1e1202bd63127c70077eb753b1f1c308a0772ffa7d	16946b93ac38405660f51e475eb5aa7d25b54f5e5677e0f6a10a4526cc071cbf	4b8c2c786ad6a922c6e04019befff6e5e34f73c820345dc1a397e4cd788332da	78d329884f9a940f		Type
ctor	Minidregg.Compiler.ObjectiveBendLawCodec.Token.and	d861125f731a8be62f5c722e84164ab02efa43395aa781258cc63ac2ed5264ab	35c588cc4ec9d4406bb988e7111db73144d3b929b0aa234c90b71d6a70faa625	2924bfd34cb77ba564f49e1b482b2322dfdce59f9380c466f8ba8a1535e24648	d1b424b3b37cc49b		Minidregg.Compiler.ObjectiveBendLawCodec.Token
def	Minidregg.Compiler.ObjectiveBendLawCodec.Token.and.elim	c1e5a471daa6e96531ec2ff30693e7540beee318e5d2b9839ca84d13662ece30	82e12e34f307d9b7bb357ca04d65ba2fd231b2b9c23558ee708ba6781af247d3	ca719f572bbd42fa2234c7b266a299cf0bb720023a35e6e1554b786b510d1e79	045a2a14ef18f969	-	{motive : Minidregg.Compiler.ObjectiveBendLawCodec.Token → Sort u} → (t : Minidregg.Compiler.ObjectiveBendLawCodec.Token) → t.ctorIdx = 9 → motive Minidregg.Compiler.ObjectiveBendLawCodec.Token.and → motive t
ctor	Minidregg.Compiler.ObjectiveBendLawCodec.Token.eqC	53e397ccd365341c3aa82e10b7f55ecde6136b2295d9d75c0ca8bab752a1741e	bd5f22091967888a3def0c4c6d9afcfa7c28b696e79f7d06b73b0835a7b321dd	545410ac559e20b9a95de68206e5c7b908a80338d696a2da54eafe0a35fcd0f7	c7bc60dc33f87119		Minidregg.Compiler.ObjectiveBendLaw.LawRef → ℤ → Minidregg.Compiler.ObjectiveBendLawCodec.Token
def	Minidregg.Compiler.ObjectiveBendLawCodec.Token.eqC.elim	81a6f4482bf24656442a9e101caee7ff1493202a90a1d739388fcfc0284fa0f9	9d557569fd471b3c5f2ca857f33bcc237d2f00d5f3c6475bfd0562e31be6e900	19eadf92376a342309497e6569d4fea0c3fc156d544e5d40e74f462e4dfb3413	7fbaa1780f9c7358	-	{motive : Minidregg.Compiler.ObjectiveBendLawCodec.Token → Sort u} → (t : Minidregg.Compiler.ObjectiveBendLawCodec.Token) → t.ctorIdx = 0 → ((ref : Minidregg.Compiler.ObjectiveBendLaw.LawRef) → (value : ℤ) → motive (Minidregg.Compiler.ObjectiveBendLawCodec.Token.eqC ref value)) → motive t
ctor	Minidregg.Compiler.ObjectiveBendLawCodec.Token.eqR	1977b43e45363215c2f2e3ee0908a52667c3736c28a935321bd5ea16f73ae6eb	fcb4d529c9aaef49a76fbd825cfcf840d276dbb49d9aae0585f4d07efa463962	69f0da71b7b84b3a8087ffefcc96b3f89f5612ed705c05256c1386c19215c190	57c23bf8c9ddc7b0		Minidregg.Compiler.ObjectiveBendLaw.LawRef → Minidregg.Compiler.ObjectiveBendLaw.LawRef → Minidregg.Compiler.ObjectiveBendLawCodec.Token
def	Minidregg.Compiler.ObjectiveBendLawCodec.Token.eqR.elim	a52728947c3ba7b074fa765e2b8b0bd06f92acf00fd8490a63780e91f5f65626	87e12665ad4e2f0838574df26beefe42b3616f463c16e8c3e39cfb6de99b544b	cf353a76dd254a16178f555ab8c055d6acda2d547f3827a58232929bd5d5e29a	4b14aadbaf3da504	-	{motive : Minidregg.Compiler.ObjectiveBendLawCodec.Token → Sort u} → (t : Minidregg.Compiler.ObjectiveBendLawCodec.Token) → t.ctorIdx = 3 → ((left right : Minidregg.Compiler.ObjectiveBendLaw.LawRef) → motive (Minidregg.Compiler.ObjectiveBendLawCodec.Token.eqR left right)) → motive t
ctor	Minidregg.Compiler.ObjectiveBendLawCodec.Token.implies	707e492524e451f2dcf1cb31cf8957d715c705c4667aae00725d2b44efe4d955	35c588cc4ec9d4406bb988e7111db73144d3b929b0aa234c90b71d6a70faa625	fd273f2e45ed3e7da7ac5c913400bbfa168d5e00375550dcdbc8a64a6782d3cc	0991e36976bd50ad		Minidregg.Compiler.ObjectiveBendLawCodec.Token
def	Minidregg.Compiler.ObjectiveBendLawCodec.Token.implies.elim	250a8ce5e02b8ecf1e379d43343ea53bee13ebeb82e7f6e47bc97fdb815132f7	357911fc050b2dc9192a20089ba9f334238b422efdb95a8bc8cae862ec56f20e	1984728a0a2badc29f28d3ec29f83aae164c3726fa40dd7ba11ad09698bb5ad4	00b0a9085868fff1	-	{motive : Minidregg.Compiler.ObjectiveBendLawCodec.Token → Sort u} → (t : Minidregg.Compiler.ObjectiveBendLawCodec.Token) → t.ctorIdx = 11 → motive Minidregg.Compiler.ObjectiveBendLawCodec.Token.implies → motive t
ctor	Minidregg.Compiler.ObjectiveBendLawCodec.Token.inC	67f58aea33439b2f614ceb9232464acfdf4e3ac3c218fb7d25e90769bc3ae174	58d1fff41130dcbcb46a6f171be4acc113bc9e7bbb4aa8fa2c2d4073a54b1343	fc744f8b06f45f663c4696ee30b73f69b3958d2e6237d4ea59d1e7960fe9e190	ded29481b9df0cbf		Minidregg.Compiler.ObjectiveBendLaw.LawRef → List ℤ → Minidregg.Compiler.ObjectiveBendLawCodec.Token
def	Minidregg.Compiler.ObjectiveBendLawCodec.Token.inC.elim	a12d2dd5932763310d5145e196db914d1075acf2cf92d5f30295e15847273a28	01f181edd154f129069508466f47cceb0fdd0126d61df5d5a72721f97b65e897	97f85bc6e457eb6b8a529806f689ef28a7683db0a57b6ab7e46b50a3188b89c9	bff021bbba2270d3	-	{motive : Minidregg.Compiler.ObjectiveBendLawCodec.Token → Sort u} → (t : Minidregg.Compiler.ObjectiveBendLawCodec.Token) → t.ctorIdx = 2 → ((ref : Minidregg.Compiler.ObjectiveBendLaw.LawRef) → (values : List ℤ) → motive (Minidregg.Compiler.ObjectiveBendLawCodec.Token.inC ref values)) → motive t
ctor	Minidregg.Compiler.ObjectiveBendLawCodec.Token.leC	d58025e685095dfbaaf1148128ad32603f7db2c388da7272c55f97605e572bf2	bd5f22091967888a3def0c4c6d9afcfa7c28b696e79f7d06b73b0835a7b321dd	7529e19f00b39fe4d86a4333f7dbb85c83f43b6fc1f5e2edc09a2e25f03d7b06	4f4c6ed955d9226d		Minidregg.Compiler.ObjectiveBendLaw.LawRef → ℤ → Minidregg.Compiler.ObjectiveBendLawCodec.Token
def	Minidregg.Compiler.ObjectiveBendLawCodec.Token.leC.elim	e47d132efe856f16265c6ec424309b3d6185e21643a7d16f5502079e9b8971ba	c6f5ec383dcb4d259313ac56afdda4457ba29452358652ccf64e13713204dd02	f24260eba268bb0611bbe5f89116942f06951fba0fa8a85860d04e000412a227	6e4fbb0d15a233b9	-	{motive : Minidregg.Compiler.ObjectiveBendLawCodec.Token → Sort u} → (t : Minidregg.Compiler.ObjectiveBendLawCodec.Token) → t.ctorIdx = 1 → ((ref : Minidregg.Compiler.ObjectiveBendLaw.LawRef) → (value : ℤ) → motive (Minidregg.Compiler.ObjectiveBendLawCodec.Token.leC ref value)) → motive t
ctor	Minidregg.Compiler.ObjectiveBendLawCodec.Token.leR	7c7e8ad324e5fa3920b6e0393bf1a7d4e020f5c068de57fcebdc74e05a87267b	fcb4d529c9aaef49a76fbd825cfcf840d276dbb49d9aae0585f4d07efa463962	e7aceffb191c6d98b97e13e6a7e512c3225fcb1059b1b5101cf30bb868782e77	f5bd3abd9d37e7c3		Minidregg.Compiler.ObjectiveBendLaw.LawRef → Minidregg.Compiler.ObjectiveBendLaw.LawRef → Minidregg.Compiler.ObjectiveBendLawCodec.Token
def	Minidregg.Compiler.ObjectiveBendLawCodec.Token.leR.elim	9456a07548472efda8b07b9c5fffdffe195a379e2a227bb935815c3e61563d0c	d9e8ee6ac5d6680cd25f714c1bf3851b417c3e231807ff6b455823d2730eba02	2998b07747e78acf39be35c79c5a34bb1928b31e77c1e45078e8ebbcd22acfdc	bce69779e17b9543	-	{motive : Minidregg.Compiler.ObjectiveBendLawCodec.Token → Sort u} → (t : Minidregg.Compiler.ObjectiveBendLawCodec.Token) → t.ctorIdx = 4 → ((left right : Minidregg.Compiler.ObjectiveBendLaw.LawRef) → motive (Minidregg.Compiler.ObjectiveBendLawCodec.Token.leR left right)) → motive t
ctor	Minidregg.Compiler.ObjectiveBendLawCodec.Token.leROff	838917e084c8ee4e829c551dab47f42970c8bd0cc5a10c8fa796104b6fda2055	c50dde1368da2102a5a97e673cb70fff9ba27d2e5adaf239d3ac25c764f4e13c	e193c9fa8a37cf52e601b45d3bba2e66c2717c56a334a73643cec9efb1b5ce4d	0ab8e8c16a663e6a		Minidregg.Compiler.ObjectiveBendLaw.LawRef → Minidregg.Compiler.ObjectiveBendLaw.LawRef → ℤ → Minidregg.Compiler.ObjectiveBendLawCodec.Token
def	Minidregg.Compiler.ObjectiveBendLawCodec.Token.leROff.elim	15ba3833eada5e860b71ac0a177990794012e49c54a13b0c14a894380ac39161	27b3ae687bc48d19c48d9d0f3e1ddf96e35611703a0e81e9787661fc08b55213	3eb07aef273a1bdf52e1dd54fe1085b54c94751184c14faeb67931b8ec6163db	326fa3253c0e9868	-	{motive : Minidregg.Compiler.ObjectiveBendLawCodec.Token → Sort u} → (t : Minidregg.Compiler.ObjectiveBendLawCodec.Token) → t.ctorIdx = 5 → ((left right : Minidregg.Compiler.ObjectiveBendLaw.LawRef) → (offset : ℤ) → motive (Minidregg.Compiler.ObjectiveBendLawCodec.Token.leROff left right offset)) → motive t
ctor	Minidregg.Compiler.ObjectiveBendLawCodec.Token.monotone	5c475ff5aa55a060c199039d1e67622a3fdea5396ec24da24b6d4a2582cd27ab	24f9d839f55e0bdc9d611b37ccd586fbf14ef12aaff7db4b08c083ca32f962e4	1efa1f71cfa99791276a7c20ebb1290482d66725c4838dbcf2ba26a034d700fa	a7164dd89d1ffbc8		String → Minidregg.Compiler.ObjectiveBendLawCodec.Token
def	Minidregg.Compiler.ObjectiveBendLawCodec.Token.monotone.elim	38c1e16b5ddbdba319d0d2c29fb9a37105d5f74bb684ce1ba7189bb8d429e73d	ab47e9d74eca291a33166c652c3c0bd15e4a73e919af509c0c80928225b08e0f	8064fc8e8edb589e52e9b2f70c16dcc241724e8875ba063c189e251572b390f1	6dbc4b06d70a7f31	-	{motive : Minidregg.Compiler.ObjectiveBendLawCodec.Token → Sort u} → (t : Minidregg.Compiler.ObjectiveBendLawCodec.Token) → t.ctorIdx = 6 → ((field : String) → motive (Minidregg.Compiler.ObjectiveBendLawCodec.Token.monotone field)) → motive t
ctor	Minidregg.Compiler.ObjectiveBendLawCodec.Token.not	b42c3c17a107a5885fda66e38682c01d218a6a38c5bd90b470414086ae72cacd	35c588cc4ec9d4406bb988e7111db73144d3b929b0aa234c90b71d6a70faa625	ecb618868b5a3628340a3981fa5d89abfd14537d12014090fb0f677a63211254	6318b63900a27813		Minidregg.Compiler.ObjectiveBendLawCodec.Token
def	Minidregg.Compiler.ObjectiveBendLawCodec.Token.not.elim	4d271313a0f6120be60d58e8e507f168f07c5480a1f2f81064687e79bca4d316	abf8f8d9854554498a06900c354642b3557468632e500841937ef554ddc52c35	1c6f53988b5f3f4e22b6347de96ba1b781aa0cf5fc4b1be378bef3f3445bd059	453cfdaf619650a2	-	{motive : Minidregg.Compiler.ObjectiveBendLawCodec.Token → Sort u} → (t : Minidregg.Compiler.ObjectiveBendLawCodec.Token) → t.ctorIdx = 8 → motive Minidregg.Compiler.ObjectiveBendLawCodec.Token.not → motive t
ctor	Minidregg.Compiler.ObjectiveBendLawCodec.Token.or	9e0c8e9a4aaed12511ed8a4531401e719a83d17b4d83b5600ae32bcd39d9e3f7	35c588cc4ec9d4406bb988e7111db73144d3b929b0aa234c90b71d6a70faa625	1849f717f42662b53c14da7334271e1948feb1fc155dda8b9e4f2372538c23fe	27b95fb17079e5c2		Minidregg.Compiler.ObjectiveBendLawCodec.Token
def	Minidregg.Compiler.ObjectiveBendLawCodec.Token.or.elim	1f9a191166928ea848ce1e91782aeaf00dd6b275ab510100e1d34e9180ae12e0	af493bfcf87c45f273e32de1efa1dd5cadf1ab1e9d26d3cb0930f48a37e979a5	adb0391c9e57c8805af0647c964eeaa4bbd90bc11b7e6639559dae42bf3db0df	637736e30cf79f4c	-	{motive : Minidregg.Compiler.ObjectiveBendLawCodec.Token → Sort u} → (t : Minidregg.Compiler.ObjectiveBendLawCodec.Token) → t.ctorIdx = 10 → motive Minidregg.Compiler.ObjectiveBendLawCodec.Token.or → motive t
ctor	Minidregg.Compiler.ObjectiveBendLawCodec.Token.writeOnce	61e6a35d7bcc9357502b8746173bb78fa079bb2a4630e1875e7e1699c443a1f3	24f9d839f55e0bdc9d611b37ccd586fbf14ef12aaff7db4b08c083ca32f962e4	d25cfc4624f4c2e61e1cb0566d38862309609aa3b7870b2aa8b4ae631b6090d2	b43e2af1db3fc4cb		String → Minidregg.Compiler.ObjectiveBendLawCodec.Token
def	Minidregg.Compiler.ObjectiveBendLawCodec.Token.writeOnce.elim	be40a008cf86f9e60d46ace45a93682055a3f2cd5374caa9bc3d74650cb84416	019bf9f54776927026e03d32f31277ab9e2d27944bac8dc7c1a1ff86e8608715	b41fa7fb3dbaf88ee474391e5014f13332598a1ffc730af732557b9e8047aa71	db3384cc7c56e772	-	{motive : Minidregg.Compiler.ObjectiveBendLawCodec.Token → Sort u} → (t : Minidregg.Compiler.ObjectiveBendLawCodec.Token) → t.ctorIdx = 7 → ((field : String) → motive (Minidregg.Compiler.ObjectiveBendLawCodec.Token.writeOnce field)) → motive t
def	Minidregg.Compiler.ObjectiveBendLawCodec.decodeLaw	acd9c9934622c973250903467d2ac69a6eacc746989d5eec5574a913a00455f9	9c4b8986676a63b59d9d4b898b08c4ad4b098a28bf1928f9441872ed37fed7da	a31640a0dba41441b5da748a6bac4e0e803f8cc7dc17de4bf4d5ab8bf8fd5d55	8e011d4138535cc5	propext	List Minidregg.Compiler.ObjectiveBendLawCodec.Token → Option Minidregg.Compiler.ObjectiveBendLaw.LawExpr
theorem	Minidregg.Compiler.ObjectiveBendLawCodec.decodeLaw_encode	4f2fc1fdba3d05bcece8e72cf24a673a08c1dcdec91f71a0b398cd335e79591d	e299440e460379ad22ee536fd884460cfc6abdda5d0e1cf14e8a82ced7e02da7	db790eb73f1fad41fca9ad0795956148beaa21ea9e9159b4b3ec4c35b42bc02b	4f4de808485a65f5	propext	∀ (law : Minidregg.Compiler.ObjectiveBendLaw.LawExpr), Minidregg.Compiler.ObjectiveBendLawCodec.decodeLaw (Minidregg.Compiler.ObjectiveBendLawCodec.encodeLaw law) = Option.some law
def	Minidregg.Compiler.ObjectiveBendLawCodec.decodeToken	3fb4e7fbfc7ac21e2fa2e4eceb34e6bbb96d717a907884c972c1d29e8133f738	9038b24f6dba0c64135557e3e3a1f9e9f636f82f366ae9b1c1fe6110859608db	13018863ac1090810931aeb6b2a860bb26b31f1fbc4cfd638f5cb85171edc87b	07c38fc8f3c164e0	Classical.choice,Quot.sound,propext	List UInt8 → Option (Minidregg.Compiler.ObjectiveBendLawCodec.Token × List UInt8)
theorem	Minidregg.Compiler.ObjectiveBendLawCodec.decodeToken_encode	92e1496a78e98d2ee34d390eed33313584b4e3b41858fed9f787fbdb7542b430	7b982a7b7b86e10ee9ab2bfdb3f8022d9190e0681f24252ca3c5a160cb48f55e	520c65bc289ffdc5cc452df5e5e99b0e834373af6ccce7f57868ff947ca9da78	7c529a5fa04641ce	Classical.choice,Quot.sound,propext	∀ (token : Minidregg.Compiler.ObjectiveBendLawCodec.Token) (suffix : List UInt8), Minidregg.Compiler.ObjectiveBendLawCodec.decodeToken (Minidregg.Compiler.ObjectiveBendLawCodec.encodeToken token ++ suffix) = Option.some (token, suffix)
def	Minidregg.Compiler.ObjectiveBendLawCodec.encodeLaw	89cdfbccadb1044584770e882bbaad5a0b3af2d50b12984d94ce625dbf930002	83b322788c1819e9679e15a308d7ce1db5cdb5108ca14c86f6a3797dec25c44d	ac5d88cb473f8e34265288deb81258459a7093b391413534ac6d1eead7848c01	caed874ff22529b6	-	Minidregg.Compiler.ObjectiveBendLaw.LawExpr → List Minidregg.Compiler.ObjectiveBendLawCodec.Token
def	Minidregg.Compiler.ObjectiveBendLawCodec.encodeToken	4ce3d83f94a28db598362084dd582c95f22b2f0a1321e0ef33d77f7512e73c3b	c4b9fe24199b2d66ec6535abf3ef05d6006d5ad594da2bc4ca32f0721a68c015	d5f4855ad6b3d2538538a4cdda80bac74e3911f222737ee2271ff34b5162062a	f228f1ecda991dc2	Classical.choice,Quot.sound,propext	Minidregg.Compiler.ObjectiveBendLawCodec.Token → List UInt8
def	Minidregg.Compiler.ObjectiveBendLawCodec.lawStream	7227f7632ed00b73a19dbf9074e027777df6808f6c59912fd40a39a40dd4e3b9	ced2eff118d101f3b5f55060a95d10d6fb405672c9ccda69d37da01f41a8cda7	d346468332f5ac166983ef5a01c58bed9dd73c731ef0cf6f24601f025e888df0	8f5333f354134944	Classical.choice,Quot.sound,propext	Minidregg.Compiler.Tower256ConcreteBackend.StreamCodec Minidregg.Compiler.ObjectiveBendLaw.LawExpr
def	Minidregg.Compiler.ObjectiveBendLawCodec.lawsStream	1a7edd42742cfde55acbeb0a0d19660880764f3f07f8a60dbd5ff05519805702	9e9f122753d0a6872a86fbbabd9a918cb841fad23dc54e3bdb0efbc43b908f2c	4f1b52e1de08493c90d5adefad7df14b73cd8d6c8ac5b4b73c459f5bcbfb4167	2adb1c8bc71fa609	Classical.choice,Quot.sound,propext	Minidregg.Compiler.Tower256ConcreteBackend.StreamCodec (List (String × Minidregg.Compiler.ObjectiveBendLaw.LawExpr))
theorem	Minidregg.Compiler.ObjectiveBendLawCodec.lawsStream_injective	87a4f1d166765a86a4152bb18538afa942be484e5ef179cb698bd510312b481f	68ba4d7cf8984b863554a33d4d1c09f85bd5b0a568c451fefcc99cec38cbeca5	1ad6cecebe1066b62e68ac6e6e45f0bc484954a81a4f24ded845c00cafcca270	4cc6dd00e28dcf5b	Classical.choice,Quot.sound,propext	∀ {a b : List (String × Minidregg.Compiler.ObjectiveBendLaw.LawExpr)}, Minidregg.Compiler.ObjectiveBendLawCodec.lawsStream.encode a = Minidregg.Compiler.ObjectiveBendLawCodec.lawsStream.encode b → a = b
def	Minidregg.Compiler.ObjectiveBendLawCodec.refStream	5084b173d41967acb5932606267c86ae1149486eb51bd088eab5f6f31afb9a5e	94c070b53aa91f47cb7cc144180ed77b122f70018f776a400ed0fdb8d9cfe861	7e65cbb521087825ae659e6e5c5125d389b38d2b59c7da71c4c25a066706d814	55f79180ed8c9e16	Classical.choice,Quot.sound,propext	Minidregg.Compiler.Tower256ConcreteBackend.StreamCodec Minidregg.Compiler.ObjectiveBendLaw.LawRef
def	Minidregg.Compiler.ObjectiveBendLawCodec.runTokens	eb95a8094ee118ea704fb6df72d659f8dbcb751aedfb405745a3dcddc705abe5	2d44d0d354e37c703c4cf5a5c1bc807eab762b75ca7140cd23bfa0fc2e2cde24	fcf8eb2cd79292e29cdef71285b765d6d9aa81a5238142a755dd3b6360b67730	074f2df6245e7c4f	propext	List Minidregg.Compiler.ObjectiveBendLawCodec.Token → List Minidregg.Compiler.ObjectiveBendLaw.LawExpr → Option (List Minidregg.Compiler.ObjectiveBendLaw.LawExpr)
theorem	Minidregg.Compiler.ObjectiveBendLawCodec.runTokens_tokensInto	451b88ba166238c6678c666bc8d344e09148892609cecbb054d477ea85836ac8	a9af1798c26cb97975f469d89d3ef23d5d6e73204ca1eeeb570c8290238e0fe0	88769e4f7f66dc2dbf9349bd8239ea061449f910fb3d9bab01b5b7bd38d502fe	21958aafe584b519	propext	∀ (law : Minidregg.Compiler.ObjectiveBendLaw.LawExpr) (suffix : List Minidregg.Compiler.ObjectiveBendLawCodec.Token) (stack : List Minidregg.Compiler.ObjectiveBendLaw.LawExpr), Minidregg.Compiler.ObjectiveBendLawCodec.runTokens (Minidregg.Compiler.ObjectiveBendLawCodec.tokensInto law suffix) stack = Minidregg.Compiler.ObjectiveBendLawCodec.runTokens suffix (law :: stack)
def	Minidregg.Compiler.ObjectiveBendLawCodec.step	2e479730d656148fdaa9314478105a199d64e92ac954fdf09c81c84f5d2a8001	93996de9a1a4fc23e6c2ebed59f171fb474bd6e5ffa901ecfc129bd3f079a289	93dd77d7374a34d7ae374c41a7e906b32539d12cb29cb9b4fe4188bc28b5e37d	dc67542a1939d1a9	propext	Minidregg.Compiler.ObjectiveBendLawCodec.Token → List Minidregg.Compiler.ObjectiveBendLaw.LawExpr → Option (List Minidregg.Compiler.ObjectiveBendLaw.LawExpr)
def	Minidregg.Compiler.ObjectiveBendLawCodec.tokenStream	908640fcb35ee2b18625b15da7fe569c2217ddd3df3cc1a9bcecc70554ff8876	affc91389bef384b5944258088fe1c5e40f9f0b1388858c087b99f00a41716b7	754ce8f0c60af5223eee36823892d4b5c309ab7dfc1dcaf3a8c5f2b3e011bf9e	8b0d6246a896ac7b	Classical.choice,Quot.sound,propext	Minidregg.Compiler.Tower256ConcreteBackend.StreamCodec Minidregg.Compiler.ObjectiveBendLawCodec.Token
def	Minidregg.Compiler.ObjectiveBendLawCodec.tokensInto	fd75a253fd2a83867353ba07ac355980860749b3d12f455c0ef47a551602823b	07152be8b7d0bc75356474c58b4ab813f2576d656383ffe618adbd35a480cb38	305c6d698126a565dfad80fce2f01cef1425882aaeee0eceaad02a3d22623d54	b428bc5f0fa81664	-	Minidregg.Compiler.ObjectiveBendLaw.LawExpr → List Minidregg.Compiler.ObjectiveBendLawCodec.Token → List Minidregg.Compiler.ObjectiveBendLawCodec.Token
