# Compiler.ObjectiveBendContract: Objective contract manifest. Written by `scripts/check-objective-proofs.sh proofs --pin`;
# a removed or changed row needs a line in scripts/gates/objective-contract-changes.txt.
inductive	Minidregg.Compiler.ObjectiveBendContract.Layer	e0364a8f93f229ff33a93666289b5cc014f90ed48a311254d1ebc15faa8ff551	905c6124761c1849a1355f9860ade9e373abc249d1d0d65b64f3866a4f187947	f654ce778f04448462506954d97e8eb13b08e618b5914dbd4e342067e06897af	afcadecd329f0dee		Type → Type
def	Minidregg.Compiler.ObjectiveBendContract.Layer.assumes	a3b777d98dbec7331018be1ae371e2919a3a7f9c4d6b3f5acfda6d8d0d693f68	4d90dc0ded544618820e4c2e1fb444dab4e1893f36b5aca4954103230262056e	62f68cad7f5899a476db71de4a019d49f2e87e4757463901766704d63f29bb53	ff2d5ad59ca7acb2	-	{τ : Type} → Minidregg.Compiler.ObjectiveBendContract.Layer τ → Minidregg.Compiler.ObjectiveBendContract.Row τ
def	Minidregg.Compiler.ObjectiveBendContract.Layer.consumes	4de104f814b9c117cea01918686cf34c99969245910b7a936c6c9594429936ee	4d90dc0ded544618820e4c2e1fb444dab4e1893f36b5aca4954103230262056e	7b87a7256fdaa731693973e95e313279ae4c28018290fbc29d62754f9bc1f947	e7e331a4f12e3d52	-	{τ : Type} → Minidregg.Compiler.ObjectiveBendContract.Layer τ → Minidregg.Compiler.ObjectiveBendContract.Row τ
def	Minidregg.Compiler.ObjectiveBendContract.Layer.leaves	d596a38e161c99c262eba2870b867a187f9581e93cd80a3eb20196e246059531	090eff8b1443b2f359e9298deb47859d820ddf19d2212b1628e017bc34ccf9c0	713d0c37bc2100e1c6f457b6fb42282f20796d340f43b63f5122c20034d47c75	84bdca47e268a8bc	-	{τ : Type} → Minidregg.Compiler.ObjectiveBendContract.Layer τ → Minidregg.Compiler.ObjectiveBendContract.Row τ → Minidregg.Compiler.ObjectiveBendContract.Row τ
ctor	Minidregg.Compiler.ObjectiveBendContract.Layer.mk	262c7dc174d0594a174c29246f58c7e6a89807a1ff41ee434bca69d8b8f92db9	9a5a493fc94ead7e047f94c85e26f849eaac7515c45f2b7370627abe6cb60381	e522c8050984f584d33fc6a61f9a71ffe07ed8e9c9b757bd56c41c986c03bddd	f3dbec676384cff8		{τ : Type} → String → Minidregg.Compiler.ObjectiveBendContract.Row τ → Minidregg.Compiler.ObjectiveBendContract.Row τ → Minidregg.Compiler.ObjectiveBendContract.Row τ → Bool → Minidregg.Compiler.ObjectiveBendContract.Layer τ
def	Minidregg.Compiler.ObjectiveBendContract.Layer.name	4a2bcbb5da33e415fcf8c64f773c33f49aeba2a54dbea45cf478e7aaba1459b9	768d8bd4c9618ce8516a119d3d4d360b5e9f16cac83386df6b2e798cc9b0773e	b9c38f60db47ed833b9699dc81e0bb1a8d743997b0fe700320f9fa2e917e748a	8289723621f9c79e	-	{τ : Type} → Minidregg.Compiler.ObjectiveBendContract.Layer τ → String
def	Minidregg.Compiler.ObjectiveBendContract.Layer.provides	6408e1357a77e25f1d2bd754e8eb6b74e99ebc53e270c7c294abc3bd04d1abd1	4d90dc0ded544618820e4c2e1fb444dab4e1893f36b5aca4954103230262056e	b33688ada906633e9fc7372d357c6a6d83018fcfb5fae974fda8f659f34bf4f1	d713d6e1f0abeca2	-	{τ : Type} → Minidregg.Compiler.ObjectiveBendContract.Layer τ → Minidregg.Compiler.ObjectiveBendContract.Row τ
def	Minidregg.Compiler.ObjectiveBendContract.Layer.whole	1e9c327038ff89beb6031c73ca09b531da183d39774ecfeed13477d804180762	08f818d9c0831967a6bd10b1b1b9d6bf73798aa3916bacec86df8d10b5f354cb	511f9575cbd37341693c97bd0cfff756cd3e31fa4ce25c758802891976eaab3a	8a7f2f1366ab4087	-	{τ : Type} → Minidregg.Compiler.ObjectiveBendContract.Layer τ → Bool
inductive	Minidregg.Compiler.ObjectiveBendContract.Refusal	e0b868cf22b00a40352b60321b5c0828de262a67dd26cf8c2e7000219966508b	16946b93ac38405660f51e475eb5aa7d25b54f5e5677e0f6a10a4526cc071cbf	d710e65178c2d138cb168b4405234918e69cd4774730f28074bf1d01809c3969	6b622d6a0d060b79		Type
ctor	Minidregg.Compiler.ObjectiveBendContract.Refusal.inheritedUnprovided	d3cda391a0c8b8623fa01388eddc70b87b7f6141c34323c7ce09d5f07b86c6b9	1626f1a1d794f63a382b41323ef4115fbe355c9542ffd027907cb6bedf79bf94	247e05254ca83710a060b6253fe1bd7add41d52b6e3991e1e1431d8dbb8fca1b	693459c235fc7ad3		String → List String → List String → Minidregg.Compiler.ObjectiveBendContract.Refusal
def	Minidregg.Compiler.ObjectiveBendContract.Refusal.inheritedUnprovided.elim	2ded38fb2b242d61ce823c8b2fc44ada0cfaf611ee14d9b918f377f2b854c0c7	4873ea05621fe4ba1c459fc2859a67dbab1b4a47457b72888e382faa9558959d	c028517c3c4959d2f61f03d75694519e6eae74a165292afa5041295b3df7f19f	fa769b01addaaf74	-	{motive : Minidregg.Compiler.ObjectiveBendContract.Refusal → Sort u} → (t : Minidregg.Compiler.ObjectiveBendContract.Refusal) → t.ctorIdx = 1 → ((layer : String) → (missing beneath : List String) → motive (Minidregg.Compiler.ObjectiveBendContract.Refusal.inheritedUnprovided layer missing beneath)) → motive t
ctor	Minidregg.Compiler.ObjectiveBendContract.Refusal.providedMismatch	47eb2465f3a9bce9ece81c3eea809a594eebb02d7fd3ed613d0c205cfa3b502b	68f96ceddc50d6793c268b1b3373cd286a6ff2fff42bab3ba3ca9c418b44008d	e3da3a8e8c32437bc64d97616fe279519ab1c4fff4b1db0f7cee0fee9682955e	f27924a1cebea6ce		Minidregg.Compiler.ObjectiveBendContract.Refusal
def	Minidregg.Compiler.ObjectiveBendContract.Refusal.providedMismatch.elim	3d30c00f6f456ab2f033e3762ed9ede2318562761f9c336ad0463e4c58d3480f	61dd1051e49c258830e73fab16ff48169027a7be7ebf44a27c6c9293303655bc	54fc8e5a43324121b7151ea13a9e3a7e7a3dadbd744dfa4bec4972f74a5f2385	0a0cae164b862f68	-	{motive : Minidregg.Compiler.ObjectiveBendContract.Refusal → Sort u} → (t : Minidregg.Compiler.ObjectiveBendContract.Refusal) → t.ctorIdx = 5 → motive Minidregg.Compiler.ObjectiveBendContract.Refusal.providedMismatch → motive t
ctor	Minidregg.Compiler.ObjectiveBendContract.Refusal.replaceUndeclared	16c09a6a8cf0fbfea8fca154cd571ac43b634106b807a6c8142e2d406f500df5	4ce0e58f720fa232d085a9a6037ee208b52eecef9e4512a0a0dff038a14a8809	70d5774c25f123cb0f85746d5aa65db4e738f427781cee5d6551e39d7e05710e	48efd6e8b0e2f1c2		String → List String → Minidregg.Compiler.ObjectiveBendContract.Refusal
def	Minidregg.Compiler.ObjectiveBendContract.Refusal.replaceUndeclared.elim	b4896709936c76b3a57114990080683c6651dbfe246f545bc5388dd5cfe2e73b	296940a107705386a53789609ef4c6f18a46a2d7f5e65aa768b286232b80933e	d640026b70f747e0f21babede76a902e1ad63cb6761272102908d13cf3356a8f	05a73592825381b0	-	{motive : Minidregg.Compiler.ObjectiveBendContract.Refusal → Sort u} → (t : Minidregg.Compiler.ObjectiveBendContract.Refusal) → t.ctorIdx = 2 → ((layer : String) → (members : List String) → motive (Minidregg.Compiler.ObjectiveBendContract.Refusal.replaceUndeclared layer members)) → motive t
ctor	Minidregg.Compiler.ObjectiveBendContract.Refusal.requiresUnprovided	cd72126a5b9a22fae72036074a4b5eb61e18cce133bceb94ebf17aa86167c975	b66eb9918d4a0290d7b769b237f2ec6251d759ca9b616887bb20f1b909549404	b8abf9c2f36d3079064f5113a947eb4499f5769820ce9a7469ef16f633124d37	c3d50d4da2e61292		List String → Minidregg.Compiler.ObjectiveBendContract.Refusal
def	Minidregg.Compiler.ObjectiveBendContract.Refusal.requiresUnprovided.elim	75a8f0605c819300fdd9040a94923ebda1bceb45750ebeee5cfd1000c2b3e5ec	e5e73567d9fd62b2b0dd9dccaff2da6a70464697cb5a698728cc64491438f026	73247a1f4c0f16aaccb0cebc4d8b0806872154bb897862a2e1a6d3dceb628e9f	fdd8066747f199e2	-	{motive : Minidregg.Compiler.ObjectiveBendContract.Refusal → Sort u} → (t : Minidregg.Compiler.ObjectiveBendContract.Refusal) → t.ctorIdx = 3 → ((missing : List String) → motive (Minidregg.Compiler.ObjectiveBendContract.Refusal.requiresUnprovided missing)) → motive t
ctor	Minidregg.Compiler.ObjectiveBendContract.Refusal.seedExtra	8760b96a85bfb16bbb68ad336d3ef8af86460b42e3308383d60afe97f22e241b	b66eb9918d4a0290d7b769b237f2ec6251d759ca9b616887bb20f1b909549404	1f7b9ec2a25b4f5ccf6bb5f7ae34755f99ac63bed9db30dbb54e0ef59dc11836	504566a4865a4e4e		List String → Minidregg.Compiler.ObjectiveBendContract.Refusal
def	Minidregg.Compiler.ObjectiveBendContract.Refusal.seedExtra.elim	407ce75df0d0573e414c534ed58a2e17cdfe160820bbb0df06cdefe8836d70d5	9768ad7caaff36bcf8bc6b7a5b5ec85a3e051b2d4e8874fb0e8561bd95c6c829	535f31da57bb36214ddbc79a1c8c2ec8a140e46cd2e19f5b189e91c6d4a25e55	e799cbefff11b80b	-	{motive : Minidregg.Compiler.ObjectiveBendContract.Refusal → Sort u} → (t : Minidregg.Compiler.ObjectiveBendContract.Refusal) → t.ctorIdx = 4 → ((extra : List String) → motive (Minidregg.Compiler.ObjectiveBendContract.Refusal.seedExtra extra)) → motive t
ctor	Minidregg.Compiler.ObjectiveBendContract.Refusal.selfBound	a2d4a7419651289aa2b66f371a111c9c0742317d12cd6b2598e19b160de7a71f	4ce0e58f720fa232d085a9a6037ee208b52eecef9e4512a0a0dff038a14a8809	07a0fb8309abbc1175384f0fccd9d784366139784946f1abe4e918f71a64e448	c69bef332f563d92		String → List String → Minidregg.Compiler.ObjectiveBendContract.Refusal
def	Minidregg.Compiler.ObjectiveBendContract.Refusal.selfBound.elim	f932b08b79c51722ab68ec5e3dbd12fcb8cf4876e5112dc223bc9358f4a85c1c	59140bb283894de83cd281a70a4d4a17f4400b0f294052dbc232bb945d8fa04e	84a3dd5ffdc8f5b6fd0a3e6897668264eef8b9048f0f4d67cd8089e5e8cc48ec	1a88149b7fb8923e	-	{motive : Minidregg.Compiler.ObjectiveBendContract.Refusal → Sort u} → (t : Minidregg.Compiler.ObjectiveBendContract.Refusal) → t.ctorIdx = 0 → ((layer : String) → (missing : List String) → motive (Minidregg.Compiler.ObjectiveBendContract.Refusal.selfBound layer missing)) → motive t
def	Minidregg.Compiler.ObjectiveBendContract.Row	c6dfdc86b65c489cf690d7e604c700a718dbd4a0ae8ab98962047ac9b61c0e90	603b5a488c8f62d53fcb1d5e8fd24f07efaf38b2f85976b18434fc6c080bf657	854f1f3b15601fd4d0dea38584272a13c98ec15955c2cbeeb8ee7ea3a3565039	28a20064ccccdc8e	-	Type → Type
def	Minidregg.Compiler.ObjectiveBendContract.checkBounds	a7960a7c5c5efda5cbd82c4b0fc7a4d6aabb4363e32d1f9c47e8ef1a48c3445a	82e6e2542d60b6c0fbf9b9f07053d1ae7eb352504f8ad46f10d45c408ade00d3	6de9a955353874e046e571a32534241f364f6db47099ebbe50261f6ec5d4d0d9	8322d1de1f988354	-	{τ : Type} → [BEq τ] → Minidregg.Compiler.ObjectiveBendContract.Row τ → Minidregg.Compiler.ObjectiveBendContract.Row τ → Minidregg.Compiler.ObjectiveBendContract.Layer τ → Except Minidregg.Compiler.ObjectiveBendContract.Refusal Unit
def	Minidregg.Compiler.ObjectiveBendContract.checkLayer	0b7fbeb91723776e7936d1d88488c10101a085f76275d4b7429c03f25ec85357	33972675e237908b17f8b5f48ed01cb2ca026ac4e501b95e76df075fc64aa8ab	facc670357e3cbe4fca213b00161e5d923e7cf783c45179aa801f4594e604c56	91c8ec747c03cd5d	-	{τ : Type} → [BEq τ] → Minidregg.Compiler.ObjectiveBendContract.Row τ → Minidregg.Compiler.ObjectiveBendContract.Row τ → Minidregg.Compiler.ObjectiveBendContract.Layer τ → Except Minidregg.Compiler.ObjectiveBendContract.Refusal (Minidregg.Compiler.ObjectiveBendContract.Row τ)
theorem	Minidregg.Compiler.ObjectiveBendContract.checkLayer_ok	1309a55e8c41cafaf71aea72d6f2ea435ec7655297181272368424293f86525e	31cdbf5ed9a3afa12abf5da20b6104cda4449ba6cb119bf3e5f77e4c631d3fb2	665a36c3fc4ed321f343ce6ac9f2a29ad309d06f52f591dae97e8fea5c0f4139	3557d1bb00ac07fb	propext	∀ {τ : Type} [inst : BEq τ] {self beneath next : Minidregg.Compiler.ObjectiveBendContract.Row τ} {layer : Minidregg.Compiler.ObjectiveBendContract.Layer τ}, Minidregg.Compiler.ObjectiveBendContract.checkLayer self beneath layer = Except.ok next → Minidregg.Compiler.ObjectiveBendContract.missing self layer.assumes = [] ∧ Minidregg.Compiler.ObjectiveBendContract.missing beneath layer.consumes = [] ∧ Minidregg.Compiler.ObjectiveBendContract.replaced beneath layer.provides = [] ∧ next = layer.leaves beneath
def	Minidregg.Compiler.ObjectiveBendContract.checkProvides	9d6604869068044ad9cb1e0bb262519e734cda56a82cde530055938520b93f04	3c6bb43c933e7aae6dbd8acbbe0a195b5015720a4709ebe47466e5ac9c6477e8	6f7c2c0349008313534fb35e6beaadb217dcea9aa957b2102c15a659bee8c703	50ede74f7af115d6	-	{τ : Type} → [BEq τ] → Minidregg.Compiler.ObjectiveBendContract.Row τ → Minidregg.Compiler.ObjectiveBendContract.Layer τ → Except Minidregg.Compiler.ObjectiveBendContract.Refusal (Minidregg.Compiler.ObjectiveBendContract.Row τ)
def	Minidregg.Compiler.ObjectiveBendContract.close	150c1fd22a07193a09be7e20b795715f91c5790cb087aa45728a6cf4fb7b2129	e8b04a8dc9b17804b0a2a24bceb28363f9efeae71572aa8632c5b755c74b4673	8571bdf068a98284e17dff18f01570d9589b273766d30a759e9d628c41c3a6ea	e6b7382280213bdb	-	{τ : Type} → [BEq τ] → Minidregg.Compiler.ObjectiveBendContract.Row τ → Minidregg.Compiler.ObjectiveBendContract.Row τ → Except Minidregg.Compiler.ObjectiveBendContract.Refusal Unit
def	Minidregg.Compiler.ObjectiveBendContract.discharge	814933f19eb098f40b6decf7f9d910c1c6adf5302766d7dd1758183d2a54c10b	c449950144e6d7ad7d23636a6f15decffc9c2c755533a38783b6b6ab50a49eee	c41c452ef9c9117d1bf22652c7942848109fa68f7a64450953dd701c0ef2ff9e	33ea2bdbdd7779b7	-	{τ : Type} → [BEq τ] → Minidregg.Compiler.ObjectiveBendContract.Row τ → Minidregg.Compiler.ObjectiveBendContract.Row τ → List (Minidregg.Compiler.ObjectiveBendContract.Layer τ) → Except Minidregg.Compiler.ObjectiveBendContract.Refusal Unit
theorem	Minidregg.Compiler.ObjectiveBendContract.discharge_ok	af4d2fa35468131f5a6819e7fa1d034a7e1f6f2c54c63e5436b52af30c89cd1e	8bee0fa42e5669d236a4740061381d8c5aa7d369b3fea3e4030515794f795345	4a3db0c1bc6d735983916f0817ebbd822a2ed3e7ac67f84036644eaf558dc47f	da9688ab337761f9	Quot.sound,propext	∀ {τ : Type} [inst : BEq τ] {self seed : Minidregg.Compiler.ObjectiveBendContract.Row τ} {chain : List (Minidregg.Compiler.ObjectiveBendContract.Layer τ)}, Minidregg.Compiler.ObjectiveBendContract.discharge self seed chain = Except.ok () → ∃ final, Minidregg.Compiler.ObjectiveBendContract.run self seed chain = Except.ok final ∧ (∀ (n : String) (t : τ), (n, t) ∈ self → (Minidregg.Compiler.ObjectiveBendContract.get? final n == Option.some t) = Bool.true) ∧ ∀ n ∈ Minidregg.Compiler.ObjectiveBendContract.names final, (Minidregg.Compiler.ObjectiveBendContract.get? self n).isSome = Bool.true
def	Minidregg.Compiler.ObjectiveBendContract.get?	3b078b9545fbe6d08beda964e136644793f0235799b6efcf492bd0fae424428f	dc0efdda9aa502439405e074305f68b708017118e71d6a435f59b3efba249cb2	dce856a5946fb346b9caa100b50e52d594bd193a0fdd38561e62edc737d164b5	fd3635a1a7813624	-	{τ : Type} → Minidregg.Compiler.ObjectiveBendContract.Row τ → String → Option τ
def	Minidregg.Compiler.ObjectiveBendContract.missing	1d545c3bb19992a18ff9862e53b1c565949cb8c39a652e23a74341637159cc11	7d923fb801f026ef69d379a7547b39b171de48812bbd5f8dd63bb7d68d33320b	0c4ef10777cc637af716ee5dfd4dce0d9eee781b2e10650bc9187767b9dde5b3	2a9e82a51a6e5b90	-	{τ : Type} → [BEq τ] → Minidregg.Compiler.ObjectiveBendContract.Row τ → Minidregg.Compiler.ObjectiveBendContract.Row τ → List String
theorem	Minidregg.Compiler.ObjectiveBendContract.missing_nil_get	07584249a6db84aa9aabd5563bb9359ada4edfb72799ebdf6f893c6f3f7d7291	dbc4f9b244cd73e3918b56cd2b7b66cc69ed5b9f3a633c05e2c04bb0229dc46d	475d3ca6b0e42cbc769910f23c8b2696562a362c51a5137ff8d912f084cd06af	8d57380ff8c9926b	Quot.sound,propext	∀ {τ : Type} [inst : BEq τ] {actual required : Minidregg.Compiler.ObjectiveBendContract.Row τ}, Minidregg.Compiler.ObjectiveBendContract.missing actual required = [] → ∀ (n : String) (t : τ), (n, t) ∈ required → (Minidregg.Compiler.ObjectiveBendContract.get? actual n == Option.some t) = Bool.true
def	Minidregg.Compiler.ObjectiveBendContract.names	a43f0cc0b1d03aeb49814685de01a9c0e92443fbbf88ebb115cc727075212034	ed32af57ce30a589cd538ef636276b1482ca15ea0769695a41d9f29aba79d26a	52286771b3d58189c55ca8fea653793a2a803e1daaf52c439d38ee7fa1df5530	f1e127fbaecee4a7	-	{τ : Type} → Minidregg.Compiler.ObjectiveBendContract.Row τ → List String
def	Minidregg.Compiler.ObjectiveBendContract.replaced	2d7540a8b8cc22f6ce57506b0156abb0e328c0417217a5377268e10522b29cec	7d923fb801f026ef69d379a7547b39b171de48812bbd5f8dd63bb7d68d33320b	1a73561ba42d1b13630786ab59550e0db6261e15225bbe131b6aca05214ce2d1	72bada858cec3f09	-	{τ : Type} → [BEq τ] → Minidregg.Compiler.ObjectiveBendContract.Row τ → Minidregg.Compiler.ObjectiveBendContract.Row τ → List String
def	Minidregg.Compiler.ObjectiveBendContract.run	690f54ab9b71435a2b031271562fa05aec37419104a894e4b0074131ecdc4884	84c55f7a8b85f165da26b5372f12330d77c2fac66b0cb2b3299707b5fa8f87ec	c27d7e41b43171e36cfe881e58e401bd657f5f61ce8edc664715396391b8d6a0	828ce7897ad37a66	-	{τ : Type} → [BEq τ] → Minidregg.Compiler.ObjectiveBendContract.Row τ → Minidregg.Compiler.ObjectiveBendContract.Row τ → List (Minidregg.Compiler.ObjectiveBendContract.Layer τ) → Except Minidregg.Compiler.ObjectiveBendContract.Refusal (Minidregg.Compiler.ObjectiveBendContract.Row τ)
theorem	Minidregg.Compiler.ObjectiveBendContract.run_append	2a683e47aa16d1b8de9c82d7646d796432c7cab1c6fe3868fb621f0efd1a7865	6ea5f12cc6f25be0cd758aefd6e0603d880aabacd7e1306a942ce589dd0c8489	89ab737caaa0c1d080b1d9fd64f6d3553f1b78c1aa3817c0178a8ad5da7fb2ce	9b0845d91283784d	-	∀ {τ : Type} [inst : BEq τ] (self seed : Minidregg.Compiler.ObjectiveBendContract.Row τ) (first second : List (Minidregg.Compiler.ObjectiveBendContract.Layer τ)), Minidregg.Compiler.ObjectiveBendContract.run self seed (first ++ second) = (Minidregg.Compiler.ObjectiveBendContract.run self seed first).bind fun mid => Minidregg.Compiler.ObjectiveBendContract.run self mid second
theorem	Minidregg.Compiler.ObjectiveBendContract.run_assoc	5e692926539b75dacef176acdcba18659b986ca115d09349b73eafa3494117a9	80428e65574ab97f2d76ef94c5f171d4b89c8680fbbdf5c1cfc62f69300aa73d	d996e27b280410316c2a474cb804dbed20e87a9c9a40c2499b379672b2b41055	7bd55523ece154ba	propext	∀ {τ : Type} [inst : BEq τ] (self seed : Minidregg.Compiler.ObjectiveBendContract.Row τ) (a b c : List (Minidregg.Compiler.ObjectiveBendContract.Layer τ)), Minidregg.Compiler.ObjectiveBendContract.run self seed (a ++ b ++ c) = Minidregg.Compiler.ObjectiveBendContract.run self seed (a ++ (b ++ c))
