# Kernel.AuditTiming: Objective contract manifest. Written by `scripts/check-objective-proofs.sh proofs --pin`;
# a removed or changed row needs a line in scripts/gates/objective-contract-changes.txt.
def	Minidregg.Kernel.AuditTiming.Handle	dfe2539f3a22f529d0abd6d33abb526b8d6ddaff9e40b9e5fe7ccc93d7d461e6	89855d392aa192071e8a2b2230d30ecae8fc9de0c15fa6a53f6209226829292a	1f7ab74193c2ad6af97070d5b912f6197ab20e687282c95f44c4f7e66aeb5a15	4497808c106000de	-	Type
inductive	Minidregg.Kernel.AuditTiming.Progress	b99bdd156c6b1c63c64c597565ff2210d73c8a4efa9f95eadb2055f758e5458c	16946b93ac38405660f51e475eb5aa7d25b54f5e5677e0f6a10a4526cc071cbf	789acc1aa30ec9b53083ed3a5d829f36ccb91e658fed5fd4a529652ff83da3db	79392cec10f15d24		Type
def	Minidregg.Kernel.AuditTiming.Progress.family	0b58599d6eebe10478ca3c7920bfa8b9609656c7dfde94a44c320ec67019eba2	4e4d79262d1b0fdcb236854dbc5abe9ffcd6585e59b3d0215058e7c11b518875	9286a6af2a7868dde9cb76c350251f224d8e10bf95b61f5138e246475cb3b31a	d8cfd56ee7569c0d	-	Minidregg.Kernel.AuditTiming.Progress → String
def	Minidregg.Kernel.AuditTiming.Progress.index	76eb2e4ccefac94fc4837bf2a82c34f5de28734c155fe12aad039ac5de2d9bd2	aa31e7014b494e2d1be5e2ab9dc5a0d6a527f66f93f0696da9262ddbf2eb7d78	f0d1f9b627cd7b3dc980aa069d092ee15a358ff6801c7b9abf15c87eff05d01a	643ff852265cfca2	-	Minidregg.Kernel.AuditTiming.Progress → ℕ
ctor	Minidregg.Kernel.AuditTiming.Progress.mk	73588dde4964e6e9e347b8bda2af025d512c8a58705e9f293c773d25c911187e	c3544e9af1c92f83c68bb97d5994c997e786276b0acb678b04cd27fadd77f685	b12761a1a650ac6b4c2cf4be7aee1b5af485ea62df0a485e5e6497121033ebed	c5fe43c373a7ccd6		ℕ → String → Minidregg.Kernel.AuditTiming.Progress
inductive	Minidregg.Kernel.AuditTiming.State	4ffea36794e1a2056cb435bfa877c26593399034844b0353efa5c666ded46de9	16946b93ac38405660f51e475eb5aa7d25b54f5e5677e0f6a10a4526cc071cbf	c809644bee297f73ff012cde25c133613fd8424b0f6c0182b5c7d30e5860a58f	0856027d0060c62e		Type
def	Minidregg.Kernel.AuditTiming.State.current	8bd534beababd56635a908fcd30f80c9803b603e13db39e0be357b014b6ddf22	bbbc084b70c88e974fb5e283a5b67b37dcd7e2c66d544006f201cbefa35090a2	81ed770d6cfd00f620b0bfd1a1daaad61bf55b79878cbe2b9e4ea5502ceee431	c44f798652b6f699	-	Minidregg.Kernel.AuditTiming.State → Option Minidregg.Kernel.AuditTiming.Progress
ctor	Minidregg.Kernel.AuditTiming.State.mk	5c73f11c9ed4f25f229bce7b4d2eb2aaf0571429fea2d3ef48266bd5c53650b3	07b38f01fe65363efaf88dc84884796f8c6a69e71d2833c6a1c25fe178e828c7	fe99dce77c1783c390a63bbcba05172a7d0092ada5c45111ace1712a55f24999	68ed8ff964307dbc		List Minidregg.Kernel.AuditTiming.Total → Option Minidregg.Kernel.AuditTiming.Progress → Minidregg.Kernel.AuditTiming.State
def	Minidregg.Kernel.AuditTiming.State.totals	b70a855d694992bd4a59131129982309ebc8bf52cdda33f74295a0035268a252	2559f13684995b69edfa48e61ea575fa1aab263ca5a906b743440041bcd90bfa	58ad6ab5085a84891a0f4c22f5545cb1243838d56dba9ba59643842e41414530	264a4cb20d22b709	-	Minidregg.Kernel.AuditTiming.State → List Minidregg.Kernel.AuditTiming.Total
inductive	Minidregg.Kernel.AuditTiming.Total	6e1d61e675809682ffdb516f8d886d59b2d683667dd39e032aa8b73f77292d51	16946b93ac38405660f51e475eb5aa7d25b54f5e5677e0f6a10a4526cc071cbf	25237caeb2e5b11f688d05f2a9a62a189aecb81b46c9ae7f9746938293819b9a	abbe02100eb684d3		Type
def	Minidregg.Kernel.AuditTiming.Total.count	be33200bb8dd90a4c4e7527c1a8197b85b3d8cd7a87a8b187421cf9c3d990058	43fb9cac9cf7faa77c1014c84fca6470df660fbd27027e0db35caf937200569e	fad552b2cd4d17efb15b690411b2e96eb62596a1f7cb0ffd357d9cba1fb3935b	eb6b42aed2f1585d	-	Minidregg.Kernel.AuditTiming.Total → ℕ
ctor	Minidregg.Kernel.AuditTiming.Total.mk	ff9a953e1da907e79847d1cac24838dfa2f74eee6ad529b1bfa54b8c585c1c96	71809ddf7ad71ae06ee4b37fe5bea8999252540e2f73ffdcf2495cbcc139beda	f7360866440f3dc329530d7800e4caa37caad62820c480f27455cd2eb06a92aa	1f361f1e3e57c857		String → ℕ → ℕ → Minidregg.Kernel.AuditTiming.Total
def	Minidregg.Kernel.AuditTiming.Total.nanos	462e7fd2c882e8822408f21ed6b3c52260a70860a3900e944457db4d29066b7f	43fb9cac9cf7faa77c1014c84fca6470df660fbd27027e0db35caf937200569e	55f5d1d40c187c08e2eed12734ab1f05972f1cf6504e4ba5af0e5a0d9f3837bd	059779a3b4d0eb62	-	Minidregg.Kernel.AuditTiming.Total → ℕ
def	Minidregg.Kernel.AuditTiming.Total.phase	912330a33b73a534200d23da430467be669c80099c01db900d56624ebada29bc	b37833e317d2f667a1299195ff25b1c82d6648e747c05507700bb1c125ca2f07	5699b6a9614b6a476c5233bdec76bce396cb05db88c66b700abfffcfe3aef05e	93e149fd4adcf3ec	-	Minidregg.Kernel.AuditTiming.Total → String
def	Minidregg.Kernel.AuditTiming.beginRecord	5db08e99a2db41c65a8898e1e6496171714282e4951e8ed436403075f254a0f9	e10449de6f3088165c55606f7ed25a6931c8406285ac6e83376ee8bfc0a0c214	10da8bedbab853d122ce35de4657a395d7feafaa2d691f5fc56e9391525f5e51	ee6e0822ce7fb4ff	Classical.choice,propext	Minidregg.Kernel.AuditTiming.Handle → ℕ → (Unit → String) → IO Unit
theorem	Minidregg.Kernel.AuditTiming.beginRecord_disabled	d184b4fbb8ce3e5b5426ecc917b493d40bcb0d5511d5f2dfa62ca4c2be7fda72	1f661ecc8876555ba5b05998b058efb5d5f46c6f115e686c41665c277731872f	f7e72359696ec462f99bff7bbdb32e62c4f361865f998cf0bf075273272d97ad	073ab6e8b0599384	Classical.choice,propext	∀ (index : ℕ) (family : Unit → String), Minidregg.Kernel.AuditTiming.beginRecord Option.none index family = Pure.pure ()
def	Minidregg.Kernel.AuditTiming.fromEnvironment	a926c3723df4f9337c692ebb109fdd23727816bb1ceb55b0d30e2f705a007813	fab3ab18716b34e7a84a30488dc1a22ff8693ff5a2609f219f2858a6dd8b70de	df00dd5d6860369f34e714aaf03c6c399225ae986d7de087ae154f4a40c2321f	094df1f819652843	Classical.choice	IO Minidregg.Kernel.AuditTiming.Handle
def	Minidregg.Kernel.AuditTiming.measure	aedbd6151d56fd1d38cfc643f2ec58da7e8be2c680f555693212dae078cd263c	c0469907f4c5fb0a07404f6912528f62404df5e78b9465b5c4380db377e314f1	3f1cfecf0b2b7fea84b8e0ce345d9e689b59f763eec457b713b31ee8e238e06e	0f20868280051cb7	Classical.choice	{α : Type} → Minidregg.Kernel.AuditTiming.Handle → (Unit → String) → IO α → IO α
theorem	Minidregg.Kernel.AuditTiming.measure_disabled	221652cc8d5b0f3b818e5bf051bbd24e4a7b554341aafca0c6a27c2c4650253d	22ea125c4894779ddc8fb2cd7dc107b909eb97deeb3bdaf401707fd8b2b2bc6c	8829b898b9613126cc1b61bc2fa4001bb4df927ef9693b394698e576ae251407	eff1ffa849b65d42	Classical.choice	∀ {α : Type} (phase : Unit → String) (action : IO α), Minidregg.Kernel.AuditTiming.measure Option.none phase action = action
def	Minidregg.Kernel.AuditTiming.report	1376c679f88335b61a7eed6ab37c1eef1dd0962b800154f73f9df8db28e982d4	c827d85d64a19de55f9c12e9dac00b050afc80765a5fc04a2ae78c24be4c2704	ad582201b49d65fbcd652f23835814be669b7d2c743cec24ec1ab99b87522244	dd95e6719a17ecee	Classical.choice,propext	Minidregg.Kernel.AuditTiming.Handle → optParam String "final" → IO Unit
theorem	Minidregg.Kernel.AuditTiming.report_disabled	74816dd9f0a29897951984c0da858b05849d68839c2c0ab3158c0b55c4d0f77f	ac20e84c98c7a0e45e43486f316784c7d75d0509aac7f7f4ab06727fdcc2a11c	5e8cd56d924b3e8edb6c541d39047de9c811e113a02703668353e0261347b539	f0f370ab42a8078b	Classical.choice,propext	∀ (status : String), Minidregg.Kernel.AuditTiming.report Option.none status = Pure.pure ()
def	Minidregg.Kernel.AuditTiming.value	d41e5ddf41006a7b0b9d1a5b3c0d9c216d369cd7ee392f14f0b05cdaa71af28a	11a5daad6a52201acad60a0207d875db2aab9fe36ff8c0ffbb15109b1bd7a4d4	635832b903e349e7b6e99a15d2d837dd091165ce146045a97d1dcfefbeef5d01	edc79b54cecdbc91	Classical.choice	{α : Type} → Minidregg.Kernel.AuditTiming.Handle → (Unit → String) → (action : Unit → α) → IO { result // result = action () }
theorem	Minidregg.Kernel.AuditTiming.value_disabled	52bd3e08a34afea5618374ed9718b6ddcadce6f541a36d2a90b94b08a979acd7	e3d2fa8a73665b5c8697a745e3a8b0759f259ed6117eacb986dd14ca2487a9a6	4c1a212d052202ab7f4cdf9adb1653f0bd2bedf09af3f7c48ddbd3ad29edaa60	113fb90356d15900	Classical.choice	∀ {α : Type} (phase : Unit → String) (action : Unit → α), Minidregg.Kernel.AuditTiming.value Option.none phase action = Pure.pure ⟨action (), rfl⟩
def	private Minidregg.Kernel.AuditTiming.add @Kernel.AuditTiming	451364fbcfaf219cf802b37ab0428e92ec66a548066429e1e9aa9ace8c24568d	48ba49c485d23e7fe14ff0ee2bb95a39928363a6d933afd5ff863fd4553b81bc	b4b1673a14390a3bea9f1b58071237227c111694f131505e94c961b1bf32ebd5	6a9a04409cbcb7a2	-	String → ℕ → List Minidregg.Kernel.AuditTiming.Total → List Minidregg.Kernel.AuditTiming.Total
def	private Minidregg.Kernel.AuditTiming.record @Kernel.AuditTiming	d47959056352d15864e4f96c24a712c4bb48a615d818fa382386b4638da40c9b	183342919d450de9ae82ec3b909ebe715f28724b96f4e5d4dfc16324766196e3	eefb8708a878ea4a60b69409596af5633c7e3f68b46d63519eac60c2ec10bcaa	06bc5a90cddb941f	Classical.choice	IO.Ref Minidregg.Kernel.AuditTiming.State → String → ℕ → IO Unit
