# Kernel.DeclaredResourceProjection: Objective contract manifest. Written by `scripts/check-objective-proofs.sh proofs --pin`;
# a removed or changed row needs a line in scripts/gates/objective-contract-changes.txt.
def	Minidregg.Kernel.DeclaredResourceProjection.Values	168f31b933a5ba1a7da532336023026a93463cfea0b079952791c4100df98f93	89855d392aa192071e8a2b2230d30ecae8fc9de0c15fa6a53f6209226829292a	55c7c63318e4f00999fa67058a2b81b9b8f626f63a0e4ecccd82b9ba4c4c2f22	e43d631d6e722e01	-	Type
def	Minidregg.Kernel.DeclaredResourceProjection.fieldName	79aa852c30de20af2b8a6442dba2aebd18248fc540b2266e975856c9299d3ab3	24856460702bab1c4c2de0ec50add842b67e8f6b3a02bc22d95aec60b63ffe0f	3264f58aa34ce5f91ad4fe1b375e14ce43fbb8e04a359062915c144491a9962e	dd0d813c6441b4d6	propext	ℕ → String → String
def	Minidregg.Kernel.DeclaredResourceProjection.get	8a2531584e8a3f5ac3953b8d70c87c217f0aa3d3cc749bbb89547b502561758f	56d6ea2166e94714c36a2fdbdccd9e30581097628a043d2b73a7e64704fcc824	081161421752492a2c2da3462911529854ab7357e2b8f662027edeb4a0cda2a1	f36391a9db6171ae	-	Minidregg.Kernel.DeclaredResourceProjection.Values → ℕ → Option ℤ
def	Minidregg.Kernel.DeclaredResourceProjection.pairName	ac13972c197c1c2efda122f615230dfd52e34492ccc541a16e1c35383605bf16	baf4fc246a476e61b80e9298bdfc140bb282e98c1269636b2dd8ddaa0e1f71d9	02cfc096ed4a82b35fdacf6da40b627a6dfb92d4e096a7e3d4cd4fbb922e1b6e	5f4cebaa20e1c9fb	propext	ℕ → ℕ → String
theorem	Minidregg.Kernel.DeclaredResourceProjection.pair_delta_nonpositive_iff	6bf0082665f156dfa0f01e89d8377dcae76f00f3f5f2bbfcb6d389208641cc64	c5fc98ca89de3033303e57f983974dd0cc80f342a5589f1d396c1e58b611794b	76156b70a67ffc1bc849a40c03d636356b6cea45fd9469f79aa53f0ac84beb9e	fe39becb1281ac1f	Classical.choice,Quot.sound,propext	∀ (oldA oldB newA newB : ℤ), newA + newB - oldA - oldB ≤ 0 ↔ newA + newB ≤ oldA + oldB
def	Minidregg.Kernel.DeclaredResourceProjection.project	3ef33e6da260f5ee9c0d04e796c52eb73f19d4ca06b53be9348bbc3a7b2f9175	fd801c7344df34cee7dfcf89fb14c5f4056f8594b4f0315ac26aa9423010d5e6	793cc570719a6fc08954654438c94cb111b0bdb79b2963185676f26fec0616fd	1d96c88d437bbd92	Classical.choice,Quot.sound,propext	ℕ → Minidregg.Theory.Store.Store Minidregg.Theory.EffectDeclaration.effectLayout → Minidregg.Theory.Store.Store Minidregg.Theory.EffectDeclaration.effectLayout → List (String × ℤ)
def	Minidregg.Kernel.DeclaredResourceProjection.scalarSlots	20010c2ba988032bcaa47042aa72ac89fd768e77fdb12d3f229086b9cbd7ddec	1a8129fee428fa468be3e72ae76d0b261276ba5a7c0d0d6997e2e8bfb9fb4b63	8aa53b12cf3980fe5e98d69d16a24f3e08ee36f4e88f4ea127d93bc7596e2f3c	8dfafe391f024e8e	propext	Minidregg.Kernel.DeclaredResourceProjection.Values → Minidregg.Kernel.DeclaredResourceProjection.Values → List (String × ℤ)
def	Minidregg.Kernel.DeclaredResourceProjection.values	e2dafbf9f5f2e1abd76798be5088568f0c21a42db8ef0b94242b5ee170468416	3b92240a4074d57ed0a04a051bcd963d077bfe3c9ecde65bbc84e5a741d5c230	a997fe27e785ba17f2a6e25dc532e420f6dc2a2e23f7a129c1228006a7f7f012	d31271d7741b30cf	Classical.choice,Quot.sound,propext	ℕ → Minidregg.Theory.Store.Store Minidregg.Theory.EffectDeclaration.effectLayout → Minidregg.Kernel.DeclaredResourceProjection.Values
theorem	Minidregg.Kernel.DeclaredResourceProjection.zero_delta_fences	1c4d5f5d8116439522e8ce537a970c9af7393398ed775bfc2a27d870a77ebb12	f564872da4939876b1070cc43f5cdada8dae45462638037d9969cd19f0ce74a0	945227f1f2fe2e625811c430a3b2fbcedae10108ae2be4d4ed0860a7c4a62439	303d3c49ceda1e2c	Quot.sound,propext	∀ (before after generation : ℤ), after = generation → after - before = 0 → before = generation
