# Kernel.JointReservation: Objective contract manifest. Written by `scripts/check-objective-proofs.sh proofs --pin`;
# a removed or changed row needs a line in scripts/gates/objective-contract-changes.txt.
def	Minidregg.Kernel.JointReservation.Compatible	5b7e31997b3c0144681e0b4fc2d2c36b88e1f0a91d5b4a3a60ef7a62fd0136a2	b5dc3dbbeb7f5f44a3bfa8c76eada3a6c79b4ff789b9d9f3ae32f7e6264fc13c	cebd89ebd68d4551b122eaa6fc4426c11231a07a5825e099296ddf7c02b164ff	a658f99d80f71d59	-	Minidregg.Kernel.JointReservation.Reservation → Minidregg.Kernel.DurableReceiver.IntentRecord → Prop := fun held next => (∀ write ∈ next.writes, write.cellId ∉ held.footprint) ∧ (∀ guard ∈ next.readGuards, guard.cellId ∉ List.map Minidregg.Kernel.DurableDataIntent.DataWrite.cellId held.intent.writes) ∧ ∀ claim ∈ next.nullifiers, claim ∉ held.intent.nullifiers
inductive	Minidregg.Kernel.JointReservation.Reservation	464796e267abc62ca61bd8823eba378a3c7c1f5e85685608a72b456ef8eb5fbe	16946b93ac38405660f51e475eb5aa7d25b54f5e5677e0f6a10a4526cc071cbf	86772e3a5093a08558c4730e90d97f2515c1ed25fb139619ef136f634e3f82f5	c248f0447065e4c6		Type
def	Minidregg.Kernel.JointReservation.Reservation.candidateBytes	e61b7e90d554085e505217b49ba9e8f8b3c2ba9f6c13a196e4e0a1854a410fca	eba0c3c534348207698aa9a2dca80a1ccc3d1bcbfe9f0ec657ea2563545f8405	439403ccd983a3791e96708cb7102a5bb1a71c6d0d4f3e3ff318031fb7a0e84e	048be6229bbef1ac	-	Minidregg.Kernel.JointReservation.Reservation → List UInt8
def	Minidregg.Kernel.JointReservation.Reservation.domain	0c7432ee222adc0364436509fb493de9cbd10316c5e8dd0e7729b52fc970b30e	67a3b2a6acca8c19964f955000982ac78c3ac3db618a1cc7b3909dd43a09ad8a	ebb5d02ab947039ab778cc777f79e60ef80c5a7d647110f056a08f3f63e4fd66	2bda8e715c61ef98	-	Minidregg.Kernel.JointReservation.Reservation → Minidregg.Theory.TypedAuthorization.Digest
def	Minidregg.Kernel.JointReservation.Reservation.footprint	80376b135218da10f8ed233f7ce31187dfc3c5ab27d36203b4f5c9bcd680d3fc	3378c876ed2ab871c1e76b6aba2baecea05f97120ec32cc876b22fa8dc4062a2	2bd677c802a1218aa2caef786f6b388bb9e43d8b07071e63cbb3c2fba52e663d	0df8c8699392758a	-	Minidregg.Kernel.JointReservation.Reservation → List Minidregg.Kernel.DurableDataIntent.CellId
def	Minidregg.Kernel.JointReservation.Reservation.generation	60ea8d6d8f3c11726b3b5f0539a4872ca2976b49187fd711c26a39c226d5a63c	0cf83334a587544e8f1b67f077c090fa77f8375b26e61a55e3abb307886afc04	e705d554710723bd8e5aac3064b871684607aeb1d88d107586667bd08f12ea2d	ad7d25f0c594257d	-	Minidregg.Kernel.JointReservation.Reservation → ℕ
def	Minidregg.Kernel.JointReservation.Reservation.intent	5d9f3d5b1ab9691461e5f9cea0a80aab58189c0a18a3e13ceee032d928b627ed	73628ced5f01d338cecb387a3ec3d7ba19a6975c8bdf43394ec5d96e56496d6c	8d92121f41e662d9519cddf9d2d960dbe9d63efe686f1d51caf80320d325f6a4	60a3ea7a5eeb00eb	-	Minidregg.Kernel.JointReservation.Reservation → Minidregg.Kernel.DurableReceiver.IntentRecord
def	Minidregg.Kernel.JointReservation.Reservation.lineage	39ec75ffdb987f7ae673576dd81b936b437420871cc534dcfddb9a18ee85c12a	f276f773c476f3f12a7dd4a08eb452150292bd2cc6e82cefdf6ba578c8af97cc	e6b5388fe99289249ee0e0f87c0346cfcfedf01bce8256ebdf4b78322e2a22e6	5cdeba75501f5bb3	-	Minidregg.Kernel.JointReservation.Reservation → Minidregg.Kernel.DurableDataIntent.StableNullifier
ctor	Minidregg.Kernel.JointReservation.Reservation.mk	1b14be41ae279b045a94e79e0f26d371efa31ea8ebe1f6b369104646d667d400	445d8abf33adb20c85145db963c9c12e7de5686373ecace199826c12c017d6f3	0f18313c984b388e5d8c58fe32ce65315d8711157bd787b852594ffa681d3ba3	2bc687dbb8ee5a23		Minidregg.Theory.TypedAuthorization.Digest → List UInt8 → Minidregg.Kernel.DurableDataIntent.StableNullifier → Minidregg.Kernel.DurableReceiver.IntentRecord → List UInt8 → ℕ → Minidregg.Kernel.JointReservation.Reservation
def	Minidregg.Kernel.JointReservation.Reservation.sourceImageBytes	15b3d047da37c2afbad29c22d70228f74419d7d172c7a793fc32e91efcf9e3c1	eba0c3c534348207698aa9a2dca80a1ccc3d1bcbfe9f0ec657ea2563545f8405	6f9db2b3e0eba345b140c3dffe1e9216cdc1b2c47d1376a75977af6fcb791067	38fd668fb9270e5b	-	Minidregg.Kernel.JointReservation.Reservation → List UInt8
def	Minidregg.Kernel.JointReservation.Table	631e58aeb17e79c40fa6c22c31433fa4317223cd775f8e54a3235a5d8acc60e2	89855d392aa192071e8a2b2230d30ecae8fc9de0c15fa6a53f6209226829292a	56fb1fda4d39760907e392e5c2c47f57bf18726c07c53008d4354277eb52361e	c2df7b2d471a7107	-	Type
def	Minidregg.Kernel.JointReservation.allowed	145621d57ead7015d4d66f799df2d4d2f3dd0ac881211d49363f06ef8bac0bfa	ae9eb50b0dd6b39b9dc4b02f5237b7c2fd7ba10fac780916303313140a62e1ab	68802a133003df8c0085593785987e8ccab9efc9fbd3311710a010eaf2bbb00a	8651300c3b5fa385	propext	Minidregg.Theory.TypedAuthorization.Digest → Minidregg.Kernel.JointReservation.Table → Minidregg.Kernel.DurableReceiver.IntentRecord → Minidregg.Theory.ResourceCost.Charge → Bool
theorem	Minidregg.Kernel.JointReservation.allowed_compatible	ce0a0a633a2ffa3672af7a016c5f6c2d3ccc280d35f68f5915cc5ccc2a58fff7	cfebe1fa8aa495aea4a08287ff1132049f5d3def570fea68c6cf8ecd19d9ffdc	4afccf4a70d83c0f68405dcba607366c728af607f18923ca7bd5993480f39c73	85598153bc10c2e1	propext	∀ (domain : Minidregg.Theory.TypedAuthorization.Digest) (table : Minidregg.Kernel.JointReservation.Table) (intent : Minidregg.Kernel.DurableReceiver.IntentRecord) (available : Minidregg.Theory.ResourceCost.Charge), Minidregg.Kernel.JointReservation.allowed domain table intent available = Bool.true → ∀ held ∈ table, held.domain = domain → Minidregg.Kernel.JointReservation.Compatible held intent
theorem	Minidregg.Kernel.JointReservation.allowed_funded	20c04a9c436e6059ba563b458fa83efb0f613684ba27e62d8dac5005152d3d19	d537b6a2568ee1e4e44ce5f734b54df460e0a3b6aa893a2476e7b51237ddbc88	e7702f8dc967aa033c2a386ca46d5fd8cf37b406a34e23dcf32cb0ebcc05c0b1	a4df18f1fa71feaf	Quot.sound,propext	∀ (domain : Minidregg.Theory.TypedAuthorization.Digest) (table : Minidregg.Kernel.JointReservation.Table) (intent : Minidregg.Kernel.DurableReceiver.IntentRecord) (available : Minidregg.Theory.ResourceCost.Charge), Minidregg.Kernel.JointReservation.allowed domain table intent available = Bool.true → Minidregg.Kernel.JointReservation.heldCharge domain table + intent.exactCharge ≤ available
theorem	Minidregg.Kernel.JointReservation.compatible_install_preserves_bytes	27ab01aaff150ca2bd0f94c6f36bc1a5e87faafefd9ca73e90403fcd0ed90131	adda4b12b695a03309d571fc6b38e1648e5f3c2e834dc245d74e1d00612cfd9e	f164445593b1e5494c95756fd01359d2b7c1af6e4fc839aca1c562de336a4936	1dc752d6a7c0cd3a	Quot.sound,propext	∀ {rootBytes : List UInt8 → Minidregg.Theory.TypedAuthorization.Digest} (held : Minidregg.Kernel.JointReservation.Reservation) (intent : Minidregg.Kernel.DurableDataIntent.DataIntent rootBytes), Minidregg.Kernel.JointReservation.Compatible held (Minidregg.Kernel.DurableReceiver.IntentRecord.ofIntent intent) → ∀ (before : Minidregg.Kernel.DurableDataIntent.DataSnapshot rootBytes), ∀ cell ∈ held.footprint, (before.install intent).canonicalBytes cell = before.canonicalBytes cell
theorem	Minidregg.Kernel.JointReservation.compatible_install_preserves_root	4534a4e1c499ad4b607b18c6ce8e5d1f4e618d216a45fd4ad984149d5b6131d4	7bceb73d5131cb6e0205f8524fb707976c687c1b77441a8fc7837feac81ce37a	09b561fdcb4a0933dda370bb5d4714b0e25fabe98cfefd13227d37fdc5799c91	9a2d33b9a86d3d25	Quot.sound,propext	∀ {rootBytes : List UInt8 → Minidregg.Theory.TypedAuthorization.Digest} (held : Minidregg.Kernel.JointReservation.Reservation) (intent : Minidregg.Kernel.DurableDataIntent.DataIntent rootBytes), Minidregg.Kernel.JointReservation.Compatible held (Minidregg.Kernel.DurableReceiver.IntentRecord.ofIntent intent) → ∀ (before : Minidregg.Kernel.DurableDataIntent.DataSnapshot rootBytes), ∀ cell ∈ held.footprint, (before.install intent).model.roots cell = before.model.roots cell
def	Minidregg.Kernel.JointReservation.heldCharge	7bbcceed7daee66c482ebfe8f6f307c0370c603e83a9b9e1d444eeab88a95b6a	f0c6670ff072946de0b9c535a456ae7a5835b9fe76f7bebda7aae3226c2256ff	3f2a4ed24489c1314d5c5ad97c5e0b9549c06f8ac9f2d525a6bfda4b0420bfa2	b606ae592c191d34	propext	Minidregg.Theory.TypedAuthorization.Digest → Minidregg.Kernel.JointReservation.Table → Minidregg.Theory.ResourceCost.Charge
def	Minidregg.Kernel.JointReservation.releaseAborted	d28fca46d6b53e28424dd1d1c95ec551ffe1d318f3643227a90f388fa1b90e08	ab018ddaf807b0308370b1f1650318f8ced1f190d8e27b3e2b8a8911a029cccf	ec704ceab156cc87e9c2a30085fa4ec4daf64380b7a3afcb96aa885afaf6533b	a9fef304a3cb700b	Classical.choice,Quot.sound,propext	{Custody : Type} → Minidregg.Compiler.Tower256ConcreteBackend.StreamCodec Custody → {plan : Minidregg.Kernel.JointInvocationCandidate.Plan Custody} → (state : Minidregg.Kernel.JointDecisionRecovery.State plan) → Minidregg.Kernel.JointDecisionRecovery.Abort state → Minidregg.Kernel.JointReservation.Table → Minidregg.Kernel.JointReservation.Table
def	Minidregg.Kernel.JointReservation.reserve	af0a6c47451e729c2c0c3da7fb58699d29c4420f7874066a41d26117055e6a89	600cb6e54492913d8c027f1770298a3f613bbc040d8e714c7893f2fda989a522	0c45d54869153055eb418539f04630b9ba6e97df3499c1ab39a9ea764136b231	c7fdc64bc2254e85	Classical.choice,Quot.sound,propext	{Custody F : Type} → [inst : Field F] → [inst_1 : DecidableEq F] → Minidregg.Compiler.Tower256ConcreteBackend.StreamCodec Custody → Minidregg.Kernel.JointReservation.Table → {plan : Minidregg.Kernel.JointInvocationCandidate.Plan Custody} → (i : Fin plan.candidate.participants.length) → {deployment : Minidregg.Kernel.DeclaredResourceController.Deployment} → {profile : Minidregg.Compiler.CanonicalRuntimeProfile.Profile F} → {ambient : Minidregg.Kernel.DeclaredResourceController.Ambient} → {durable : Minidregg.Kernel.DeclaredResourceController.Durable} → {command : Minidregg.Kernel.DeclaredResourceController.Command} → {signed : Minidregg.Kernel.DeclaredResourceController.SignedCommand} → Minidregg.Kernel.JointInvocationCandidate.CurrentAdmission deployment profile ambient durable command signed plan.candidate.participants[i] → Option (Minidregg.Kernel.JointReservation.Table × Minidregg.Kernel.JointDecisionRecovery.LocalYesProposal)
