# Kernel.RunComputeView: Objective contract manifest. Written by `scripts/check-objective-proofs.sh proofs --pin`;
# a removed or changed row needs a line in scripts/gates/objective-contract-changes.txt.
inductive	Minidregg.Kernel.RunComputeView.ComputeQuote	d1d3b4f2869374d747ffcf870b1ec88f519cfc1b5c99925908ebf0ac55d7b1ce	16946b93ac38405660f51e475eb5aa7d25b54f5e5677e0f6a10a4526cc071cbf	fee24ead8d0148094ff97a13c83c134cd02f2e9d5eec68ac972996e7c4b5d4ca	05cf48fce85200ff		Type
def	Minidregg.Kernel.RunComputeView.ComputeQuote.bookRoot	44dd76a534ff42adeda708ddb88bc58bb506b52e786fbcf13ba16d45dd5a6565	7d77f27e924c96e3a3c9fbf767e60106d95a8ef5972d467e6d4e7898fbcffdec	885ae1e4228b96ca3b6e8c1d1f8bc15cfeeee117096f79a6f88ccff508715630	fba6a08f14956d69	-	Minidregg.Kernel.RunComputeView.ComputeQuote → Minidregg.Theory.TypedAuthorization.Digest
def	Minidregg.Kernel.RunComputeView.ComputeQuote.creditAsset	daee5e6bf6d507bd7e7f7413682ecbb9cabd259f4753d8cf93e6b0632a0600e1	b0988e6528154e685d70dfaa56e962c7da86820e9c527936cb31880db263b106	f4e969d330d2318dd622de36a80aa789c5d084301a630fa7d51e4a0b1f564d92	7c62b6bf5fa2a8a3	-	Minidregg.Kernel.RunComputeView.ComputeQuote → Option ℕ
def	Minidregg.Kernel.RunComputeView.ComputeQuote.creditsPerStep	750e9e35c63a551af1b96615254a2e545d2e6f8fa68d5687eb72efa72e5d504b	df974dcb78a60798245f2cb78f8e77fbd5b851b5f84c27a93cd5a6f11d6883d5	002b87fd348e54544204c5e8d3934c8cb50eec3e6502ff7e8dde29162988f4fa	a465fec8bbcd86b7	-	Minidregg.Kernel.RunComputeView.ComputeQuote → ℕ
def	Minidregg.Kernel.RunComputeView.ComputeQuote.day	97c43cb09bdaf631fc856e0c48a888dfb559edd1a877991dc889615caec1f461	df974dcb78a60798245f2cb78f8e77fbd5b851b5f84c27a93cd5a6f11d6883d5	c9ba51e18a8ee9e67850e5fc830adcd60c157ea2f236d2e8582901a9439f34d8	0b40a9d8045e7147	-	Minidregg.Kernel.RunComputeView.ComputeQuote → ℕ
def	Minidregg.Kernel.RunComputeView.ComputeQuote.freeSteps	cf28427e88bf59b039f98b34582fb311542e6a1091818e4cbc983b745521dfb8	df974dcb78a60798245f2cb78f8e77fbd5b851b5f84c27a93cd5a6f11d6883d5	2a7d41d5dbe8a9c070b914f146cd848affc6ffff95763c77e74f858042380784	28d5610ba7f0662a	-	Minidregg.Kernel.RunComputeView.ComputeQuote → ℕ
ctor	Minidregg.Kernel.RunComputeView.ComputeQuote.mk	8673ca15a014283470134e4624667cd9fd1498046c9a8a2a8caf0c83701c3ee0	66cf9aca27ce4c7b0cc35669db84e1aefa2b71976c5d12b4581860b5f5b4e531	6a5cac6e867e5d25b2bb7276983115a81f4376e9efed541a2be7da3551536af9	ee9b709c16650c2d		ℕ → Minidregg.Theory.TypedAuthorization.Digest → ℕ → ℕ → ℕ → ℕ → Option ℕ → Minidregg.Kernel.RunComputeView.ComputeQuote
def	Minidregg.Kernel.RunComputeView.ComputeQuote.subject	b646d2791d70ca5b83c5289f6800bcaf4b0c8dc699385f61857b3a301e38e056	df974dcb78a60798245f2cb78f8e77fbd5b851b5f84c27a93cd5a6f11d6883d5	92999cc0e4357e2a2bd9d10495af831ebe17444e853c5c241dc2759d6fa89739	039375e638013bb2	-	Minidregg.Kernel.RunComputeView.ComputeQuote → ℕ
def	Minidregg.Kernel.RunComputeView.ComputeQuote.usedSteps	3d802128b06c7ac0c37724cfa3e60d718ccebcc25635c961bd555f618f751d66	df974dcb78a60798245f2cb78f8e77fbd5b851b5f84c27a93cd5a6f11d6883d5	a5bf9d1d7caf18dca1cd8d035066f9c61b3818c1c934cfcc8d0ba5d4d52f4fe9	1edb89ac5d880955	-	Minidregg.Kernel.RunComputeView.ComputeQuote → ℕ
def	Minidregg.Kernel.RunComputeView.computeQuoteStream	02ab76e51fd933d50ba214bb6ec3593a798fb85f8eff5b791c7d38624dab59b0	e3aa0e2c487ef32468167eb15ea0c7ccd94dc70081fe17b7019fa522ffa23187	187a980ef13baec9ec94808872debce048eb11d3efe5ab20416e3c2f6376b865	bc90a59f28f1fdef	Classical.choice,Quot.sound,propext	Minidregg.Compiler.Tower256ConcreteBackend.StreamCodec Minidregg.Kernel.RunComputeView.ComputeQuote
def	Minidregg.Kernel.RunComputeView.load	7220dd3be68dcfa459c7990df83475e1307f93d8a818338df5ef6fe5481c166c	d15460a33b79621b6025796e4bd4f44024f9cd0d3228d3a6a47a3ec5f6f20550	472d70de501931210316b8ec70f7e94d783dce66ac411a69692335d0c6bec0b6	735641579b6cc14a	Classical.choice,Quot.sound,propext	Minidregg.Compiler.CanonicalCellRegistry.Deployment → Minidregg.Kernel.RunComputeBudgetDomain.Physical → Minidregg.Theory.TypedAuthorization.SubjectId → Option Minidregg.Kernel.RunComputeView.ComputeQuote
