# Kernel.SeatReceiverCore: Objective contract manifest. Written by `scripts/check-objective-proofs.sh proofs --pin`;
# a removed or changed row needs a line in scripts/gates/objective-contract-changes.txt.
inductive	Minidregg.Kernel.SeatReceiver.Accepted	0a0ac1f135efe16c48788cfb4b840b49a6d4a6c35bc036c3690cbe62199add78	1adb93b4fcd6a381f93e136d15f962cc7f69c6531fa87ec786c4d2bd844a407f	2a1120b224fa4e9923aea6f4b4dd5827e9e07c0d185d49cc6df3e7d96c9d6ae9	eb19b3b8f24a2890		{F : Type} → [inst : Field F] → [DecidableEq F] → Minidregg.Kernel.SeatReceiver.Deployment → Minidregg.Compiler.CanonicalRuntimeProfile.Profile F → Minidregg.Kernel.ObjectiveKernelConfig.Ambient → Minidregg.Kernel.SeatReceiver.Durable → Minidregg.Kernel.SeatReceiver.DecodedIngress → Type
theorem	Minidregg.Kernel.SeatReceiver.Accepted.envelopeExact	0f5be47af97bd3969e5ac3101fa7e441e4b43c236b681db385e245a216b15ab7	8817f49754ea5d287fbbf17156e4b1c3da530ddb900986ecc27b1f57454e4413	6baebf5dad5c2a9abbf0ce9fe2adbccad26ac0e077453940020bfe58bc916d25	99b9935fa3932883	Classical.choice,Quot.sound,propext	∀ {F : Type} [inst : Field F] [inst_1 : DecidableEq F] {deployment : Minidregg.Kernel.SeatReceiver.Deployment} {profile : Minidregg.Compiler.CanonicalRuntimeProfile.Profile F} {ambient : Minidregg.Kernel.ObjectiveKernelConfig.Ambient} {durable : Minidregg.Kernel.SeatReceiver.Durable} {ingress : Minidregg.Kernel.SeatReceiver.DecodedIngress} (self : Minidregg.Kernel.SeatReceiver.Accepted deployment profile ambient durable ingress), self.receipt.envelopeBytes = ingress.ingress.envelope
theorem	Minidregg.Kernel.SeatReceiver.Accepted.physical	3a4ce833d2d86d035f622edd510f52cb9b3c125ef336019d2a2f7bc0afa144c4	07962e4630a36e36ae592d1cbd7f346042470c30a600630b6dc63672e5cb040c	00c0379d426ef706784e7af1fc64b2b8cc0b61d8ebedaf63fced6e8db0a8c238	abe949bf4d9643bd	Classical.choice,Quot.sound,propext	∀ {F : Type} [inst : Field F] [inst_1 : DecidableEq F] {deployment : Minidregg.Kernel.SeatReceiver.Deployment} {profile : Minidregg.Compiler.CanonicalRuntimeProfile.Profile F} {ambient : Minidregg.Kernel.ObjectiveKernelConfig.Ambient} {durable : Minidregg.Kernel.SeatReceiver.Durable} {ingress : Minidregg.Kernel.SeatReceiver.DecodedIngress} (self : Minidregg.Kernel.SeatReceiver.Accepted deployment profile ambient durable ingress), Minidregg.Kernel.SeatReceiver.PhysicalShape self.prepared ingress
def	Minidregg.Kernel.SeatReceiver.Accepted.prepared	19a06825d18a550314a53c42fedbd2bfacf08afc770b37bbacde8d6d6daad30f	05a47783c3dbd0416c5e662389fe6fdfeb028b2b7f07795b3af1acf0c89a0c39	454484b9462213729318210564981be8f968c4a1b8e5cdff3666b9e27a79d36c	cbdc5a3968901559	Classical.choice,Quot.sound,propext	{F : Type} → [inst : Field F] → [inst_1 : DecidableEq F] → {deployment : Minidregg.Kernel.SeatReceiver.Deployment} → {profile : Minidregg.Compiler.CanonicalRuntimeProfile.Profile F} → {ambient : Minidregg.Kernel.ObjectiveKernelConfig.Ambient} → {durable : Minidregg.Kernel.SeatReceiver.Durable} → {ingress : Minidregg.Kernel.SeatReceiver.DecodedIngress} → Minidregg.Kernel.SeatReceiver.Accepted deployment profile ambient durable ingress → Minidregg.Kernel.SeatReceiver.Prepared deployment profile ambient durable ingress.command
def	Minidregg.Kernel.SeatReceiver.Accepted.receipt	9e7de8e9f1858b88f888e78350c6ae9c9a2d1f93bc9cbe4fcf948a7c1ef0d8ab	a6f84697011fa212fc6c71ed8a8c60999b4d9cb59629a8019bd1d7905c5713b4	dcf579f5717135e32993e3996ca3f4d5b7a2f0af0632aa1a33f774b387efe408	97f299080c7d0bd3	Classical.choice,Quot.sound,propext	{F : Type} → [inst : Field F] → [inst_1 : DecidableEq F] → {deployment : Minidregg.Kernel.SeatReceiver.Deployment} → {profile : Minidregg.Compiler.CanonicalRuntimeProfile.Profile F} → {ambient : Minidregg.Kernel.ObjectiveKernelConfig.Ambient} → {durable : Minidregg.Kernel.SeatReceiver.Durable} → {ingress : Minidregg.Kernel.SeatReceiver.DecodedIngress} → (self : Minidregg.Kernel.SeatReceiver.Accepted deployment profile ambient durable ingress) → Minidregg.Compiler.CredentialSignatureAdmission.CheckedSignature self.prepared.authority.snapshot
inductive	Minidregg.Kernel.SeatReceiver.Command	8ac87c4b8a3b4d37861de951c980ddeb03884179eec5253689509ec05091c7a2	16946b93ac38405660f51e475eb5aa7d25b54f5e5677e0f6a10a4526cc071cbf	8745ae8acefdb1cbd8ff9a77349bd838c1a0cd19882c542312026c319f4596e5	86c2df3b5110119d		Type
def	Minidregg.Kernel.SeatReceiver.Command.expectedAuthorityRoot	3fca57c836e4466d5fe14373e4f25e1468c90b1968ab118aed34106d17bc5fb7	9d725f4b1a5d57075a2d819d5bcf51455ed4a660b5ecfbbd9c0b616c8efd9817	ecf8c001696fcf52d299fe9ad6c3e1d1b122bc48dd86a3422747bd2c053ecf1f	164684cbbcd30576	-	Minidregg.Kernel.SeatReceiver.Command → Minidregg.Theory.TypedAuthorization.Digest
def	Minidregg.Kernel.SeatReceiver.Command.grants	c7c574f20a3a6a5df17f5dbfa648162fd34404629ddc00cd857f5c967502bf3e	f180ae338cd64dfb7faa366153f57fa307748833f62a2dece070e2355fb024b6	04cfc1e909bfa8fbf566e8b3228539c36136f7e121fbb1755352acc7a329671c	3e6e3282362bd4e5	-	Minidregg.Kernel.SeatReceiver.Command → Minidregg.Kernel.SeatReceiver.Grants
ctor	Minidregg.Kernel.SeatReceiver.Command.mk	8793d4231463f109a522ddb6e0740ca443089c90d28f521f81c235d64c191cca	62adbd3891fe5225ff1d47556a922274dd614bd0df978c355630af2b11a4b8d1	10571f7023b03c4def85d2c21bac1420fae800782a4fc40d002b7a673749ea49	8a5f0d1e2136c912		Minidregg.Theory.TypedAuthorization.SubjectId → ℕ → Minidregg.Theory.TypedAuthorization.Digest → Minidregg.Kernel.SeatStore.Turn → Minidregg.Kernel.SeatReceiver.Grants → Minidregg.Kernel.SeatReceiver.Command
def	Minidregg.Kernel.SeatReceiver.Command.nonce	779a1b86465f531790bb76be30dc126dd8953a9c107c0f2aef87484a01808b5b	d6296a2c22aacf8b6f9466eb965be47b0cb0327d8f58f362a7f653cac0b0ea73	417714f91e414349aa33d5d1b2da189d7b076c7a652bf2b6361077dd3bc42982	64f8a69be085c82e	-	Minidregg.Kernel.SeatReceiver.Command → ℕ
def	Minidregg.Kernel.SeatReceiver.Command.request	ced30e9862649fa15ee8b88275cf7419d03c66122be80fccab2c9ff61a68046e	c349615489dc460ce9a1f810598c79f6b193afdf64327272de10600274044cc7	80fb68f89b1f929352e789d349df0a35cbcb74a936eb8dc22672586631c1ed0d	c148002661c2b16c	-	Minidregg.Kernel.SeatReceiver.Command → Minidregg.Kernel.SeatStore.Request
def	Minidregg.Kernel.SeatReceiver.Command.subject	6e37de3b8f687dccd4c97f2a22d8b6c1296779be21c126dd5365b73941fca53b	59d633413c9d4dacc07fc7085df8a71fc03891f6e5d74164fb896ee9759bc491	568aaca1de4b326094556432b59c5ec7a414fcc87c4b45231184eab441b74c45	10c3099be30542c6	-	Minidregg.Kernel.SeatReceiver.Command → Minidregg.Theory.TypedAuthorization.SubjectId
def	Minidregg.Kernel.SeatReceiver.Command.turn	2dbaa48d27e3d5e42d1d3cddaa5203956a05a221c69c6fb2405a414ac03dc0b9	c2b21fbefa682510aa3803ac5997dc5ebc835f38c68eff9b10d868a099335a34	9c294b585646593a3f4b67d4cc8dff985fb582b189d76d987952e45953082d19	891ad1d436abe2b2	-	Minidregg.Kernel.SeatReceiver.Command → Minidregg.Kernel.SeatStore.Turn
inductive	Minidregg.Kernel.SeatReceiver.Declaration	d12d3f64f9366fda3ef0053909e9b276f1ee230f92a71adf8f945504853a411e	16946b93ac38405660f51e475eb5aa7d25b54f5e5677e0f6a10a4526cc071cbf	511d3494df95dd29e5420386088be5080548a0f7a90cfebdae6ee13dbaf9f79f	71476c52d6fc5a86		Type
ctor	Minidregg.Kernel.SeatReceiver.Declaration.mk	135a79c3e96b07b88abb4d94dee8a402f611fe30ce81e18fc1fd9d34af8631ad	526f6a16decc0fa5e91260cb08de1d9d2b78f983a2731f541cff2bf881f262ee	1c84f41871eb7f90e405deea866a7a84b0567e90e6062e0d50bada1ea5802a69	028b80e2638c5886		Minidregg.Theory.TypedAuthorization.Digest → ℕ → Minidregg.Kernel.SeatReceiver.Declaration
def	Minidregg.Kernel.SeatReceiver.Declaration.operationNullifier	57b0cccdbf02e985087d6317cca2b6688b349673f37d2a734c49d6148ab507b0	5199d208f1454cdb798a7982f0173d11939ab5af29c7339c098c8c9b06c2b858	6f5cb1035694a973919b6386d660570afb39396f3900fb79131ede885a69f5be	a831b23fb19c8022	-	Minidregg.Kernel.SeatReceiver.Declaration → ℕ
def	Minidregg.Kernel.SeatReceiver.Declaration.outcome	f4f11d5a7025c9032cf62ed661d4b6b3211fb2cb6e7fa38f523343b217e62f90	8a8a11ca97ef2c2c157d299fd029ae5bbba444cb7ce04dc6803dd064e52424d5	5354092dd2bcc8bde6308f50679f6f9956e9d4280029cb0fad640989c1c03aca	89ed710b0d63aaca	-	Minidregg.Kernel.SeatReceiver.Declaration → Minidregg.Theory.TypedAuthorization.Digest
inductive	Minidregg.Kernel.SeatReceiver.DecodedIngress	e6596b8f2f4e910a40ad6f8ed4f914845d4d48dd082c79a7190786f73dc2e697	16946b93ac38405660f51e475eb5aa7d25b54f5e5677e0f6a10a4526cc071cbf	2d65fb7c1ef7ff406e4c9d6123558d3b6219333797353e3a12e5f9288afbd65d	3af73664b8f8931a		Type
def	Minidregg.Kernel.SeatReceiver.DecodedIngress.bytes	853e0e93bc40cc110d9d9ed046906dea0f73350764411df6e9c847c71c7824b8	ea559394c0567294cb3c6f88c0bafdd9781cc6a79ad3dced636800c8e547a604	4075bc923e78b3dc3e20633cc6c68888d364e18ec99c94d931ad435207756ab9	69c5dec90597cf92	Classical.choice,Quot.sound,propext	Minidregg.Kernel.SeatReceiver.DecodedIngress → List UInt8
theorem	Minidregg.Kernel.SeatReceiver.DecodedIngress.canonical	70ba794adabd1974082d0032a315ba0756b169eff8ed07fa763e3f8571802618	23e2d903001e1f90f0040692f7236332a5ea8723fdf860cee28e90078fa9a208	7a47192a226e08f7e3f2df4246cce4849b1712aad1dc4c7b3d363c97fe251213	c4f4fa2f5543348c	Classical.choice,Quot.sound,propext	∀ (self : Minidregg.Kernel.SeatReceiver.DecodedIngress), Minidregg.Kernel.SeatReceiver.commandCodec.encode self.command = self.ingress.commandBytes
def	Minidregg.Kernel.SeatReceiver.DecodedIngress.command	e47899f055b9636be40c9b4d2a85db2b0af04a237c53a121038ba9364257ae38	8a6ef25d8c24d4cd6d3393d98eb7089587df31a11819e2a6cbb1aea14fcc0544	249046e25e5bf6734693378e35667088dffd637601b691df2dae00d7dfd1ffc4	aaf17dac90bc6342	Classical.choice,Quot.sound,propext	Minidregg.Kernel.SeatReceiver.DecodedIngress → Minidregg.Kernel.SeatReceiver.Command
def	Minidregg.Kernel.SeatReceiver.DecodedIngress.envelope	4f8b7e6778e3db3042ea23e35d71d93ac5cb10f648283259f989e9e99dcb1858	e8eedc40e919b38f37f09f8bd338842286063724ff0fbc6f2ee1800dc5b9eeef	5b4a964922359a4d08e5576e6c80cafcc180f7a958f783b2cf8efbe0d8847585	404060f9bd6bd4b4	Classical.choice,Quot.sound,propext	Minidregg.Kernel.SeatReceiver.DecodedIngress → Minidregg.Kernel.CredentialSignedEnvelopeController.SignedEnvelope
theorem	Minidregg.Kernel.SeatReceiver.DecodedIngress.envelopeExact	b33bad58b0047db5f0b83a4db26eaa1e16c141acbf431b4578888225890aae13	eca64449ae67de8a746b69730ab2a32735fa15bdc25dbf1466e9b6009a3d9a63	c355db188a3cd35a30e925911ee9bcbfce09d93d0d81f45a669e7434a55c26a1	79b8f47d60572847	Classical.choice,Quot.sound,propext	∀ (self : Minidregg.Kernel.SeatReceiver.DecodedIngress), Minidregg.Compiler.CredentialSignatureAdmission.canonicalEnvelopeCodec.decode self.ingress.envelope = Option.some self.envelope
def	Minidregg.Kernel.SeatReceiver.DecodedIngress.ingress	828c5555f04730385b1384d76b99e25ef73671d69cb654522c21294396b0af5a	965d30fb41aeed20d1dab45ebc7f32667a0cf326107d15170f60f534f3d15e9b	bb4518c646f5c81dad4e8ba980d1e74d8357b498f915fc5f121d82b8f3b085a3	4cdc1b5c854ecf30	Classical.choice,Quot.sound,propext	Minidregg.Kernel.SeatReceiver.DecodedIngress → Minidregg.Kernel.SeatReceiver.Ingress
def	Minidregg.Kernel.SeatReceiver.Deployment	bd1c23587c9432e3e94737a20deec4cd53501c52b0499759eb18575061f02a9f	89855d392aa192071e8a2b2230d30ecae8fc9de0c15fa6a53f6209226829292a	6be688ef16a1c8bda15b6b8b27f371485972c81f009106f15da0ab6287822ad1	8a1d1d9935af54c3	-	Type
def	Minidregg.Kernel.SeatReceiver.Durable	bc07e53d3b7c899285ee4b871201dd3c7794a0af4bae632a2c028db7db034d6e	89855d392aa192071e8a2b2230d30ecae8fc9de0c15fa6a53f6209226829292a	aa43424089e2547fd23c7f7111a0083ccee132b4500710e4ff7f9db3c41ea6eb	fb6452717d283c3b	Classical.choice,Quot.sound,propext	Type
inductive	Minidregg.Kernel.SeatReceiver.Grants	cc49914fc304d1cc8831b00d623bbb870f8ec76ca6735cf43899c7c54c676586	16946b93ac38405660f51e475eb5aa7d25b54f5e5677e0f6a10a4526cc071cbf	87de345e6b0060c027ea5877f722c5621215bcb66bec1ad6fb40b81272412d7d	e0cbdc38ab1cb09b		Type
def	Minidregg.Kernel.SeatReceiver.Grants.account	07522555841dee7d5b8b0c880f57771fe9829f5d1a8bc6d6fd071154223c3061	4569e51404f7b0eceff8b790c9487d51bd7c3058b58c89890f2948191701eb49	2a73fa378d9200ae9cbd6c021a0b93b9bde2b9b1e63eb3cc99cdf8d358371f32	cbb7b6fe948c97b0	-	Minidregg.Kernel.SeatReceiver.Grants → Option Minidregg.Theory.TypedAuthorization.CapabilityId
ctor	Minidregg.Kernel.SeatReceiver.Grants.mk	2d129bceaf5263a55711ab9f88684cacebcb37c6271da52f5fe260fa9134e91b	7ac8fa725fdf6b010456e13f8c4b7ea68a036815e6ba2311af57bc666a80c8ff	8a6d3ab2ef3c7019ba32e9781cb98b61a877b3e756b3d27d781f669e6fd402b8	e7ee67b9d0e0e3fb		Option Minidregg.Theory.TypedAuthorization.CapabilityId → Option Minidregg.Theory.TypedAuthorization.CapabilityId → Minidregg.Kernel.SeatReceiver.Grants
def	Minidregg.Kernel.SeatReceiver.Grants.object	e3f20f1da29c329fce597bc1359b643c6cf1aaa3aa57470e2617b777e2a819ab	4569e51404f7b0eceff8b790c9487d51bd7c3058b58c89890f2948191701eb49	d1b36f5578d77f874d5222ead214d804670864ed6796683fb698aa1d88756f15	63bee4851cccb5a5	-	Minidregg.Kernel.SeatReceiver.Grants → Option Minidregg.Theory.TypedAuthorization.CapabilityId
inductive	Minidregg.Kernel.SeatReceiver.Ingress	0cb7dab181b5a9797487bebdd64c08acb26b6462cd8a17da13ff0f3538648ff1	16946b93ac38405660f51e475eb5aa7d25b54f5e5677e0f6a10a4526cc071cbf	5bf97756acbe843515fc15af66a0611a3a5d8adff2201ca28b768a6cd39858df	fdcd865c2533fb8f		Type
def	Minidregg.Kernel.SeatReceiver.Ingress.commandBytes	ad1453aee550d44526e9b2348d7d9292a65de3b269fafa74219f06e3fe623947	459d65e7f207c8672918bf3167ec818fcd3285bfc858c7bb640b319f854d6d5a	fe6e31d90144772b461bf19809d2d57e348760f96a0c571d1122d6f6f5dfd9f8	5d1cd6255ddea649	-	Minidregg.Kernel.SeatReceiver.Ingress → List UInt8
def	Minidregg.Kernel.SeatReceiver.Ingress.envelope	db6c0283a8722032f242322cfe2f4c395a1ed5343506c2dc9bd964317905f7c8	459d65e7f207c8672918bf3167ec818fcd3285bfc858c7bb640b319f854d6d5a	c27c007eec941eb71d429695601c7f44fddb63c0920d03352046872436f4f6a0	1e2223cf4115ec24	-	Minidregg.Kernel.SeatReceiver.Ingress → List UInt8
ctor	Minidregg.Kernel.SeatReceiver.Ingress.mk	52a170c298ff6f58a19dc4b07ca111f08deabeddef62b2b936d08bcfe1ae2ac3	b68e99d11712f0e1b78a4c88bfac4d99041055c2cd33b8b23956293d856be41c	242d37f96585eba68c8f0a7f2a1ca467b2c4a5081575f16f41692714b5d7fbb3	8ffa1be14740ed92		List UInt8 → List UInt8 → Minidregg.Kernel.SeatReceiver.Ingress
def	Minidregg.Kernel.SeatReceiver.PhysicalShape	5a8fbdb682cc07625bc749a0046c8c0c772e550273c61e537aa6e4900ea476c1	0323be3b2fa1f3019f74ad6ef21985c6355843f6f7c5b02f3e43322fab5cd465	03bfdf854462f8a854885e9feddc7c4ce1db3745a480f8c2ce945eddd4544a38	acbd7648579cf44b	Classical.choice,Quot.sound,propext	{F : Type} → [inst : Field F] → {deployment : Minidregg.Kernel.SeatReceiver.Deployment} → {profile : Minidregg.Compiler.CanonicalRuntimeProfile.Profile F} → {ambient : Minidregg.Kernel.ObjectiveKernelConfig.Ambient} → {durable : Minidregg.Kernel.SeatReceiver.Durable} → {command : Minidregg.Kernel.SeatReceiver.Command} → Minidregg.Kernel.SeatReceiver.Prepared deployment profile ambient durable command → Minidregg.Kernel.SeatReceiver.DecodedIngress → Prop := fun {F} [Field F] {deployment} {profile} {ambient} {durable} {command} prepared ingress => have intent := prepared.intent ingress; (List.map Minidregg.Kernel.DurableDataIntent.DataWrite.cellId intent.writes).Nodup ∧ (∀ write ∈ intent.writes, write.expectedPre = durable.snapshot.model.roots write.cellId) ∧ (∀ write ∈ intent.writes, Minidregg.Kernel.ResourceBirthController.Concrete.PhysicalPostLaw deployment write) ∧ (∀ write ∈ intent.writes, Minidregg.Kernel.SeatReceiver.SeatOrBook deployment write) ∧ ∀ guard ∈ intent.readGuards, guard.expectedRoot = durable.snapshot.model.roots guard.cellId
inductive	Minidregg.Kernel.SeatReceiver.Prepared	8bf9b560dfecab4c4d09b4dd9e923d45498c2181f3bc9cbd7fea6095d56b64ed	ed97975a23766360542bd2952de139a3265c7584384165155a80a007b0105c25	cbcfabbeb109f73efb2a4709ae685fdf28a8f4323a9e5f8a402429d71f8ab7ac	8fa1b17a08db5836		{F : Type} → [inst : Field F] → Minidregg.Kernel.SeatReceiver.Deployment → Minidregg.Compiler.CanonicalRuntimeProfile.Profile F → Minidregg.Kernel.ObjectiveKernelConfig.Ambient → Minidregg.Kernel.SeatReceiver.Durable → Minidregg.Kernel.SeatReceiver.Command → Type
def	Minidregg.Kernel.SeatReceiver.Prepared.authority	259fc60726ab0536b88b722d0790048b43e6001f6a00e9a60ec5dfe97dda0239	3c1dbea9b6ed1d01177457ff767d3e6967a595f95bab075e90a783b6a87ee656	bf2ff96318cee2a20a8306da93bfc7e35f493f10a94f9e6209e1dd88f5f880df	0da8bf844300d3e0	Classical.choice,Quot.sound,propext	{F : Type} → [inst : Field F] → {deployment : Minidregg.Kernel.SeatReceiver.Deployment} → {profile : Minidregg.Compiler.CanonicalRuntimeProfile.Profile F} → {ambient : Minidregg.Kernel.ObjectiveKernelConfig.Ambient} → {durable : Minidregg.Kernel.SeatReceiver.Durable} → {command : Minidregg.Kernel.SeatReceiver.Command} → Minidregg.Kernel.SeatReceiver.Prepared deployment profile ambient durable command → Minidregg.Compiler.CredentialAuthorityDomainReceiver.Loaded deployment durable.snapshot
theorem	Minidregg.Kernel.SeatReceiver.Prepared.authorizedExact	dbdc51ea08bdb90e4dc3b02263bd265a7545e077db8ecd11d1ac5f13352bb160	ca49b8b2657bfe8da6f6e8648c7c6e302d4e8ccc3417c264353e22bb0ea08df3	8477aca3625db7980a051e355ce710b9680805ffd84ec226c256dc86bd354384	507154702410a6d0	Classical.choice,Quot.sound,propext	∀ {F : Type} [inst : Field F] {deployment : Minidregg.Kernel.SeatReceiver.Deployment} {profile : Minidregg.Compiler.CanonicalRuntimeProfile.Profile F} {ambient : Minidregg.Kernel.ObjectiveKernelConfig.Ambient} {durable : Minidregg.Kernel.SeatReceiver.Durable} {command : Minidregg.Kernel.SeatReceiver.Command} (self : Minidregg.Kernel.SeatReceiver.Prepared deployment profile ambient durable command), Minidregg.Kernel.SeatReceiver.authorized durable.snapshot self.authority.snapshot profile.semantics ambient command self.preRoot self.outcome = Except.ok ()
def	Minidregg.Kernel.SeatReceiver.Prepared.config	20302e7d8996914821a2331ce8683b05675513a54e28179d99d5162737f38cee	4f6c3e16c6713c45aab103d127b088028286d940f79687d49aaed212d0d53843	3e1821138345c7592aa15f31d8be39b1f10128b01b930554dc35801643ee530d	f29f0c72ef6e05eb	Classical.choice,Quot.sound,propext	{F : Type} → [inst : Field F] → {deployment : Minidregg.Kernel.SeatReceiver.Deployment} → {profile : Minidregg.Compiler.CanonicalRuntimeProfile.Profile F} → {ambient : Minidregg.Kernel.ObjectiveKernelConfig.Ambient} → {durable : Minidregg.Kernel.SeatReceiver.Durable} → {command : Minidregg.Kernel.SeatReceiver.Command} → Minidregg.Kernel.SeatReceiver.Prepared deployment profile ambient durable command → Minidregg.Kernel.ObjectiveActivity.Config
theorem	Minidregg.Kernel.SeatReceiver.Prepared.configExact	73651bf06765d8babdf3ac3c11b607f55413e89f2b2eaf49e5c61fe695b02066	fed5e020c4f3b5cdf5ab841241687c2e4b100910a71946e78cf83e236a4283f3	5b67fb7d1dc0b1dc0e7bfd07724c038792b46d542fbef1eebd7ecca56b3964a5	d1fc9a4e92ad5505	Classical.choice,Quot.sound,propext	∀ {F : Type} [inst : Field F] {deployment : Minidregg.Kernel.SeatReceiver.Deployment} {profile : Minidregg.Compiler.CanonicalRuntimeProfile.Profile F} {ambient : Minidregg.Kernel.ObjectiveKernelConfig.Ambient} {durable : Minidregg.Kernel.SeatReceiver.Durable} {command : Minidregg.Kernel.SeatReceiver.Command} (self : Minidregg.Kernel.SeatReceiver.Prepared deployment profile ambient durable command), Minidregg.Kernel.ObjectiveKernelConfig.configOf deployment profile ambient = Except.ok self.config
def	Minidregg.Kernel.SeatReceiver.Prepared.decided	5d216816e5105908ac2be3ba33134b15638a5697305bcc26866ccc22e661b3e1	5b2e403e8dd1a4a9299bbaff593061589ce4a96e97b69997a291a690716da5d9	d54ecc175f06f1fcf6374bd12a441410aac39f1172ceeab3861039a5424a8ad6	70b455ed061c3d3a	Classical.choice,Quot.sound,propext	{F : Type} → [inst : Field F] → {deployment : Minidregg.Kernel.SeatReceiver.Deployment} → {profile : Minidregg.Compiler.CanonicalRuntimeProfile.Profile F} → {ambient : Minidregg.Kernel.ObjectiveKernelConfig.Ambient} → {durable : Minidregg.Kernel.SeatReceiver.Durable} → {command : Minidregg.Kernel.SeatReceiver.Command} → (self : Minidregg.Kernel.SeatReceiver.Prepared deployment profile ambient durable command) → Minidregg.Kernel.SeatStore.Decided self.config durable.snapshot ambient.height command.request
theorem	Minidregg.Kernel.SeatReceiver.Prepared.decidedExact	d1cad90fe293df1d1e7b2737c0b9429f0f41300f1951cd91c4b4cc7cbfcd5840	7013c37ea777a27392f152f5465dbf88e3cb2b78f7bd4080bbb3cd263d9f79cc	5c3e6278707a6e18c1aa234148f50a193bcd6d8d6436fb4be040b37843a96814	1c1561a518566d37	Classical.choice,Quot.sound,propext	∀ {F : Type} [inst : Field F] {deployment : Minidregg.Kernel.SeatReceiver.Deployment} {profile : Minidregg.Compiler.CanonicalRuntimeProfile.Profile F} {ambient : Minidregg.Kernel.ObjectiveKernelConfig.Ambient} {durable : Minidregg.Kernel.SeatReceiver.Durable} {command : Minidregg.Kernel.SeatReceiver.Command} (self : Minidregg.Kernel.SeatReceiver.Prepared deployment profile ambient durable command), Minidregg.Kernel.SeatStore.decideTurn self.config durable.snapshot ambient.height command.request = Except.ok self.decided
def	Minidregg.Kernel.SeatReceiver.Prepared.directory	346a594611050be53007feb05e40721a426a4384e018c59747739ead03428f5e	0c02c73484b2daadeb5efb3bc0177c759bf800c1c879d3a70c6cf61cb5c551c3	4836b9534e88748860c0118beb8b9d6a2816fd7012d641df7feb8a322a5089a5	9a7d02f5f30bf3b9	Classical.choice,Quot.sound,propext	{F : Type} → [inst : Field F] → {deployment : Minidregg.Kernel.SeatReceiver.Deployment} → {profile : Minidregg.Compiler.CanonicalRuntimeProfile.Profile F} → {ambient : Minidregg.Kernel.ObjectiveKernelConfig.Ambient} → {durable : Minidregg.Kernel.SeatReceiver.Durable} → {command : Minidregg.Kernel.SeatReceiver.Command} → Minidregg.Kernel.SeatReceiver.Prepared deployment profile ambient durable command → Minidregg.Compiler.CredentialAuthorityDomainReceiver.LoadedDirectory durable
def	Minidregg.Kernel.SeatReceiver.Prepared.intent	44a290491ffbdaf781af1e6a9a27f892f0a3deb9ebc231453a45c800767922a9	0b8070bc07f5151091badeed52d4fd5796637637ada7b2a27f1cc22f1b9bf5b6	cd37cd294491e1cb3dae8400148d53ddcaba3608ee20e5be41a31af1225f90ce	fdacc9d503c870f7	Classical.choice,Quot.sound,propext	{F : Type} → [inst : Field F] → {deployment : Minidregg.Kernel.SeatReceiver.Deployment} → {profile : Minidregg.Compiler.CanonicalRuntimeProfile.Profile F} → {ambient : Minidregg.Kernel.ObjectiveKernelConfig.Ambient} → {durable : Minidregg.Kernel.SeatReceiver.Durable} → {command : Minidregg.Kernel.SeatReceiver.Command} → Minidregg.Kernel.SeatReceiver.Prepared deployment profile ambient durable command → Minidregg.Kernel.SeatReceiver.DecodedIngress → Minidregg.Kernel.DurableDataIntent.DataIntent Minidregg.Compiler.ResourceBirthCodec.rootBytes
def	Minidregg.Kernel.SeatReceiver.Prepared.outcome	8681b75e4946fb544f16f3d25c6484fee8831fe61db0b5765ca65f7ecdc429a9	e34f7e5d5f33e95abafa3fbb555572463624548b7a18e5f9b08c755f4fdb759d	9c2b039dea9043e16b38d0fd67ad98b454d2e3431106e45f5728affcb65b348c	cf7e9ac8a1b4920c	Classical.choice,Quot.sound,propext	{F : Type} → [inst : Field F] → {deployment : Minidregg.Kernel.SeatReceiver.Deployment} → {profile : Minidregg.Compiler.CanonicalRuntimeProfile.Profile F} → {ambient : Minidregg.Kernel.ObjectiveKernelConfig.Ambient} → {durable : Minidregg.Kernel.SeatReceiver.Durable} → {command : Minidregg.Kernel.SeatReceiver.Command} → Minidregg.Kernel.SeatReceiver.Prepared deployment profile ambient durable command → Minidregg.Theory.TypedAuthorization.Digest
theorem	Minidregg.Kernel.SeatReceiver.Prepared.outcomeExact	ee7278b2cc485842ded61471f864df829ae2510b1ed28f11881c90008d06afe8	cf27153a7985b7487a68f5ab4d6cbc53cf078decf624026618beed5133813697	6116f8150229e3b4b79cbe133a3db04c9587082b04ed05df27944fa868b98de4	595f4de829b4884e	Classical.choice,Quot.sound,propext	∀ {F : Type} [inst : Field F] {deployment : Minidregg.Kernel.SeatReceiver.Deployment} {profile : Minidregg.Compiler.CanonicalRuntimeProfile.Profile F} {ambient : Minidregg.Kernel.ObjectiveKernelConfig.Ambient} {durable : Minidregg.Kernel.SeatReceiver.Durable} {command : Minidregg.Kernel.SeatReceiver.Command} (self : Minidregg.Kernel.SeatReceiver.Prepared deployment profile ambient durable command), self.outcome = Minidregg.Kernel.SeatReceiver.outcomeDigest self.decided.posts
def	Minidregg.Kernel.SeatReceiver.Prepared.preRoot	d04561de78167f8e2d2459d4736355100afce6b054bbb2fc6eeca80df84dda5d	e34f7e5d5f33e95abafa3fbb555572463624548b7a18e5f9b08c755f4fdb759d	74f420391796c241518beaf535b099f6562486e91c3827d7ec909ee7e19786ab	29d00871a46ed8f3	Classical.choice,Quot.sound,propext	{F : Type} → [inst : Field F] → {deployment : Minidregg.Kernel.SeatReceiver.Deployment} → {profile : Minidregg.Compiler.CanonicalRuntimeProfile.Profile F} → {ambient : Minidregg.Kernel.ObjectiveKernelConfig.Ambient} → {durable : Minidregg.Kernel.SeatReceiver.Durable} → {command : Minidregg.Kernel.SeatReceiver.Command} → Minidregg.Kernel.SeatReceiver.Prepared deployment profile ambient durable command → Minidregg.Theory.TypedAuthorization.Digest
theorem	Minidregg.Kernel.SeatReceiver.Prepared.preRootExact	f17435cdc67c37679615c179939ae6a105919a61a2ce2e036bd19b141be92f39	fc88925469b041cc6eac67ec9a1a2c8faabb4f65adafb2178ed3d8241ca4c8dc	eada66e1f9328d12a4a20b782f33a5137aef39d72c39920a21edfce6baaccb28	46fbdd9c57159746	Classical.choice,Quot.sound,propext	∀ {F : Type} [inst : Field F] {deployment : Minidregg.Kernel.SeatReceiver.Deployment} {profile : Minidregg.Compiler.CanonicalRuntimeProfile.Profile F} {ambient : Minidregg.Kernel.ObjectiveKernelConfig.Ambient} {durable : Minidregg.Kernel.SeatReceiver.Durable} {command : Minidregg.Kernel.SeatReceiver.Command} (self : Minidregg.Kernel.SeatReceiver.Prepared deployment profile ambient durable command), self.preRoot = durable.snapshot.model.roots { value := (Minidregg.Kernel.SeatReceiver.signedTarget deployment.domain command).2 }
def	Minidregg.Kernel.SeatReceiver.Prepared.request	61f9669cdf59e462c25f4bbb6b42b6364f9a36f559be14b1c7f0114470209c8d	4331364ebd8dc48160bd752f94493e6b92c593e4752fb2f17751a9e90d72b1cd	1b25cd79184b590a9aa898eea6abc2087dc586168af7df5f132877e7d18e67f0	b2b34ba490ca26b0	Classical.choice,Quot.sound,propext	{F : Type} → [inst : Field F] → {deployment : Minidregg.Kernel.SeatReceiver.Deployment} → {profile : Minidregg.Compiler.CanonicalRuntimeProfile.Profile F} → {ambient : Minidregg.Kernel.ObjectiveKernelConfig.Ambient} → {durable : Minidregg.Kernel.SeatReceiver.Durable} → {command : Minidregg.Kernel.SeatReceiver.Command} → Minidregg.Kernel.SeatReceiver.Prepared deployment profile ambient durable command → Minidregg.Theory.PackedEffectRequest
theorem	Minidregg.Kernel.SeatReceiver.Prepared.unique	14cf7220506e6d5fb2a2d5414b82a8ae6e2a3ca5d5a3d394deb3ab279a5be3b1	c8bc35cf2d238de9779c076a874ada0c28749c738420358a502c4ef2d5ac09ab	6e4922c652a8304b35b3f8bb9a772a6bc567b4dccb300eef40ddee515eae56af	f683261447a5b735	Classical.choice,Quot.sound,propext	∀ {F : Type} [inst : Field F] {deployment : Minidregg.Kernel.SeatReceiver.Deployment} {profile : Minidregg.Compiler.CanonicalRuntimeProfile.Profile F} {ambient : Minidregg.Kernel.ObjectiveKernelConfig.Ambient} {durable : Minidregg.Kernel.SeatReceiver.Durable} {command : Minidregg.Kernel.SeatReceiver.Command} [DecidableEq F] (left right : Minidregg.Kernel.SeatReceiver.Prepared deployment profile ambient durable command), left = right
inductive	Minidregg.Kernel.SeatReceiver.Receipt	a74503ed4d5da23d0b37bbba20e2ad80fe1950a66eda81e230ab68ae79b4a0ae	16946b93ac38405660f51e475eb5aa7d25b54f5e5677e0f6a10a4526cc071cbf	ab2e908cad386ceee3e4b025035efddf938b6e30e705726c92cd46d6d4f5fd0c	a896b5517ed3c7fc		Type
def	Minidregg.Kernel.SeatReceiver.Receipt.eventId	d4c9a0e7479e1a933a630121222f19788a589110e73175b5d66d5bb1de6e0939	ddcaeb5b39d09f07da376b67315d188d67fd91d537d0b914ffeed7598a0e34f6	d09b0e8fd48be51800f93fa023cf036e789e7fb0953013324fa0599c2ff9f8f0	11f6acadf06e04e6	-	Minidregg.Kernel.SeatReceiver.Receipt → Minidregg.Theory.TypedAuthorization.Digest
ctor	Minidregg.Kernel.SeatReceiver.Receipt.mk	c9a8f17d3b8c3a34b0084c7759f1dfae4f60960ab67c279b6a99df7dcd3bb7a6	655cf22955ea68fd17ea73472e3110ee21605734b50cde03426535cd35b5ab3c	d9178f307a483026217966e5d2facd1f1a196ffc907264a97c89b7fb13d8dc1c	57074f9dcc7271b1		Minidregg.Theory.TypedAuthorization.Digest → Minidregg.Theory.TypedAuthorization.Digest → Minidregg.Kernel.SeatReceiver.Receipt
def	Minidregg.Kernel.SeatReceiver.Receipt.transactionId	32d85bfba350d348f69ae17594637143435bd20a827e9dd3d08ead03e164ffbf	ddcaeb5b39d09f07da376b67315d188d67fd91d537d0b914ffeed7598a0e34f6	1c2d43ce8a969ade6e2c3da0293fa206f8c0ee341c1f5684b796abf9ba8db4e9	a2eaf9653b248a8f	-	Minidregg.Kernel.SeatReceiver.Receipt → Minidregg.Theory.TypedAuthorization.Digest
def	Minidregg.Kernel.SeatReceiver.Registry	1c08a949804887a29674f17f3535cdfdba60eda5533b37dd458896bd0a965905	44f45dd1328f53e20f968e4cb0fcc73a571ffc84e263b64c9457558544039a9a	f49b27ca6df8991aa6636f9125d0f57242565252c5eb1b610ee49fe2af0d86b6	5e5a7f7342a1674c	Classical.choice,Quot.sound,propext	Minidregg.Theory.CellRegistry.TypeRegistry Minidregg.Theory.TypedAuthorization.Digest
inductive	Minidregg.Kernel.SeatReceiver.Reject	4671dbea6712b33ba287a83d243f9524eaa620b8655a9fe23802467867388079	16946b93ac38405660f51e475eb5aa7d25b54f5e5677e0f6a10a4526cc071cbf	2e342af23c26487eb744b42967ab0fe7babc15223a0b9aa13c5b3821365d5d18	52efa9cd18a887fc		Type
ctor	Minidregg.Kernel.SeatReceiver.Reject.authorityUnavailable	f0bca113dd4af2d8b83ff302033c45f47c5762b3c457781a23248ee99a1adc1e	c7f3c7997a112e964f316ed0f396d6b45c7ad73643d95218d31d88e27a50f307	eb06018a606387301f12e1e6db72d95ba1d08486ee007910915239f97d7bb977	700b9119d6e64190		Minidregg.Kernel.SeatReceiver.Reject
def	Minidregg.Kernel.SeatReceiver.Reject.authorityUnavailable.elim	2e0a1b66142fdd6ace4a79c477dbf26231a3ab445e32c69664fd5db91b2f451a	9ad21722e58213d48947e45db1a7ec49b0bb14902d0da1090329e2274d51f966	0ac3efa99ac9aa4ee34bb2fb4a6af920dd6a6134b39e21cb7da467b9c7b53119	f949b79b87a36edb	-	{motive : Minidregg.Kernel.SeatReceiver.Reject → Sort u} → (t : Minidregg.Kernel.SeatReceiver.Reject) → t.ctorIdx = 2 → motive Minidregg.Kernel.SeatReceiver.Reject.authorityUnavailable → motive t
ctor	Minidregg.Kernel.SeatReceiver.Reject.config	26c3219959fcdb749460fffa95cd4c7e5fee750039d00de9ea7ecb39a3e9387e	92cf56393b624313073d4dfa2b89decf477d5156d01a1885f0037b860f80c2c8	ae34f834c02c35004a89d03f31864f9a3b86380cc5da0a22d1f4fc0bae4e17d1	141825cbbc6191ec		Minidregg.Kernel.ObjectiveActivity.Refusal → Minidregg.Kernel.SeatReceiver.Reject
def	Minidregg.Kernel.SeatReceiver.Reject.config.elim	1329067ac56b6abfee39685c85c7c7dedd7251f71c1e377480de3901df18672d	c104498c6f951c87d633f692170d15664e3dd4b9a91f181f91a678919bc13a45	3c8cbe7be468ee02c4daa0b2b13a24e94301421638666d4e374ca407b881e70e	25a22a356bf25666	-	{motive : Minidregg.Kernel.SeatReceiver.Reject → Sort u} → (t : Minidregg.Kernel.SeatReceiver.Reject) → t.ctorIdx = 6 → ((reason : Minidregg.Kernel.ObjectiveActivity.Refusal) → motive (Minidregg.Kernel.SeatReceiver.Reject.config reason)) → motive t
ctor	Minidregg.Kernel.SeatReceiver.Reject.directoryUnavailable	bc94acfc0d4ffb2e5dfee5720a36eb9ea4da1faf843569c545617bf68a5649e1	c7f3c7997a112e964f316ed0f396d6b45c7ad73643d95218d31d88e27a50f307	3b3edb992bae11dbad1510995dfe4793e2a7c40da4208074994fc1432e61b598	a6ae379222ee2b91		Minidregg.Kernel.SeatReceiver.Reject
def	Minidregg.Kernel.SeatReceiver.Reject.directoryUnavailable.elim	39712f8efee41eccf58e0c376a1e588f7dbb260756d4499b6f3ab01d5a42d7ba	828ebed248da70336a85d5a7c0bd66d2b963d6c7219f97965ca64fbf4966eff7	9fffba4d0c743cb588f5e908680a3dc4ab78cf783a7a42e5e2e595f76fa5f242	d443d6274885bab4	-	{motive : Minidregg.Kernel.SeatReceiver.Reject → Sort u} → (t : Minidregg.Kernel.SeatReceiver.Reject) → t.ctorIdx = 1 → motive Minidregg.Kernel.SeatReceiver.Reject.directoryUnavailable → motive t
ctor	Minidregg.Kernel.SeatReceiver.Reject.kernel	5b8b34419fd04667b69dc48e01f93812c8e6039c23ad48cfbd8bcd934c30148b	3d4ab8d03b9e615b60e21201fa99f9138c699a905c8a2e70ceb1fc8285326d01	60381a0a164e9703c2961573e417740e9d44676d793e5d092fbf6d9a6f465497	dde11981c6d36499		Minidregg.Kernel.SeatStore.Refusal → Minidregg.Kernel.SeatReceiver.Reject
def	Minidregg.Kernel.SeatReceiver.Reject.kernel.elim	c8469a11ce1896eef86b95ea7ca314bd2eebcefc9adfd91a87e3df904b21f113	bb21301cb9174b5deee9015c19001882ef6f2542b6aa8980bbdf3df494d93a80	f88189685cad31a078749796177fd48abe39181577dbce16bd12ed39c90616f4	2a63d8b147c6d527	-	{motive : Minidregg.Kernel.SeatReceiver.Reject → Sort u} → (t : Minidregg.Kernel.SeatReceiver.Reject) → t.ctorIdx = 7 → ((reason : Minidregg.Kernel.SeatStore.Refusal) → motive (Minidregg.Kernel.SeatReceiver.Reject.kernel reason)) → motive t
ctor	Minidregg.Kernel.SeatReceiver.Reject.malformedIngress	14604849ffb46e61595578fe59cdb00b08bce3ce3795fa749a174b6e661a85d4	c7f3c7997a112e964f316ed0f396d6b45c7ad73643d95218d31d88e27a50f307	5a2629a6688282691901cabe13c9b2b6da7cd3413d945805366f6c8822b8d099	68b0eff74bcebfa3		Minidregg.Kernel.SeatReceiver.Reject
def	Minidregg.Kernel.SeatReceiver.Reject.malformedIngress.elim	15b9240b9b0b21874fa0fba8872a3deebd00abb313abc3124bf88fa1273a2d80	759976dabc827d82f512e35617e17b2e73b64273a34bd383e6b137ee041f9254	8fa1ceea34625bbd3cc6d487ee8cbf2b4827073a1301e2be55d78ceba3e74cdc	f69423f994484c30	-	{motive : Minidregg.Kernel.SeatReceiver.Reject → Sort u} → (t : Minidregg.Kernel.SeatReceiver.Reject) → t.ctorIdx = 0 → motive Minidregg.Kernel.SeatReceiver.Reject.malformedIngress → motive t
ctor	Minidregg.Kernel.SeatReceiver.Reject.notAccountOwner	97bb30111262c429499ab4e9e05d18944f478556529b61b0957942000c54098d	c7f3c7997a112e964f316ed0f396d6b45c7ad73643d95218d31d88e27a50f307	2aff90b09ee4482046e1ee398c997ddcfb02f9616eb67b8dd5d78647cada82f1	99b8806a02298dfe		Minidregg.Kernel.SeatReceiver.Reject
def	Minidregg.Kernel.SeatReceiver.Reject.notAccountOwner.elim	abccc0f6e7906e452b227fce72c35e04726620db62111281fb3198a68291af49	ed93965178509ae7631af5df0a6965aa495990b6b4b4ff23379c5648df6fc7df	4b00e4096d3cfee2d73a8724c582617d9c4a699a7c74ea19ba45a2c1d152eb73	b3ec1ecf9e3952cb	-	{motive : Minidregg.Kernel.SeatReceiver.Reject → Sort u} → (t : Minidregg.Kernel.SeatReceiver.Reject) → t.ctorIdx = 9 → motive Minidregg.Kernel.SeatReceiver.Reject.notAccountOwner → motive t
ctor	Minidregg.Kernel.SeatReceiver.Reject.notActivityPayer	e19ab2179705c17376671f6b49ef1735e13200ebaf918baa91ad9a18f109586e	c7f3c7997a112e964f316ed0f396d6b45c7ad73643d95218d31d88e27a50f307	b1a518e81beedd1629516bbd866acd65b1d4f90af240b41dac265a37732e200b	06f9b545d992846f		Minidregg.Kernel.SeatReceiver.Reject
def	Minidregg.Kernel.SeatReceiver.Reject.notActivityPayer.elim	f87e31c98c33fff1daac34aae7c18a79aa528585ee9a5a00fdf10195a08ee6b2	3f36e446c1baaea9c0a7cdbbdde5969ce2a331aa3fdc73b4da43b8c88f9f91c3	805d3f42769fe48f47ab0f6427a822e6b98ceef7d9cf51e37b4e634214f3c576	a7dd519672dbdde7	-	{motive : Minidregg.Kernel.SeatReceiver.Reject → Sort u} → (t : Minidregg.Kernel.SeatReceiver.Reject) → t.ctorIdx = 10 → motive Minidregg.Kernel.SeatReceiver.Reject.notActivityPayer → motive t
ctor	Minidregg.Kernel.SeatReceiver.Reject.notObjectHolder	b944995308f796ce22b9a99e8355f386f2a38971571d5c641300a3bd97cc9776	c7f3c7997a112e964f316ed0f396d6b45c7ad73643d95218d31d88e27a50f307	dc12dabbb7b1d78db3b71573907544cf8c80bc7b217dfb74170cdd3ce2fef1f3	94d31ba15a00bd24		Minidregg.Kernel.SeatReceiver.Reject
def	Minidregg.Kernel.SeatReceiver.Reject.notObjectHolder.elim	291d38d31832c374379e6bcfa4f09c3ad3ebbeec32c9b6faf100dad0fbf11958	1fec35071057b57e53b6ec6ab0851bdfea7361d889ee422bd75a9da31e0afdcc	6ae79ce1318500b34120ff8a67ebf02d79bd1963cf5f7507fbfc8c4623a063d9	766a65a586c4b999	-	{motive : Minidregg.Kernel.SeatReceiver.Reject → Sort u} → (t : Minidregg.Kernel.SeatReceiver.Reject) → t.ctorIdx = 8 → motive Minidregg.Kernel.SeatReceiver.Reject.notObjectHolder → motive t
ctor	Minidregg.Kernel.SeatReceiver.Reject.physicalPreparation	4676fe94045584a358ece79d3e2c529543dfa8ce853b996d55cceb3318dd36fc	c7f3c7997a112e964f316ed0f396d6b45c7ad73643d95218d31d88e27a50f307	da1502092afb399393d20e5fd30e6615b4692fb87c1de08c0252a614a50a30b8	761d4b809b1fc927		Minidregg.Kernel.SeatReceiver.Reject
def	Minidregg.Kernel.SeatReceiver.Reject.physicalPreparation.elim	e08fc4243acadcf6c02cab54a8a5ed106f903d8372129fd73e0ef7ec0fd4084e	4fbf844210c6f05955a0ba3f5d4dd887b81d2da36d1e2b2e49738cf1af6ef7f1	ed457309a50e3afbfd74bebae1eaf69bbf1816de47bee0f1db9598ae084c1841	c1bdfb7b38389421	-	{motive : Minidregg.Kernel.SeatReceiver.Reject → Sort u} → (t : Minidregg.Kernel.SeatReceiver.Reject) → t.ctorIdx = 5 → motive Minidregg.Kernel.SeatReceiver.Reject.physicalPreparation → motive t
ctor	Minidregg.Kernel.SeatReceiver.Reject.replayedMarker	e5a1b50cd16edc36a26f2a3e3fd62051c43712b5f30cba5badc0c88e444c4f25	c7f3c7997a112e964f316ed0f396d6b45c7ad73643d95218d31d88e27a50f307	60ff11c618ead602a402e8d2b443dd6045e71524888d89d8ce30aeee8b98a6a1	c30adc70fdf33a16		Minidregg.Kernel.SeatReceiver.Reject
def	Minidregg.Kernel.SeatReceiver.Reject.replayedMarker.elim	059ddfbd273619e1d163dd18f8d2b9a695f98086f692f3b650e3c6c8a5d58bc0	62ea02b00ff54353d8f7be05c4eec99b33d994fc785ac777a060feddcfec8eca	25a7bd7b1003e92d81be0609db1f17ec3a5705e2838542984be0dcd05dba7822	89612ce032707f67	-	{motive : Minidregg.Kernel.SeatReceiver.Reject → Sort u} → (t : Minidregg.Kernel.SeatReceiver.Reject) → t.ctorIdx = 4 → motive Minidregg.Kernel.SeatReceiver.Reject.replayedMarker → motive t
ctor	Minidregg.Kernel.SeatReceiver.Reject.signature	8a9d0ebdc2c09f7c52fbbbcd3cb5f08adbe18aababf57d48b32c47084d921323	880e52c8496d5dd199f4006f0c05fe83a8f47fcdf88ffd61d051d4595905bb5d	03c943b3df931bbef5d6c49993a090c100ffdd47ded77bc5e89f1f0ba751a458	845c01b38e1a238a		Minidregg.Compiler.CredentialSignatureAdmission.Reject → Minidregg.Kernel.SeatReceiver.Reject
def	Minidregg.Kernel.SeatReceiver.Reject.signature.elim	5119fee87bf7e04ebbf597bbf48fee82f87e73082a68a9a1f26441f25ee3627c	113cfef431479b804aa276ebfeba2bb9bafa29607667ec2489deed9fcd8b755c	ad18415c208eb261824f052997f40038858f99d0bb83ea5f4931878f9bda7115	b2a93a7302a9df26	-	{motive : Minidregg.Kernel.SeatReceiver.Reject → Sort u} → (t : Minidregg.Kernel.SeatReceiver.Reject) → t.ctorIdx = 11 → ((reason : Minidregg.Compiler.CredentialSignatureAdmission.Reject) → motive (Minidregg.Kernel.SeatReceiver.Reject.signature reason)) → motive t
ctor	Minidregg.Kernel.SeatReceiver.Reject.staleAuthority	20d953b22ac8e4f8b080d9fb82a9cc985bf226800606e8176b95841a2b3c5ec7	c7f3c7997a112e964f316ed0f396d6b45c7ad73643d95218d31d88e27a50f307	2a9f50cad9ac346214257b722ceff49fe5935cb8d1e912f98352583864899200	b8ce68cfd310446b		Minidregg.Kernel.SeatReceiver.Reject
def	Minidregg.Kernel.SeatReceiver.Reject.staleAuthority.elim	9abcccd59bb28f08ea077a05745a3d725d85845f15dc59589a51d02c51c237cf	6cee20957136f4e56991299ce8c8f0a18482ad70afe97c99b43eb75655633a98	f43c296d6267f79812dd755818990c2c29cf0345c52dc8efc8e642691c554952	b8a836940743e41c	-	{motive : Minidregg.Kernel.SeatReceiver.Reject → Sort u} → (t : Minidregg.Kernel.SeatReceiver.Reject) → t.ctorIdx = 3 → motive Minidregg.Kernel.SeatReceiver.Reject.staleAuthority → motive t
inductive	Minidregg.Kernel.SeatReceiver.Result	19e12d97115551274a162dc6f65bf9e1b64fc36c4b24776398bc67dde757bbb9	16946b93ac38405660f51e475eb5aa7d25b54f5e5677e0f6a10a4526cc071cbf	ce376cdcaa7e9a000ea3b83280a903f4a58187f65424382f8d3964a24349b46d	45f9bdeb78ff7dc4		Type
ctor	Minidregg.Kernel.SeatReceiver.Result.confirmed	93b7e152a09d0b2cc4f2bb6801b6a4414994104557a595cb74f4848f3b1f2f86	b7f97b2e219a1df69e3bdf0cfad59e933bed7a19f633b96811c6d09487ef39ba	dedf932a1cd84af30c613f9312ed7610e8169e7f5b3783f40d7123b13f7258f1	4c46082294276033		Minidregg.Compiler.DurableReceiverIO.Confirmation → Minidregg.Kernel.SeatReceiver.Receipt → Minidregg.Kernel.SeatReceiver.Result
def	Minidregg.Kernel.SeatReceiver.Result.confirmed.elim	65741d7fe717f8a318904d033de34fdc2a404b6ba6a769b7202a1a8f01afddb2	d53c2555ed5415c3d48b5168b6883445a4c356789ff71bf6d474341f713d9cf1	981c763ccb5fde3a42e254129515064499a3115fbb4d36f9b4f7e16dac97287f	f22ee17b865fcabd	-	{motive : Minidregg.Kernel.SeatReceiver.Result → Sort u} → (t : Minidregg.Kernel.SeatReceiver.Result) → t.ctorIdx = 0 → ((kind : Minidregg.Compiler.DurableReceiverIO.Confirmation) → (receipt : Minidregg.Kernel.SeatReceiver.Receipt) → motive (Minidregg.Kernel.SeatReceiver.Result.confirmed kind receipt)) → motive t
ctor	Minidregg.Kernel.SeatReceiver.Result.contention	fcb6cf5c4580e9f16252331eac4d39c34e0497d26793ce7847c1f7c2a6b86bce	5314dda6135be3e47edc344918970e456c8fabc9eedf7737d4d8b032ca6659e0	9bb660458fd5f4a6948534cfd6d7301d5651848dbab46fb97463e46a6cd59df7	cb5b16dfc9d08a2d		Minidregg.Kernel.SeatReceiver.Result
def	Minidregg.Kernel.SeatReceiver.Result.contention.elim	6609bcc168be2d897e36f7c5f136133a01154aff806ad22944d8fb186c07f574	35c797a7cd4c9a591ca5c1111e4678bab72f7b79ebdd0d183b0afa0b119e23ae	fbca14e6a0cf1830ee453effd6b7077f75b7d2e861c508975cd7ec3221e627ea	b377acf3375c0cfe	-	{motive : Minidregg.Kernel.SeatReceiver.Result → Sort u} → (t : Minidregg.Kernel.SeatReceiver.Result) → t.ctorIdx = 4 → motive Minidregg.Kernel.SeatReceiver.Result.contention → motive t
ctor	Minidregg.Kernel.SeatReceiver.Result.durableRejected	805c969bb58b6b671c623189bd6e2246becd4b716d4532d7a197d6ffac90e924	7953166d93988af70a466947abf47e0ea827408d08df4c28cdfcb120ef44354e	3a87534882101545fdac6c93bf089ab590ab76e77592a243cad12435eb14e388	1959f1f8247bee47		Minidregg.Kernel.DurableDataIntent.RejectReason → Minidregg.Kernel.SeatReceiver.Result
def	Minidregg.Kernel.SeatReceiver.Result.durableRejected.elim	75854aaae0fcab0e2cc541f3055cad2b3b057cf2ab68dd9423d81d8de74de1b4	a5331a581fda6eef3b67386ef7ac754f355a1b3f7c341af3a250e4ee9aa15c2c	3aeb3d3e1dd86ed21f43af8b4837aecc41576f33f444436fd42ce385da7b0b4a	b2fc32782bea2a9a	-	{motive : Minidregg.Kernel.SeatReceiver.Result → Sort u} → (t : Minidregg.Kernel.SeatReceiver.Result) → t.ctorIdx = 3 → ((reason : Minidregg.Kernel.DurableDataIntent.RejectReason) → motive (Minidregg.Kernel.SeatReceiver.Result.durableRejected reason)) → motive t
ctor	Minidregg.Kernel.SeatReceiver.Result.rejected	808be43f7f0406ce81ffebee84639b16e50a3a76db9c127eafd81e40d4da3fab	e7effc53762a6de926934c818945c90af30cd4501a4b55177ca7d58a9dd09f2e	a2336bf50c538d7576e895a0e5805ebf267f25ecb6321dfa305f097163beae5b	f5cf9e0f423355fb		Minidregg.Kernel.SeatReceiver.Reject → Minidregg.Kernel.SeatReceiver.Result
def	Minidregg.Kernel.SeatReceiver.Result.rejected.elim	c61ca62dbe5ee63978eb887e482a34f8f4d2321d67722858e943a0bfbd9060ca	e57fc6cf129bdf13274a6bd062069b887d4406e1e2f3b6475dcbae0880f5f093	8d882ad6b95374791984115ba97c561a489316009ad8aadde945a7b0a5b40878	d4a507be15b7af8c	-	{motive : Minidregg.Kernel.SeatReceiver.Result → Sort u} → (t : Minidregg.Kernel.SeatReceiver.Result) → t.ctorIdx = 1 → ((reason : Minidregg.Kernel.SeatReceiver.Reject) → motive (Minidregg.Kernel.SeatReceiver.Result.rejected reason)) → motive t
ctor	Minidregg.Kernel.SeatReceiver.Result.transactionConflict	f0c4c6a380065901c786af019705387bce0a77c49671b871af5aebd1969166d2	5314dda6135be3e47edc344918970e456c8fabc9eedf7737d4d8b032ca6659e0	96b43e1a38e2ba9c12e2e136b3d8d3389777783df89c622f280faeddc3b66bff	f0fe56ba0ffa798b		Minidregg.Kernel.SeatReceiver.Result
def	Minidregg.Kernel.SeatReceiver.Result.transactionConflict.elim	87f3236291305d349e2fc78146a2cb7b111bfdc6d8c08a1322005733b7091605	ec85bd0c52259935575b4b7e011dc815878aed16297a14728a605e37a42e9b2e	14fa9cf45f8ae4da08f5b156112d19a00fb77436ed6ae6c85c71b9d068be9094	dc5975d2c8317f04	-	{motive : Minidregg.Kernel.SeatReceiver.Result → Sort u} → (t : Minidregg.Kernel.SeatReceiver.Result) → t.ctorIdx = 2 → motive Minidregg.Kernel.SeatReceiver.Result.transactionConflict → motive t
ctor	Minidregg.Kernel.SeatReceiver.Result.unavailable	e26f1660669ca1e4196d7f6ea49495931112b0f0818fd3bb74136a84a0223ac8	9af664254ba6cdee74ec55e3504df4a724b03db76f12c1d61129b220b60c22df	b8a1bdafb67397addad89fef4aad9fc57f98d6d0f359d74b40498c837841ec17	a683c81d21b92df1		String → Minidregg.Kernel.SeatReceiver.Result
def	Minidregg.Kernel.SeatReceiver.Result.unavailable.elim	1dc16a388ba95d57a7b0628e10502c91fc15ab417221211b7349de5f5f53aafa	c3ce3e79b97b821d7ef9959c0a4d8fd29eec2be48ce29cdf142eb64f2ead44a1	e92fbdb51d225da980953e97c210ab2c87ed1bb069d11889fc67635f23c6bfbf	9ce5fa378d0ff5b8	-	{motive : Minidregg.Kernel.SeatReceiver.Result → Sort u} → (t : Minidregg.Kernel.SeatReceiver.Result) → t.ctorIdx = 5 → ((detail : String) → motive (Minidregg.Kernel.SeatReceiver.Result.unavailable detail)) → motive t
ctor	Minidregg.Kernel.SeatReceiver.Result.uncertain	d9adc0d5792e2331e25b2917fb1b9a680d3f8a5afbc4e2466490b1e02bd50613	9af664254ba6cdee74ec55e3504df4a724b03db76f12c1d61129b220b60c22df	85c17a523a4408c33586e81b1f3486343f70e622545b02be2222ef40fa0dc058	e80eb0c12dc42678		String → Minidregg.Kernel.SeatReceiver.Result
def	Minidregg.Kernel.SeatReceiver.Result.uncertain.elim	7f78ceba2df14deb2be2ceee4deae7f4b55b4754bba884de423f1a17814ace07	e17f1a5e744ee62be217b950c4d6c3f263ab886c0a85aa6a942a608ec443db60	059abefdbadd803417e69621d3245f346961832c4c6881ca361a564db9b85bcb	b37644dcc474a6a5	-	{motive : Minidregg.Kernel.SeatReceiver.Result → Sort u} → (t : Minidregg.Kernel.SeatReceiver.Result) → t.ctorIdx = 6 → ((detail : String) → motive (Minidregg.Kernel.SeatReceiver.Result.uncertain detail)) → motive t
def	Minidregg.Kernel.SeatReceiver.SeatOrBook	785574448a0b587bbe8d82c99422a3040568e8c82ff6ccfa3316f15e9e67066c	99333fa541c392a3cbf921b2759fb1af168041eed30e3e14679d393803adba9f	f9bd6b48dc8b116e502e0abe3a1510d4ad5aee52e0f46156c3823874f237662f	4d6ace508273eb12	Classical.choice,Quot.sound,propext	Minidregg.Kernel.SeatReceiver.Deployment → Minidregg.Kernel.DurableDataIntent.DataWrite → Prop := fun deployment write => write.cellId = { value := deployment.resourceBookId } ∨ (∃ payload, Minidregg.Kernel.SeatStore.payloadOf write.canonicalPostBytes = Option.some payload ∧ write.cellId.value = Minidregg.Kernel.SeatCell.coordinate deployment.domain payload.role payload.key) ∨ write.canonicalPostBytes = Minidregg.Kernel.ObjectiveActivity.retiredImage ∧ Minidregg.Kernel.SeatCell.reservedBase ≤ write.cellId.value
def	Minidregg.Kernel.SeatReceiver.Snapshot	25c142205b46db9a62d3dd9ff12fe4fc8300521a5bfab9492aeb56991f87c012	89855d392aa192071e8a2b2230d30ecae8fc9de0c15fa6a53f6209226829292a	239b1c42a353e46c6e31100d9fd74e4bd471795ff90910b3a4d7fe2b7fee0094	f046ec6127898f26	Classical.choice,Quot.sound,propext	Type
def	Minidregg.Kernel.SeatReceiver.accountHolder	7f48b2c4df9e5b1fb2760129f5ba7d8fe28f1a219f9478cd53b7aef42fbfaf67	512ccc005816f42e565f4cbae8a566c1db05201e249ad8663a4396d85525a03a	19c5035b6113f14f4d0430286cc0a19dffe666152cc209168fa96f819287157d	7a4a7451b535c16d	Classical.choice,Quot.sound,propext	Minidregg.Kernel.SeatReceiver.Snapshot → Minidregg.Theory.TypedAuthorization.Digest → Minidregg.Kernel.ObjectiveKernelConfig.Ambient → Minidregg.Kernel.SeatReceiver.Command → ℕ → Option Minidregg.Theory.TypedAuthorization.CapabilityId → Minidregg.Theory.TypedAuthorization.Digest → Minidregg.Theory.TypedAuthorization.Digest → Bool
def	Minidregg.Kernel.SeatReceiver.activityPayer	d075561b7530f2c01f41f76f18f1ecae5729cbafd99fc8615930fda2c8b78c9d	514d2e28b5f5c74fc21341cfdf4fba0be84240d3752c3409b51bd0ccd57996a4	f7bad4bb9285b70006fd806561a39deabc464d9f4274c4bfd35a716c090cd8ea	ae98c9d385d400f7	Classical.choice,Quot.sound,propext	{rootBytes : List UInt8 → Minidregg.Theory.TypedAuthorization.Digest} → Minidregg.Kernel.DurableDataIntent.DataSnapshot rootBytes → Minidregg.Theory.TypedAuthorization.SubjectId → ℕ → Bool
def	Minidregg.Kernel.SeatReceiver.admissionSeal	c8bb7cdaced5b7c0746afd64922f90e7d01511c31afe873460d21f65fde47f71	ddaa76d12d290d6e6c8537306620c85494cb2b02daf7bc730dca9218dfedb184	f73ea90ebb8a9c9bd988ba5aad74060752454a95f3aa1589f1752a99113943d8	6fce9c0f9ffd7c99	Classical.choice,Quot.sound,propext	{F : Type} → [inst : Field F] → {deployment : Minidregg.Kernel.SeatReceiver.Deployment} → {profile : Minidregg.Compiler.CanonicalRuntimeProfile.Profile F} → {ambient : Minidregg.Kernel.ObjectiveKernelConfig.Ambient} → {durable : Minidregg.Kernel.SeatReceiver.Durable} → {command : Minidregg.Kernel.SeatReceiver.Command} → Minidregg.Kernel.SeatReceiver.Prepared deployment profile ambient durable command → Minidregg.Kernel.SeatReceiver.DecodedIngress → Minidregg.Kernel.ObjectiveActivityWire.Seal
def	Minidregg.Kernel.SeatReceiver.admitDecodedNative	55417c311b0d09942ff664ea4a7218249cca0e1ad2fa8991c5fb97af9e308f87	9fc7f6fd32c0236b2cffb67a39f0b04a7e6123e0bbfd51ef9e27f7cf873b6857	2408986b824d71bc3e02741d3afb8dea1fe986da5cc09ff35597592ba10b300f	6414a394e609f725	Classical.choice,Quot.sound,propext	{F : Type} → [inst : Field F] → [inst_1 : DecidableEq F] → (deployment : Minidregg.Kernel.SeatReceiver.Deployment) → (profile : Minidregg.Compiler.CanonicalRuntimeProfile.Profile F) → (ambient : Minidregg.Kernel.ObjectiveKernelConfig.Ambient) → (durable : Minidregg.Kernel.SeatReceiver.Durable) → Minidregg.Compiler.CredentialSignatureIO.NativeConfig → (ingress : Minidregg.Kernel.SeatReceiver.DecodedIngress) → IO (Except Minidregg.Kernel.SeatReceiver.Reject (Minidregg.Kernel.SeatReceiver.Accepted deployment profile ambient durable ingress))
def	Minidregg.Kernel.SeatReceiver.authorized	7681c03f6460afece1b99c648580af6600d929d2ccbc882e65abcce7695f412a	9671639c5a2d6aca9366b527c030f4215817d0c229fccd4204a06d276a72c298	e79f16c4fff19f3a4eb6483f3a51466cb4653a9c5c6b6c8f26096dcf1e689719	7f8ed7927ab9c036	Classical.choice,Quot.sound,propext	{rootBytes : List UInt8 → Minidregg.Theory.TypedAuthorization.Digest} → Minidregg.Kernel.DurableDataIntent.DataSnapshot rootBytes → Minidregg.Kernel.SeatReceiver.Snapshot → Minidregg.Theory.TypedAuthorization.Digest → Minidregg.Kernel.ObjectiveKernelConfig.Ambient → Minidregg.Kernel.SeatReceiver.Command → Minidregg.Theory.TypedAuthorization.Digest → Minidregg.Theory.TypedAuthorization.Digest → Except Minidregg.Kernel.SeatReceiver.Reject Unit
def	Minidregg.Kernel.SeatReceiver.charge	e93a436fde35e50a58951f93f461235cbd6b79788048505aa3b23602695b0a07	2a2aebba26a8a5532c54b7fcd91e6daea6fda6245135b8bc310961e54ea7a9a0	e2f9d5e6ecfd5ebd32cd72cc7fc62e973a66dc21e7244e65fc0c0a4456f7804b	86310c1dace9dc7a	Classical.choice,Quot.sound,propext	Minidregg.Kernel.SeatReceiver.DecodedIngress → List Minidregg.Kernel.ObjectiveActivityWire.Post → List Minidregg.Kernel.DurableDataIntent.ReadGuard → Minidregg.Theory.ResourceCost.Charge
def	Minidregg.Kernel.SeatReceiver.commandCodec	5e10242d657c0413b78a0700c1e53112584772b05d3c97ffc9ff2657a0d25b09	0e0006f5f8a0055b35e7e3fa6810db18ffd6e0de663d40b2c4f833071a2a0d6f	a3440cac70559e0462ad19103dc46cef2cf378403458e75b923f71d1eb466438	7a6568998ba24ac0	Classical.choice,Quot.sound,propext	Minidregg.Theory.IndexedProgram.LawfulCodec Minidregg.Kernel.SeatReceiver.Command
def	Minidregg.Kernel.SeatReceiver.commandFrame	5521755147d2f0c5751858434640386be388401bc922cfb07b917601a47ad4bb	268fce01293bcb84de059c093737d89d8980bbc789bd14e1bc6693665008f358	f60b07b992a3f8c6e690762838f6005ea9c037eea2d6d3e6a16186d330342178	5676287907d1b294	propext	List UInt8
def	Minidregg.Kernel.SeatReceiver.commandStream	ecb429efd783d9f74506bce69ee95d0463b71ba390cc4085622af2eebac94ba0	6f823e5f2e6901a967d470429ddc14c0f9db8014b41e6766caa2d079f8c57409	f9376a3469a45999088e36d3d764d5d8a7353b2439bb505b7a2e567ac393cc57	2e003b78c216127e	Classical.choice,Quot.sound,propext	Minidregg.Compiler.Tower256ConcreteBackend.StreamCodec Minidregg.Kernel.SeatReceiver.Command
theorem	Minidregg.Kernel.SeatReceiver.command_canonical	02ddbf83c0d1567b0299ee38a773a351c890b72af38a32bd5a49a466a1a09c2a	af4d6b31569e12b440ce340ba70439e063603579a2507d658e8a585ea53fce34	9829bc8b9e23bf8bdf9d6eb9d61486c974e61c7942542acab855f55aa00605ea	4fb0d5b609dd0bda	Classical.choice,Quot.sound,propext	∀ {bytes : List UInt8} {command : Minidregg.Kernel.SeatReceiver.Command}, Minidregg.Kernel.SeatReceiver.commandCodec.decode bytes = Option.some command → Minidregg.Kernel.SeatReceiver.commandCodec.encode command = bytes
theorem	Minidregg.Kernel.SeatReceiver.command_roundtrip	14736b98a1c6af77c174eed90371e8fa80452b4984401334b679da01eedccd9d	f842e2b01ec20349fb8e7f2b5e2acf14413bb358f06f1dc76949e97c647f7dd3	ee8a259215d4fef5fec3ea7de2f8071f19a8779894f7b06d6b23e8cc17b0e1ee	8879da7034fb9a92	Classical.choice,Quot.sound,propext	∀ (command : Minidregg.Kernel.SeatReceiver.Command), Minidregg.Kernel.SeatReceiver.commandCodec.decode (Minidregg.Kernel.SeatReceiver.commandCodec.encode command) = Option.some command
def	Minidregg.Kernel.SeatReceiver.contextAt	bfb269ed13a3a208d443cb59cd1ce03a50e5bfbe02b2fd8705d0b7803112a29c	360bcd14bd8563d8ef9424213e674d3080f60740e70d838f161be08e23f06a0a	aa721a1c6ea720110e49abd7acb288fd29c80d71ab3b008629b418b54aa560a3	43da4503091b0254	Classical.choice,Quot.sound,propext	Minidregg.Kernel.SeatReceiver.Snapshot → Minidregg.Theory.TypedAuthorization.Digest → Minidregg.Kernel.ObjectiveKernelConfig.Ambient → Minidregg.Kernel.SeatReceiver.Command → Minidregg.Theory.TypedAuthorization.ResourceKind → ℕ → Minidregg.Theory.CredentialAuthorityEffects.RequestContext
def	Minidregg.Kernel.SeatReceiver.declarationCodec	3b86cc01368bbc30a93a93bb81c5e84f672dda0f1fb0eeddebbca5b9eaaca6f0	57ed4498807adefa879b669ee1ba2776d9dfd3b755723fbfa6534c619ac88800	25bbc954efed4053ff768f41b2fdc6b3131677e2bc849f53932a7f43291c8ec2	c866bade3318813a	Classical.choice,Quot.sound,propext	Minidregg.Theory.IndexedProgram.LawfulCodec Minidregg.Kernel.SeatReceiver.Declaration
def	Minidregg.Kernel.SeatReceiver.declarationStream	afa2e7ff3024a7f307d6bb36197e28b4d7013da43fa20af01ad563f5ab9f22cd	3269563ba75cf2c32a1509aa2bde68da4cade62bbd27a37a2a07900eff48613f	a51dd505644cee2449bdf9d4df19a8030164998433f122f0a2c07b4b54a407cf	a38a3229a6389206	Classical.choice,Quot.sound,propext	Minidregg.Compiler.Tower256ConcreteBackend.StreamCodec Minidregg.Kernel.SeatReceiver.Declaration
def	Minidregg.Kernel.SeatReceiver.decodeIngress	d1e56ba4bb8061e11934f3905e9b1701071240779dd19dbde35d1a124c226f6c	681dd473b407c23402dbbc794ac937062e4ece9f327edda8bc87d75e9b570fcc	60125f71258f048e465cf99b736f8b1a597cf47a7162f5000560ffa71a479a9c	04e6855114c2403c	Classical.choice,Quot.sound,propext	List UInt8 → Option Minidregg.Kernel.SeatReceiver.DecodedIngress
def	Minidregg.Kernel.SeatReceiver.effectDigest	e9542dff77a1fd4fc0237dcacc583efaaa1660733cc2c682125f56d29670e160	5b581fa1f1891d335b6ba7dc8a0526e0655c12e14dfe095b7c5cef532d84a311	8d5e5c4660f1f8e3f3270b8387eba7a250756abadbe763eb7e4fd3953fbee361	4e345fff9a30d9d9	Classical.choice,Quot.sound,propext	Minidregg.Theory.TypedAuthorization.Digest → Minidregg.Theory.TypedAuthorization.Digest → Minidregg.Kernel.SeatReceiver.Command → Minidregg.Kernel.SeatReceiver.Declaration → Minidregg.Theory.TypedAuthorization.Digest
def	Minidregg.Kernel.SeatReceiver.event	d78e7295c3555575218385960fdb2caa50964db06ea3b78ce2562c924d78e469	5dcb6d76c7f0012f1b1dd418fc6c5291cc6895653af4c5698b8d9e14940c7c16	87039c33069c03bd5d46eea64db4eb164d0eed617aeeb60254dc147fc2b40a24	d440d9a94a381c1c	Classical.choice,Quot.sound,propext	Minidregg.Theory.TypedAuthorization.Digest → Minidregg.Theory.TypedAuthorization.Digest → Minidregg.Kernel.SeatReceiver.DecodedIngress → Minidregg.Kernel.DurableDataIntent.StableEvent
theorem	Minidregg.Kernel.SeatReceiver.exit_requires_offerer_or_deadline	10771cf696bbf813bfa5433d6fbfb37ef5a4db8470759fc04e04e7101f564d73	95e9b49a5b81a76f40f1594d2ce513bfb2fa17cde52ce7c875cb1d1433f60f09	3ccc7f93d9f3a41a4eba55a59ffe75d08161c0ea6e766ef89cb145049110b1a1	b1a543c5d967d2c4	Classical.choice,Quot.sound,propext	∀ {F : Type} [inst : Field F] {deployment : Minidregg.Kernel.SeatReceiver.Deployment} {profile : Minidregg.Compiler.CanonicalRuntimeProfile.Profile F} {ambient : Minidregg.Kernel.ObjectiveKernelConfig.Ambient} {durable : Minidregg.Kernel.SeatReceiver.Durable} [inst_1 : DecidableEq F] {ingress : Minidregg.Kernel.SeatReceiver.DecodedIngress} (accepted : Minidregg.Kernel.SeatReceiver.Accepted deployment profile ambient durable ingress) {seat : ℕ}, ingress.command.turn = Minidregg.Kernel.SeatStore.Turn.exit seat → ∃ found ∈ accepted.prepared.decided.world.seats, found.account = seat ∧ Minidregg.Kernel.Seats.exitAuthorized ambient.height (Minidregg.Kernel.Seats.Actor.subject ingress.command.subject) found = Bool.true
def	Minidregg.Kernel.SeatReceiver.grantsStream	99a9ba458ad833b985387b8c2f0b0884ff125275cde620921a31e565f18604ec	0768fa4be2249365423ad76bf6a132ca1149d601a78aa842ddf6cddab549958b	4441f5a04e7a1b22d3d39bae270be634669c13b950a00dc18d2a75c18038260a	ca47d36ad029a735	Classical.choice,Quot.sound,propext	Minidregg.Compiler.Tower256ConcreteBackend.StreamCodec Minidregg.Kernel.SeatReceiver.Grants
def	Minidregg.Kernel.SeatReceiver.ingressCodec	565da0947cd48d560e49b4483d504ca5a5f4f5326f607b5974e63b1334851dc3	c43fa28981149fd73418c84e2600de4a3923315ac9af2315b15e40a20af5f7ad	fec64bb0a64d83cd6dbf95dde78b03fb4434e9a499511aa226d12ef051c7f5ea	b5909970b8adf203	Classical.choice,Quot.sound,propext	Minidregg.Theory.IndexedProgram.LawfulCodec Minidregg.Kernel.SeatReceiver.Ingress
def	Minidregg.Kernel.SeatReceiver.ingressFrame	3bcdc38249c6fb3dcba45a23ff072e2f3f720582b48ec02da371f136f3d6ceb0	268fce01293bcb84de059c093737d89d8980bbc789bd14e1bc6693665008f358	1fe4c35b2ceddbb97a06e8c579744ebbffc72f3f7593c6b047324a5811845594	bad926dcc076768c	propext	List UInt8
def	Minidregg.Kernel.SeatReceiver.ingressStream	b3c9b1536ab84143095503ddba83e0e1b9600067ea97bd1fb38cfff445bb9090	1a78334bc67b45fc6eaa5973fc3159caa923e317feed50fa2b4856b206996aa4	91a69db685a808260bedb5d7caba059b059f6fefd8e564847fc814fb5ead28de	d37ec005b6a8d9b2	Classical.choice,Quot.sound,propext	Minidregg.Compiler.Tower256ConcreteBackend.StreamCodec Minidregg.Kernel.SeatReceiver.Ingress
def	Minidregg.Kernel.SeatReceiver.intent	49355cb22b33f58bcaf9d8bd0f85f0f1ca942520e3ee997bba5f7062631d972c	c48970d8e493113211105e1ccf76bd6ec835f1ce4afa70fcf2fe24e3ebca8642	47d9b3c9861d6d395d8abaff610399baacc6bfd0477aa7cfbf848a55026216db	c69e8745d4408c13	Classical.choice,Quot.sound,propext	{F : Type} → [inst : Field F] → {deployment : Minidregg.Kernel.SeatReceiver.Deployment} → {profile : Minidregg.Compiler.CanonicalRuntimeProfile.Profile F} → {ambient : Minidregg.Kernel.ObjectiveKernelConfig.Ambient} → {durable : Minidregg.Kernel.SeatReceiver.Durable} → [inst_1 : DecidableEq F] → {ingress : Minidregg.Kernel.SeatReceiver.DecodedIngress} → Minidregg.Kernel.SeatReceiver.Accepted deployment profile ambient durable ingress → Minidregg.Kernel.DurableDataIntent.DataIntent Minidregg.Compiler.ResourceBirthCodec.rootBytes
theorem	Minidregg.Kernel.SeatReceiver.intent_determined	d1f50d6ed3237d041f8f71f0355bcd6ec89c97ff0741b2c88380b73bc30d25da	d83fc1191d9014d2ce7f2e51d1a3386d0797c2f420b78f3e2649bc7b8a0774c4	df780e513edb8daf8eac419c4a035e77842a06f41c8840937e16692e2c609b0b	41b5acf107566c40	Classical.choice,Quot.sound,propext	∀ {F : Type} [inst : Field F] {deployment : Minidregg.Kernel.SeatReceiver.Deployment} {profile : Minidregg.Compiler.CanonicalRuntimeProfile.Profile F} {ambient : Minidregg.Kernel.ObjectiveKernelConfig.Ambient} {durable : Minidregg.Kernel.SeatReceiver.Durable} [inst_1 : DecidableEq F] {ingress : Minidregg.Kernel.SeatReceiver.DecodedIngress} (left right : Minidregg.Kernel.SeatReceiver.Accepted deployment profile ambient durable ingress), Minidregg.Kernel.SeatReceiver.intent left = Minidregg.Kernel.SeatReceiver.intent right
theorem	Minidregg.Kernel.SeatReceiver.intent_writes_lawful	8d3202ed95b2944126bea0b6f433332ef5644d93df8a11c87cee95bb554e8a02	afc8426bcfd790ca6414103953997529bf586c56578769c422e69065cda4035f	3bbba0213d0bfdc9fc531ab18666e112f36abba16576f5d49de39381e6f8fb7f	8bd61d8b6603cf84	Classical.choice,Quot.sound,propext	∀ {F : Type} [inst : Field F] {deployment : Minidregg.Kernel.SeatReceiver.Deployment} {profile : Minidregg.Compiler.CanonicalRuntimeProfile.Profile F} {ambient : Minidregg.Kernel.ObjectiveKernelConfig.Ambient} {durable : Minidregg.Kernel.SeatReceiver.Durable} [inst_1 : DecidableEq F] {ingress : Minidregg.Kernel.SeatReceiver.DecodedIngress} (accepted : Minidregg.Kernel.SeatReceiver.Accepted deployment profile ambient durable ingress), ∀ write ∈ (Minidregg.Kernel.SeatReceiver.intent accepted).writes, Minidregg.Kernel.ResourceBirthController.Concrete.PhysicalPostLaw deployment write
theorem	Minidregg.Kernel.SeatReceiver.intent_writes_seat_or_book	e7587af6b68c74a1c8fbda9691c41acaac33773f982fb3942d3c7590d4fe5f3f	20cd1c61669cdfb5bc752c2e02d207cb93f14bd0b95b8820c42958ddbb121caa	69d525e457c437d52837057bfaef962d089dcc91c3b88c62c182ef6b3430bad4	9427b9d4a8795edd	Classical.choice,Quot.sound,propext	∀ {F : Type} [inst : Field F] {deployment : Minidregg.Kernel.SeatReceiver.Deployment} {profile : Minidregg.Compiler.CanonicalRuntimeProfile.Profile F} {ambient : Minidregg.Kernel.ObjectiveKernelConfig.Ambient} {durable : Minidregg.Kernel.SeatReceiver.Durable} [inst_1 : DecidableEq F] {ingress : Minidregg.Kernel.SeatReceiver.DecodedIngress} (accepted : Minidregg.Kernel.SeatReceiver.Accepted deployment profile ambient durable ingress), ∀ write ∈ (Minidregg.Kernel.SeatReceiver.intent accepted).writes, Minidregg.Kernel.SeatReceiver.SeatOrBook deployment write
def	Minidregg.Kernel.SeatReceiver.marker	2cd481aa9477f14eaa64dfa453829701e0680dd9bd3524327ad951706d099998	c424a1eb644bbab7b79ad9f045f9ae33d3294caa7dd68af3a8a29495a88a8f38	0674191ac1f55cc7d5847c84cf2d09df7ac1c5a5fd751940d717beb080edf840	85c0f9df2cdd53a8	Classical.choice,Quot.sound,propext	Minidregg.Theory.TypedAuthorization.Digest → Minidregg.Theory.TypedAuthorization.Digest → Minidregg.Kernel.SeatReceiver.Command → ℕ
theorem	Minidregg.Kernel.SeatReceiver.native_invariant_preserved	48f75c76439bb7f752919983fe457f1a5dcfd22c2fc9fd11fd8c9877ebd738d6	22300fdc31ab12e2df134502a8da2af96f0a3419ee3ee00cdf1cfac7aef978ae	760232ccac501b3e3eccee8aaa6eb39951a7e1c35d8cfb42ca40b12f3cfa118a	d82e6066de5e939f	Classical.choice,Quot.sound,propext	∀ {F : Type} [inst : Field F] {deployment : Minidregg.Kernel.SeatReceiver.Deployment} {profile : Minidregg.Compiler.CanonicalRuntimeProfile.Profile F} {ambient : Minidregg.Kernel.ObjectiveKernelConfig.Ambient} {durable : Minidregg.Kernel.SeatReceiver.Durable} [inst_1 : DecidableEq F] {ingress : Minidregg.Kernel.SeatReceiver.DecodedIngress} (accepted : Minidregg.Kernel.SeatReceiver.Accepted deployment profile ambient durable ingress), Minidregg.Kernel.Seats.Inv accepted.prepared.decided.world → Minidregg.Kernel.Seats.Inv accepted.prepared.decided.next
theorem	Minidregg.Kernel.SeatReceiver.native_offer_spends_invitation_once	93dc17615165f3912b2a5121a05d3f1f22845dcc2fff5a9f6f08e97eb4c2745c	3a8fc9791a7150a84776f73c56b49f1a691022eb8b36f9dd9e840a0def6ff48d	ab95a03598e5e5a52fb9334550107bb0965857bf9c519b3ec2543316b0f9a785	7e60f83210d6eabf	Classical.choice,Quot.sound,propext	∀ {F : Type} [inst : Field F] {deployment : Minidregg.Kernel.SeatReceiver.Deployment} {profile : Minidregg.Compiler.CanonicalRuntimeProfile.Profile F} {ambient : Minidregg.Kernel.ObjectiveKernelConfig.Ambient} {durable : Minidregg.Kernel.SeatReceiver.Durable} [inst_1 : DecidableEq F] {ingress : Minidregg.Kernel.SeatReceiver.DecodedIngress} (accepted : Minidregg.Kernel.SeatReceiver.Accepted deployment profile ambient durable ingress) {invitation : Minidregg.Kernel.Invitations.InvitationId} {expect : Minidregg.Kernel.Invitations.Expectation} {funding payee : ℕ} {proposal : Minidregg.Kernel.Seats.Proposal} {holder : Option ℕ}, ingress.command.turn = Minidregg.Kernel.SeatStore.Turn.offer invitation expect funding payee proposal holder → ∀ {next : Minidregg.Kernel.DurableDataIntent.DataSnapshot Minidregg.Compiler.ResourceBirthCodec.rootBytes}, Minidregg.Kernel.DurableDataIntent.execute Minidregg.Kernel.DurableCommitProtocol.Schedule.complete durable.snapshot (Minidregg.Kernel.SeatReceiver.intent accepted) = Minidregg.Kernel.DurableDataIntent.Outcome.accepted next → (∀ (later : Minidregg.Kernel.DurableDataIntent.DataIntent Minidregg.Compiler.ResourceBirthCodec.rootBytes), Minidregg.Kernel.SeatStore.invitationClaim invitation ∈ later.nullifiers → ∀ (schedule : Minidregg.Kernel.DurableCommitProtocol.Schedule) (after : Minidregg.Kernel.DurableDataIntent.DataSnapshot Minidregg.Compiler.ResourceBirthCodec.rootBytes), Minidregg.Kernel.DurableDataIntent.execute schedule next later ≠ Minidregg.Kernel.DurableDataIntent.Outcome.accepted after) ∧ ∀ (schedule : Minidregg.Kernel.DurableCommitProtocol.Schedule), Minidregg.Kernel.DurableDataIntent.execute schedule next (Minidregg.Kernel.SeatReceiver.intent accepted) = Minidregg.Kernel.DurableDataIntent.Outcome.replayed (Minidregg.Kernel.SeatReceiver.intent accepted).erase
theorem	Minidregg.Kernel.SeatReceiver.native_turn_conserves	aa5a5be4fe9cc5e0fc39952171ed4bc27e3530edd3f20ff00012b96343621479	e9a6ac80d07e2260438e9defc5c6a6194d7952d102318de67822c7344166b219	c5741f5f33cf526ae06bc5da1b4fa82110657ca70811ac91aa25e60bdb1183c4	4809c2b853c1f878	Classical.choice,Quot.sound,propext	∀ {F : Type} [inst : Field F] {deployment : Minidregg.Kernel.SeatReceiver.Deployment} {profile : Minidregg.Compiler.CanonicalRuntimeProfile.Profile F} {ambient : Minidregg.Kernel.ObjectiveKernelConfig.Ambient} {durable : Minidregg.Kernel.SeatReceiver.Durable} [inst_1 : DecidableEq F] {ingress : Minidregg.Kernel.SeatReceiver.DecodedIngress} (accepted : Minidregg.Kernel.SeatReceiver.Accepted deployment profile ambient durable ingress) (asset : Minidregg.Theory.CanonicalResourceKernel.AssetId), (Minidregg.Theory.CanonicalResourceKernel.logicalBook accepted.prepared.decided.accepted.post.logical).totalAsset asset = (Minidregg.Theory.CanonicalResourceKernel.logicalBook accepted.prepared.decided.book.logical).totalAsset asset
theorem	Minidregg.Kernel.SeatReceiver.native_turn_is_kernel_turn	ecea272ea838ac2d1d98caa9d9046d4ca00b2f41ef004f05eaf07e65259cefb5	c1d86bc77555eded28ab5cd9be0765a9589470fbc22b1cea4d904da912923c4f	f46196a5c76384ba6e0ccc85dea5d1ce1406ad4269e94942d874b88a59ca3869	c169bb40c5d8173b	Classical.choice,Quot.sound,propext	∀ {F : Type} [inst : Field F] {deployment : Minidregg.Kernel.SeatReceiver.Deployment} {profile : Minidregg.Compiler.CanonicalRuntimeProfile.Profile F} {ambient : Minidregg.Kernel.ObjectiveKernelConfig.Ambient} {durable : Minidregg.Kernel.SeatReceiver.Durable} [inst_1 : DecidableEq F] {ingress : Minidregg.Kernel.SeatReceiver.DecodedIngress} (accepted : Minidregg.Kernel.SeatReceiver.Accepted deployment profile ambient durable ingress), Minidregg.Kernel.SeatReceiver.intent accepted = accepted.prepared.decided.intent (Minidregg.Kernel.SeatReceiver.admissionSeal accepted.prepared ingress)
def	Minidregg.Kernel.SeatReceiver.nullifier	24f78e20841579b35edfb051ea7b63d02bf6891752f9bb015500643855616c2c	113ddc15368bff3d7fc8d60bf883c02be1ad6506f5f022d67dae03255b18264e	01fe1285a383225ccc5a86bb2fab273be7a4cd040f59759a5c316cc46f427ffb	73037787056cdd68	Classical.choice,Quot.sound,propext	Minidregg.Theory.TypedAuthorization.Digest → Minidregg.Theory.TypedAuthorization.Digest → Minidregg.Kernel.SeatReceiver.Command → Minidregg.Kernel.DurableDataIntent.StableNullifier
def	Minidregg.Kernel.SeatReceiver.objectHolder	eb36d321d57fbf0b6c30419c45045f7a4fe15e5072e83b29f51bdbd2a300914b	512ccc005816f42e565f4cbae8a566c1db05201e249ad8663a4396d85525a03a	0b54e74d03c3eac8f5e5920e042fbf49fd4ae944b2ae16075d1711e735bb86a5	ee2c03fec650dfcb	Classical.choice,Quot.sound,propext	Minidregg.Kernel.SeatReceiver.Snapshot → Minidregg.Theory.TypedAuthorization.Digest → Minidregg.Kernel.ObjectiveKernelConfig.Ambient → Minidregg.Kernel.SeatReceiver.Command → ℕ → Option Minidregg.Theory.TypedAuthorization.CapabilityId → Minidregg.Theory.TypedAuthorization.Digest → Minidregg.Theory.TypedAuthorization.Digest → Bool
theorem	Minidregg.Kernel.SeatReceiver.offer_requires_account_holder	9ffc15157b57817cfcf66e42b4c2014245cff13d102b3c99407937c75e43f64b	5b0de4925942d60c9f452780a364d21b99ab338fbe7c318d7bc37c8026da1d14	a872b261b4999d53d982b70d1970d0a47e26fd3f4345b14e6edda1cee8ed39e7	79f89bc51311d2e6	Classical.choice,Quot.sound,propext	∀ {F : Type} [inst : Field F] {deployment : Minidregg.Kernel.SeatReceiver.Deployment} {profile : Minidregg.Compiler.CanonicalRuntimeProfile.Profile F} {ambient : Minidregg.Kernel.ObjectiveKernelConfig.Ambient} {durable : Minidregg.Kernel.SeatReceiver.Durable} [inst_1 : DecidableEq F] {ingress : Minidregg.Kernel.SeatReceiver.DecodedIngress} (accepted : Minidregg.Kernel.SeatReceiver.Accepted deployment profile ambient durable ingress) {invitation : Minidregg.Kernel.Invitations.InvitationId} {expect : Minidregg.Kernel.Invitations.Expectation} {funding payee : ℕ} {proposal : Minidregg.Kernel.Seats.Proposal} {holder : Option ℕ}, ingress.command.turn = Minidregg.Kernel.SeatStore.Turn.offer invitation expect funding payee proposal holder → Minidregg.Kernel.SeatReceiver.accountHolder accepted.prepared.authority.snapshot profile.semantics ambient ingress.command funding ingress.command.grants.account accepted.prepared.preRoot accepted.prepared.outcome = Bool.true
def	Minidregg.Kernel.SeatReceiver.outcomeDigest	2d62fd965073f1f78d9959aafd4148b674e5acdbf3c2338ac8f62cac31d274f3	ec714776af2b02c14f411aca7a133ceac3308c48de03042a93bc7ec333f4032c	38bf48e57b982963ced97232a3417d2ee127e83a6c5f3926b65fc31004440874	9ee010b43a214aac	Classical.choice,Quot.sound,propext	List Minidregg.Kernel.ObjectiveActivityWire.Post → Minidregg.Theory.TypedAuthorization.Digest
def	Minidregg.Kernel.SeatReceiver.physicalShapeDecidable	8b00475ee699ff0da9815e0bafa47da70a6adc30db8d0b32fbd4040289c2bcb4	cc172f8e38ec1543eaa558459594edaf0519c6c9762446da5f9112dee3e91aec	998683d77177ca9e4386b4ffd2bca14d76a7d628ff9a33e520590c0da1a870b4	d0f7dd9933ee620d	Classical.choice,Quot.sound,propext	{F : Type} → [inst : Field F] → {deployment : Minidregg.Kernel.SeatReceiver.Deployment} → {profile : Minidregg.Compiler.CanonicalRuntimeProfile.Profile F} → {ambient : Minidregg.Kernel.ObjectiveKernelConfig.Ambient} → {durable : Minidregg.Kernel.SeatReceiver.Durable} → {command : Minidregg.Kernel.SeatReceiver.Command} → (prepared : Minidregg.Kernel.SeatReceiver.Prepared deployment profile ambient durable command) → (ingress : Minidregg.Kernel.SeatReceiver.DecodedIngress) → Decidable (Minidregg.Kernel.SeatReceiver.PhysicalShape prepared ingress)
def	Minidregg.Kernel.SeatReceiver.postStream	e50a18a3ddf446be4c80af6dc18c8d6b064e1e14b08296c6d8d64f13829bbd8d	1f4518b53361acf8f73319042104a29987b4f6ed6c80d6e599de5d44724467bf	22725c86e3c56e820578fa487a12e1c86e093cf8fe58f52a40a37fb31a74c931	c31de675180fba2b	Classical.choice,Quot.sound,propext	Minidregg.Compiler.Tower256ConcreteBackend.StreamCodec Minidregg.Kernel.ObjectiveActivityWire.Post
def	Minidregg.Kernel.SeatReceiver.prepare	e0707b9bb815bb92f7e2dbccd97226889494c48dfcc460250d75724fd98ea71c	8687e17dbc704d30bc4cfd2e1cb63f44b8ab020440b08892fb58336a887076c0	03743ae263da1d1c32f95a3a1d9921f64d747d6311149915b356b5087a9d1e4d	e7ad813175bbd5a9	Classical.choice,Quot.sound,propext	{F : Type} → [inst : Field F] → (deployment : Minidregg.Kernel.SeatReceiver.Deployment) → (profile : Minidregg.Compiler.CanonicalRuntimeProfile.Profile F) → (ambient : Minidregg.Kernel.ObjectiveKernelConfig.Ambient) → (durable : Minidregg.Kernel.SeatReceiver.Durable) → (command : Minidregg.Kernel.SeatReceiver.Command) → Except Minidregg.Kernel.SeatReceiver.Reject (Minidregg.Kernel.SeatReceiver.Prepared deployment profile ambient durable command)
theorem	Minidregg.Kernel.SeatReceiver.reallocate_requires_instance_holder	0da9a89b8bd497aca87b8e025754c03af5f675c0b44cfc7fb127482e11248704	892376c3252797132218874d62aaae8d446d803dbdcd1e2837ef3e0fa6c9df14	58495f40ba675ba2b72bd9d1387df8d26764fb7390ff066233777a7b419e4449	f57f14170041b442	Classical.choice,Quot.sound,propext	∀ {F : Type} [inst : Field F] {deployment : Minidregg.Kernel.SeatReceiver.Deployment} {profile : Minidregg.Compiler.CanonicalRuntimeProfile.Profile F} {ambient : Minidregg.Kernel.ObjectiveKernelConfig.Ambient} {durable : Minidregg.Kernel.SeatReceiver.Durable} [inst_1 : DecidableEq F] {ingress : Minidregg.Kernel.SeatReceiver.DecodedIngress} (accepted : Minidregg.Kernel.SeatReceiver.Accepted deployment profile ambient durable ingress) {inst_2 payer : ℕ} {input : List UInt8} {envelope : Minidregg.Compiler.ObjectiveInvocationClaim.Capacity} {disclose : Bool}, ingress.command.turn = Minidregg.Kernel.SeatStore.Turn.invoke inst_2 input envelope payer disclose → Minidregg.Kernel.SeatReceiver.objectHolder accepted.prepared.authority.snapshot profile.semantics ambient ingress.command inst_2 ingress.command.grants.object accepted.prepared.preRoot accepted.prepared.outcome = Bool.true ∧ Minidregg.Kernel.SeatReceiver.accountHolder accepted.prepared.authority.snapshot profile.semantics ambient ingress.command payer ingress.command.grants.account accepted.prepared.preRoot accepted.prepared.outcome = Bool.true
def	Minidregg.Kernel.SeatReceiver.receipt	106e2e753a9a062d0a70b7462111accbb9e9ff9be2ba6a7b1710206b26487065	1a835d0131f754592651b68cc5aa2e114b8eadb24a0ee51922aad5eb15ef302c	d61abf850d280c583065543866069fa137bf1bf28771806309cb8a90078911e1	82d22883c434fe4f	Classical.choice,Quot.sound,propext	Minidregg.Theory.TypedAuthorization.Digest → Minidregg.Theory.TypedAuthorization.Digest → Minidregg.Kernel.SeatReceiver.DecodedIngress → Minidregg.Kernel.SeatReceiver.Receipt
def	Minidregg.Kernel.SeatReceiver.replay	5a1944a0d771278ab53fc8fa79721c50e8ea561ef6b554e4debc681a1511458f	19347ad0ccb7c76aafe4029ec9d5267d7c5a45d643252ca5453f5c308700fe89	6fd12ded430af4a3c109dd7e1d135af3c72920055f39816925723cb229d6d04a	07044c90d3c36763	Classical.choice,Quot.sound,propext	Minidregg.Theory.TypedAuthorization.Digest → Minidregg.Theory.TypedAuthorization.Digest → Minidregg.Kernel.SeatReceiver.Durable → Minidregg.Kernel.SeatReceiver.DecodedIngress → Option (Except Unit Minidregg.Kernel.SeatReceiver.Receipt)
def	Minidregg.Kernel.SeatReceiver.requestAt	a5f43cce0e6c31ec8725bdd9d4a231e06e5e17af32736f645a9718ee989fac24	3aaad6eb3c0ec05c38d02404021440c152db77cff02ebbc786230e9a4c7567ce	a1ffa9810944e76c85d5be2caa128ce35c739a806f89b4f92d9643f3fdfb2a23	e108c926a7fde521	Classical.choice,Quot.sound,propext	Minidregg.Kernel.SeatReceiver.Snapshot → Minidregg.Theory.TypedAuthorization.Digest → Minidregg.Kernel.ObjectiveKernelConfig.Ambient → Minidregg.Kernel.SeatReceiver.Command → Minidregg.Theory.TypedAuthorization.ResourceKind → ℕ → Minidregg.Theory.TypedAuthorization.Digest → Minidregg.Theory.TypedAuthorization.Digest → Minidregg.Theory.PackedEffectRequest
def	Minidregg.Kernel.SeatReceiver.requireSome	9ab8cd33008f61148d0671c8cd57fbfe0b4a9f521b3cba0e31836591c8ba6253	9fbd5034b993507c17a02df4806337415ba930f04e230f0f2b5c24c1a61b3eb4	9c6d9db9117066a08abdb5d18560e92c0a37596b8e1dd9b8245a04512dec7c5f	ea4b335b4d901dcd	-	{A : Type} → Minidregg.Kernel.SeatReceiver.Reject → Option A → Except Minidregg.Kernel.SeatReceiver.Reject A
def	Minidregg.Kernel.SeatReceiver.signedRequest	8f0bba088168ecd92ba7cb730c29263a2bb82ba19a10393c0022da7fa86d80bc	33a773f259a79426f9920aacd0bb8b35921e2dc7c389e549ac16aebc874f3c50	27805c1847d9213d44c7ac245f086439fb22f6771b4cdf6b405a6b409ca93ac7	ad94bbd0c502b6ff	Classical.choice,Quot.sound,propext	Minidregg.Kernel.SeatReceiver.Snapshot → Minidregg.Theory.TypedAuthorization.Digest → Minidregg.Kernel.ObjectiveKernelConfig.Ambient → Minidregg.Kernel.SeatReceiver.Command → Minidregg.Theory.TypedAuthorization.Digest → Minidregg.Theory.TypedAuthorization.Digest → Minidregg.Theory.PackedEffectRequest
def	Minidregg.Kernel.SeatReceiver.signedTarget	01411bcf711122c0d5c821f60ac97eb6e6aced12fa2e95b31b45a40088b248aa	0e4ebce72b46bab1b7c35e68ef6d55de7552d9e2cea1ad6531a8225b715bb5e3	b746d8303193016c1c380c16e9531b5e0754167cd8751adbb51dfeba856759be	c61711d4ce6b6338	Classical.choice,Quot.sound,propext	Minidregg.Theory.TypedAuthorization.Digest → Minidregg.Kernel.SeatReceiver.Command → Minidregg.Theory.TypedAuthorization.ResourceKind × ℕ
def	Minidregg.Kernel.SeatReceiver.transactionId	39fe961ffa2e910397debd1232afb066e3bc98cb58c6382edb118c1d79d06b7a	a3837516d17339175a488e737242fa05d64e9006e435714525644fd8dcccd035	f10719309a7e4da944e3f861cee23d5f5bc69d3184aa4df376af5ae95d359b2a	cb0127acea17d189	Classical.choice,Quot.sound,propext	Minidregg.Theory.TypedAuthorization.Digest → Minidregg.Theory.TypedAuthorization.Digest → Minidregg.Kernel.SeatReceiver.DecodedIngress → Minidregg.Theory.TypedAuthorization.Digest
def	Minidregg.Kernel.SeatReceiver.verbFor	4b77ec155a324ef6a16aeff4020315e9bee7d4acdd90a86475af5ffefe1cb982	b60c02040d543f12050872095323a30c260dc3f1aee129861cb90ffb04d8e737	f3ba3e8b5c8df548591403026c5b575632667a45afa7d94ad0b0352e32fd8840	5c0d63e00985d8ba	-	(kind : Minidregg.Theory.TypedAuthorization.ResourceKind) → Minidregg.Theory.TypedAuthorization.Verb kind
ctor	private Minidregg.Kernel.SeatReceiver.Accepted.mk @Kernel.SeatReceiverCore	b0c3304d70d6507199cdd990203791bebbf4ecf3aa93b490592f011bd019491b	6c523c691ed2704205a047df5167aacce6905ac32bcf54f76a671dfd51962ddf	95d39ce0680a84d4c56a8979a32b2a1d0678a4bdf6d01a33bc11004a01f7609b	11a7b831fc83dfae		{F : Type} → [inst : Field F] → [inst_1 : DecidableEq F] → {deployment : Minidregg.Kernel.SeatReceiver.Deployment} → {profile : Minidregg.Compiler.CanonicalRuntimeProfile.Profile F} → {ambient : Minidregg.Kernel.ObjectiveKernelConfig.Ambient} → {durable : Minidregg.Kernel.SeatReceiver.Durable} → {ingress : Minidregg.Kernel.SeatReceiver.DecodedIngress} → (prepared : Minidregg.Kernel.SeatReceiver.Prepared deployment profile ambient durable ingress.command) → (receipt : Minidregg.Compiler.CredentialSignatureAdmission.CheckedSignature prepared.authority.snapshot) → receipt.envelopeBytes = ingress.ingress.envelope → Minidregg.Kernel.SeatReceiver.PhysicalShape prepared ingress → Minidregg.Kernel.SeatReceiver.Accepted deployment profile ambient durable ingress
ctor	private Minidregg.Kernel.SeatReceiver.DecodedIngress.mk @Kernel.SeatReceiverCore	f6e4d37e255aad16fe5e8f6ca2e3c5ed4f5514bf07d25285d468d1b3ce74fcb0	f7c736123efc4046b045d9e0a09d3c1442815d70c7fecb8d1fffd1f85a559b5b	b35ef9c792d2f3bd8ce68f6e05d6ac33767bc6ad6dc83893c93cf181911bcca7	2e34b2ebee5ab2c7		(ingress : Minidregg.Kernel.SeatReceiver.Ingress) → (command : Minidregg.Kernel.SeatReceiver.Command) → Minidregg.Kernel.SeatReceiver.commandCodec.encode command = ingress.commandBytes → (envelope : Minidregg.Kernel.CredentialSignedEnvelopeController.SignedEnvelope) → Minidregg.Compiler.CredentialSignatureAdmission.canonicalEnvelopeCodec.decode ingress.envelope = Option.some envelope → Minidregg.Kernel.SeatReceiver.DecodedIngress
ctor	private Minidregg.Kernel.SeatReceiver.Prepared.mk @Kernel.SeatReceiverCore	4bd6a873b501449ed04392d140a19c407a1894160d9ebea564ce28d5c3b5758d	dd5b6557f399619cfc5549d6cfcfa9673f02867beefed93e28ad88f2018ce17d	4b786398d1b09daa6694295fd061c66e20c372c41fc624c0cb19c47c0fab3370	f422d325c8736ea5		{F : Type} → [inst : Field F] → {deployment : Minidregg.Kernel.SeatReceiver.Deployment} → {profile : Minidregg.Compiler.CanonicalRuntimeProfile.Profile F} → {ambient : Minidregg.Kernel.ObjectiveKernelConfig.Ambient} → {durable : Minidregg.Kernel.SeatReceiver.Durable} → {command : Minidregg.Kernel.SeatReceiver.Command} → Minidregg.Compiler.CredentialAuthorityDomainReceiver.LoadedDirectory durable → (authority : Minidregg.Compiler.CredentialAuthorityDomainReceiver.Loaded deployment durable.snapshot) → (config : Minidregg.Kernel.ObjectiveActivity.Config) → Minidregg.Kernel.ObjectiveKernelConfig.configOf deployment profile ambient = Except.ok config → (decided : Minidregg.Kernel.SeatStore.Decided config durable.snapshot ambient.height command.request) → Minidregg.Kernel.SeatStore.decideTurn config durable.snapshot ambient.height command.request = Except.ok decided → (preRoot : Minidregg.Theory.TypedAuthorization.Digest) → preRoot = durable.snapshot.model.roots { value := (Minidregg.Kernel.SeatReceiver.signedTarget deployment.domain command).2 } → (outcome : Minidregg.Theory.TypedAuthorization.Digest) → outcome = Minidregg.Kernel.SeatReceiver.outcomeDigest decided.posts → Minidregg.Kernel.SeatReceiver.authorized durable.snapshot authority.snapshot profile.semantics ambient command preRoot outcome = Except.ok () → Minidregg.Kernel.SeatReceiver.Prepared deployment profile ambient durable command
