# Kernel.JointDecisionRecovery: Objective contract manifest. Written by `scripts/check-objective-proofs.sh proofs --pin`;
# a removed or changed row needs a line in scripts/gates/objective-contract-changes.txt.
def	Minidregg.Kernel.JointDecisionRecovery.Abort	180a0b8b0774e1a7d2187d542eadbc87c6a73c1f275458d076666394d4df0fa8	ed29553cdf963cd0a4fffafae91159f150b92cb6f89e74f5e76c3e7f9b07ddee	f6f474d3f45ee40954a80010456ce6291c66808da6b840e509aeeb239342681d	5872849eb1ba1a40	Quot.sound,propext	{Custody : Type} → {plan : Minidregg.Kernel.JointInvocationCandidate.Plan Custody} → Minidregg.Kernel.JointDecisionRecovery.State plan → Prop := fun {Custody} {plan} s => ∃ i, s.votes i = Minidregg.Kernel.JointDecisionRecovery.Vote.no
def	Minidregg.Kernel.JointDecisionRecovery.Commit	4aa42816b762cf4b988965d16e67741721824683bff91eb3f25de2e5faa311fa	ed29553cdf963cd0a4fffafae91159f150b92cb6f89e74f5e76c3e7f9b07ddee	52422516d8e782c5c5edbcdcd71b3d91223f6e3f6510487d2fbc386a1784a886	9c25abb9cebb055f	Quot.sound,propext	{Custody : Type} → {plan : Minidregg.Kernel.JointInvocationCandidate.Plan Custody} → Minidregg.Kernel.JointDecisionRecovery.State plan → Prop := fun {Custody} {plan} s => ∀ (i : Fin plan.candidate.participants.length), s.votes i = Minidregg.Kernel.JointDecisionRecovery.Vote.yes
def	Minidregg.Kernel.JointDecisionRecovery.LastReady	26f6e83e9c95a42ed7e9f6a37925c815548020000b3e7dacbe1ed2d2bafca479	ed29553cdf963cd0a4fffafae91159f150b92cb6f89e74f5e76c3e7f9b07ddee	f3732265c1e7998a345ae90032572d7e1ecdef7b394f49644f17ec31473500f8	e2224a4505fd9156	Quot.sound,propext	{Custody : Type} → {plan : Minidregg.Kernel.JointInvocationCandidate.Plan Custody} → Minidregg.Kernel.JointDecisionRecovery.State plan → Prop := fun {Custody} {plan} s => (∀ (i : Fin plan.candidate.participants.length), i ≠ plan.last → s.votes i = Minidregg.Kernel.JointDecisionRecovery.Vote.yes) ∧ match s.recovery with | Option.none => False | Option.some job => job.originFence = plan.candidate.originFence ∧ ∀ (i : Fin plan.candidate.participants.length), i ≠ plan.last → s.certificates i ≠ [] ∧ s.certificates i ∈ job.evidence
inductive	Minidregg.Kernel.JointDecisionRecovery.LocalYesProposal	a427df5454828233298553397333eb951f1752edeeae0e23bed2e9489eca3fad	16946b93ac38405660f51e475eb5aa7d25b54f5e5677e0f6a10a4526cc071cbf	cb7f653b49f9c7dc29753c24077aedb97cedb4b96fdcec4803ee8b9382dd40af	a9a17882aba6c8a0		Type
def	Minidregg.Kernel.JointDecisionRecovery.LocalYesProposal.candidateBytes	139c743c89e7a8a226d7c24f7621d1a0b26f7b40d438c45e6b8d14f786d5679d	95a0256a0d0cf30df8e6b96ec17bd22ddc1148bdcc12bed263c872de14f3be2c	773c43ab84320882dd0ea6f3a6cb4fc2d0ff5170f0476ca7c9f1d854c181a23c	8a9ac292c1ed7a80	-	Minidregg.Kernel.JointDecisionRecovery.LocalYesProposal → List UInt8
ctor	Minidregg.Kernel.JointDecisionRecovery.LocalYesProposal.mk	b69c47cdf714bf39869c73ec754416a762a3c44672325943390a2d1027035af0	e9f8b7bd36018a820106043ae88e67541a1fe4932f6ea8ecfd0c9d25f83eef33	1811323566be84b7b6542a0a7c2931e159559c8037d7ffffd12928046ae2746e	2541b0a6155f0d91		ℕ → List UInt8 → List UInt8 → List UInt8 → Minidregg.Kernel.JointDecisionRecovery.LocalYesProposal
def	Minidregg.Kernel.JointDecisionRecovery.LocalYesProposal.participant	9ddb7922ddf12a0963216dbb5717674386d9d23ec0e3178e11e96c84843d4ed4	996599a4e78f682eb5097433b4bd8e67397029a4c7ae1784f75bbc0cbd0ae8f3	14cad2c384df54f62c81562a3e49c48ac5b33aa9ed14c5bbadf7246f62e9d6ed	e35aa9f9d391a572	-	Minidregg.Kernel.JointDecisionRecovery.LocalYesProposal → ℕ
def	Minidregg.Kernel.JointDecisionRecovery.LocalYesProposal.projectionBytes	f1bf91adcd04dd47d8dfc4dcbf94e99093aaa3d845863c69633cc17284239f71	95a0256a0d0cf30df8e6b96ec17bd22ddc1148bdcc12bed263c872de14f3be2c	338b485b32e9fdadfe319e24ddf6cdbcfeab7f56bab2e593990fb94595d615b6	cd29b40da451b28d	-	Minidregg.Kernel.JointDecisionRecovery.LocalYesProposal → List UInt8
def	Minidregg.Kernel.JointDecisionRecovery.LocalYesProposal.sourceImageBytes	17099d7dcca0634ca9233e24223321e65df95a663b41eb68f5cac766e4436597	95a0256a0d0cf30df8e6b96ec17bd22ddc1148bdcc12bed263c872de14f3be2c	235a4f2c78a5f538266f572c3fb0234198f1041b97cdbcd25ef1a63025e40c99	5e7b4e12fd5037f2	-	Minidregg.Kernel.JointDecisionRecovery.LocalYesProposal → List UInt8
def	Minidregg.Kernel.JointDecisionRecovery.Ready	77d0b963dd699b427fdc966e810883ffeb13a9462d8455410ae66ecbc2cb5ea4	ed29553cdf963cd0a4fffafae91159f150b92cb6f89e74f5e76c3e7f9b07ddee	3faea0cccd457f81d31784b143b441294fc3ec330c36abf9c67e645fb5c0de93	39e8ede293f48291	Quot.sound,propext	{Custody : Type} → {plan : Minidregg.Kernel.JointInvocationCandidate.Plan Custody} → Minidregg.Kernel.JointDecisionRecovery.State plan → Prop := fun {Custody} {plan} s => Minidregg.Kernel.JointDecisionRecovery.Commit s ∧ ∀ (i : Fin plan.candidate.participants.length), s.applied i = Bool.true
inductive	Minidregg.Kernel.JointDecisionRecovery.RecoveryJob	5e48761f7779758291acb6011a2152b310549a0e5e80dcb6189fd3ace6ce70bc	16946b93ac38405660f51e475eb5aa7d25b54f5e5677e0f6a10a4526cc071cbf	a2fa8153afa0f27c54ce60c458862426fbc4169ca7f946b3443424ddb6fca628	0f90e8c642fc1806		Type
def	Minidregg.Kernel.JointDecisionRecovery.RecoveryJob.accessCapability	7d10b156a87232da861fcde778d82bc8ad468df7296de96a4b2647a9e591b4fe	66c3d1bea36543304bb2288aeca8acbacd42e2970f37b29d75938a2c341055ad	65f52583fcafeb25fc9849d90bcfde17dbf50b08f69f998ca422f14d24736798	3edca8c11f95a584	-	Minidregg.Kernel.JointDecisionRecovery.RecoveryJob → List UInt8
def	Minidregg.Kernel.JointDecisionRecovery.RecoveryJob.evidence	bf1663eaf6366dae12ea452d8f7ace170a33f4226740f53f37aba8820462071a	1c88c9ff92588a470c3d1c0f127bbbf55c9d170fe2b1cb3ed721d77919e294a7	c776a19196325460b75bfb0e9122cd0d687bb4799c460e9df24a92c6dab4b546	afc20ddf0f41bd97	-	Minidregg.Kernel.JointDecisionRecovery.RecoveryJob → List (List UInt8)
ctor	Minidregg.Kernel.JointDecisionRecovery.RecoveryJob.mk	c1af3f70c1945392a544aa8e879b69200031a948c5edf708c847dce5f7e6cb9e	56a5429581316d142a53703929612904ff7ac1302c5378de1dc50f28e692df61	b171c53142956724df34b694bd2e4653ca6677987c26a575f80a2ccf67c9b196	fb1d361ff8ccb176		List UInt8 → List UInt8 → List (List UInt8) → ℕ → Minidregg.Kernel.JointDecisionRecovery.RecoveryPhase → ℕ → Minidregg.Kernel.JointDecisionRecovery.RecoveryJob
def	Minidregg.Kernel.JointDecisionRecovery.RecoveryJob.opaqueParticipantMask	f5ad1541ceeadb00a833c540f8969a4919e5a471ddbc213ddd1b06de5bc2c2d3	66c3d1bea36543304bb2288aeca8acbacd42e2970f37b29d75938a2c341055ad	2c0898fbb28ce15423c8eccbd37612635321169880dbf2acfe014cd71c60be71	f696d7f677ae8b10	-	Minidregg.Kernel.JointDecisionRecovery.RecoveryJob → List UInt8
def	Minidregg.Kernel.JointDecisionRecovery.RecoveryJob.originFence	3924a63d4ca390135b8dedbaf25520449f8225ba443a04e18a888f245b23e5bf	ea3c5e7ca265aadf80824242fd9000ce17de08b5ba8e85cc775fda7a641c2ba4	d8878753e2ca09e633c921954e068fd95629fa8eb40eed36e5907df0266dad38	49aabab71b3f1e6f	-	Minidregg.Kernel.JointDecisionRecovery.RecoveryJob → ℕ
def	Minidregg.Kernel.JointDecisionRecovery.RecoveryJob.phase	a3b87342112c221dff016b2e276fc5d292d007e6ab9173c072afd45b6a2a2ccc	5c769547a18f53c72a56f844b3c4a8b0a17f381c2b176f72b856622dad6487ef	c158fa04ef610234f6f79da59fe5c934fec08f0c3bcab73bbea62bcb37511f73	d58ef446e13dbc0d	-	Minidregg.Kernel.JointDecisionRecovery.RecoveryJob → Minidregg.Kernel.JointDecisionRecovery.RecoveryPhase
def	Minidregg.Kernel.JointDecisionRecovery.RecoveryJob.sequence	7207ea883887def3897d02e10533e81ca461843bb15eaa7340faaf11c8ba991d	ea3c5e7ca265aadf80824242fd9000ce17de08b5ba8e85cc775fda7a641c2ba4	c28ae23b9a96667c2838c84efa320fe84299784eb8ae2152c1edea7814ceed81	8a8228c7eff98c7b	-	Minidregg.Kernel.JointDecisionRecovery.RecoveryJob → ℕ
inductive	Minidregg.Kernel.JointDecisionRecovery.RecoveryPhase	8b945d4d135cba374d1212bd5c8b61c78a96b679d93507f2430ed7c83b6da575	16946b93ac38405660f51e475eb5aa7d25b54f5e5677e0f6a10a4526cc071cbf	da0564c92708874274b0689a953c8b97d9e7ada834d51642cb778521919b7213	60f0fe107527a955		Type
ctor	Minidregg.Kernel.JointDecisionRecovery.RecoveryPhase.collecting	13ec30f82ca17fe296df0c534f221f38690d035e9b3137062994b1f4ac8d9230	25a2bad5dd607ef79bad76a69a3999c6c3bdb6faebf7869075eb26322f75851b	b7618f48d94c232b927c4326409133a9f84c3b4be01375c346ebda457bbc3de5	dd1fc7eb09717c52		Minidregg.Kernel.JointDecisionRecovery.RecoveryPhase
def	Minidregg.Kernel.JointDecisionRecovery.RecoveryPhase.collecting.elim	6f5b18c9f38b0ba5475632d1b14572ece790527a8d37173fd8a2f4b8aff9e56f	ad5a0535c2728506345017e3a7f38e2941d0a766f6ab55c07f28e74f79511916	87c281b639973a0bf32b3be4160fb2c40b052e81d7d0508d14376f8c58491533	fdbdcb8a8aa59520	-	{motive : Minidregg.Kernel.JointDecisionRecovery.RecoveryPhase → Sort u} → (t : Minidregg.Kernel.JointDecisionRecovery.RecoveryPhase) → t.ctorIdx = 0 → motive Minidregg.Kernel.JointDecisionRecovery.RecoveryPhase.collecting → motive t
ctor	Minidregg.Kernel.JointDecisionRecovery.RecoveryPhase.complete	1edabdfb6e49db3898a5dada15da6485644e00acab13630e49d174ec09b391bb	25a2bad5dd607ef79bad76a69a3999c6c3bdb6faebf7869075eb26322f75851b	603e4eab2e0a1f4d77571053ff44088c548e77041a52fd18427b33c0d69155bf	e67866a4fe2070ad		Minidregg.Kernel.JointDecisionRecovery.RecoveryPhase
def	Minidregg.Kernel.JointDecisionRecovery.RecoveryPhase.complete.elim	c6c56fa48b769515cde127016943acb6e0123e58ada09621f173506ca8092383	4271d3c31d509b324101c830acf2a7a17d2fb42ccfe09eeeefcdf0af8a7c912f	974ce8f361a658ded8e1422ff4110f3a4f2470ffac187fa536ccfd54926a92f5	a497d00dcf80b9a0	-	{motive : Minidregg.Kernel.JointDecisionRecovery.RecoveryPhase → Sort u} → (t : Minidregg.Kernel.JointDecisionRecovery.RecoveryPhase) → t.ctorIdx = 3 → motive Minidregg.Kernel.JointDecisionRecovery.RecoveryPhase.complete → motive t
ctor	Minidregg.Kernel.JointDecisionRecovery.RecoveryPhase.installing	8719c5a98976867e6d9a88a611b2513573c5d70aad6e1de6ed0b51b4e6787f38	25a2bad5dd607ef79bad76a69a3999c6c3bdb6faebf7869075eb26322f75851b	c4d30411f53d4d286e8ef26bbe64466dd7e065e5b64f8724db5321d02e00dde3	1d02e9bb046bfe14		Minidregg.Kernel.JointDecisionRecovery.RecoveryPhase
def	Minidregg.Kernel.JointDecisionRecovery.RecoveryPhase.installing.elim	3398bed92dfdae066bb5d72087d2ec12879d1359c7473d424a698b296833d2fc	59df2f950ba074356082685838473e588faa0c7a22fc5b09c327df0681e262fc	2032d66b4d606a4680ac2ae0d82e3a44013f835b9af27c45b5268f03b6e17d59	67906f875af24969	-	{motive : Minidregg.Kernel.JointDecisionRecovery.RecoveryPhase → Sort u} → (t : Minidregg.Kernel.JointDecisionRecovery.RecoveryPhase) → t.ctorIdx = 1 → motive Minidregg.Kernel.JointDecisionRecovery.RecoveryPhase.installing → motive t
def	Minidregg.Kernel.JointDecisionRecovery.RecoveryPhase.ofNat	1be8fd839f340713ad5a49b8da52201b023bcbdb3b95bbcd052042427c52608e	f0d5b7517112a6958501d7ea0e44cc49627994283ce5949a8752938e4786e77f	274f24bd1f0777fac517e6cd92467f5e81af26a7f450e8c1b51cefdc017c03fb	b430c89db15eff81	-	ℕ → Minidregg.Kernel.JointDecisionRecovery.RecoveryPhase
theorem	Minidregg.Kernel.JointDecisionRecovery.RecoveryPhase.ofNat_ctorIdx	c779a1248e657d9fbfa451cf78377def9c7ad195920ec8fe653e4e5ca3c97aab	cd3eb681d43283b55bd3e29701a1dc1d19f528c9197514a1c9745b44f239b973	893944223374fbbc25e9bdd263153cf755a9b7353091bef28d123df2f400a1ed	14c341dc47f9c777	-	∀ (x : Minidregg.Kernel.JointDecisionRecovery.RecoveryPhase), Minidregg.Kernel.JointDecisionRecovery.RecoveryPhase.ofNat x.ctorIdx = x
ctor	Minidregg.Kernel.JointDecisionRecovery.RecoveryPhase.releasing	ad97842787bd4bf7534fb163b034c21ef80156b6b7e20d383503713c428ef937	25a2bad5dd607ef79bad76a69a3999c6c3bdb6faebf7869075eb26322f75851b	16a23ac69c3f290fd248c25367e27fe4ca8e9b7c4f2c755b7ee35917b47d0e64	df3e8cf4cd7bd7b8		Minidregg.Kernel.JointDecisionRecovery.RecoveryPhase
def	Minidregg.Kernel.JointDecisionRecovery.RecoveryPhase.releasing.elim	c3bca588f68579ef4f53c27c3baa797687886664fe2dab6360885ebf28288a5c	e02bb7ec5f6249dc88de370f301dfccdb760fc163a0e9dafe169b6ad7ea405e8	a6cb96f6e440f0956b5ef3aeae1b23043e08cc52ed763aa0065931b10a18ac90	383ca5d8bed4642a	-	{motive : Minidregg.Kernel.JointDecisionRecovery.RecoveryPhase → Sort u} → (t : Minidregg.Kernel.JointDecisionRecovery.RecoveryPhase) → t.ctorIdx = 2 → motive Minidregg.Kernel.JointDecisionRecovery.RecoveryPhase.releasing → motive t
inductive	Minidregg.Kernel.JointDecisionRecovery.State	604b008cc484efb8c6286de4f54dd6b20d2fa184b8cdb7779e7f0eacedc3d900	08ebf450d38bfc74bc53efb66b439cb2a75ecfde995857334763adee5b31e5cd	e5f0b17d7960a056ef725a7368daec84b2b0ee8adc3b55084a33b2ca2d560cff	8429a9d84268633b		{Custody : Type} → Minidregg.Kernel.JointInvocationCandidate.Plan Custody → Type
def	Minidregg.Kernel.JointDecisionRecovery.State.applied	a593764532fc9c7748f919553c53f37ce64619ffb5a8d476dfbe14a9b823774a	37a105b21725872a3651db19a797950fa733943221bbfb1b2d00ece5723b2f1f	042eb0f5812ff23cef58f6fdbe46e27f1d48ae55ba9b4991c16f179a76f4704a	b2769ce6914ae46d	Quot.sound,propext	{Custody : Type} → {plan : Minidregg.Kernel.JointInvocationCandidate.Plan Custody} → Minidregg.Kernel.JointDecisionRecovery.State plan → Fin plan.candidate.participants.length → Bool
def	Minidregg.Kernel.JointDecisionRecovery.State.certificates	d8512482e55fd42ddc698d943b2c25bf0828b9e18254cf418936d30145f38833	ff67e208c60074897152e0d86fc121e4555bea91e753b44bc62e303d6dfe588b	8040063cee980b130c56d339eed01635e55afd68df8ae89ced938bacfbcfa3dc	ca80f0775bdde937	Quot.sound,propext	{Custody : Type} → {plan : Minidregg.Kernel.JointInvocationCandidate.Plan Custody} → Minidregg.Kernel.JointDecisionRecovery.State plan → Fin plan.candidate.participants.length → List UInt8
def	Minidregg.Kernel.JointDecisionRecovery.State.closed	fb9cba546442d1f05a4e557bf2e4638ce1e08509baff735ef1000ed6a7adff0c	dc04c5e194a321a9ccc3c0a41deca00209914d41ecb63d6d2d8a7de531648ad7	bdae08de57b4d0bdad691121b5f0320a9978bb6dea3ab0d1ff1984149aa4ad70	4e76db34b21bc3bd	Quot.sound,propext	{Custody : Type} → {plan : Minidregg.Kernel.JointInvocationCandidate.Plan Custody} → Minidregg.Kernel.JointDecisionRecovery.State plan → Bool
def	Minidregg.Kernel.JointDecisionRecovery.State.epoch	f095813749deaf5704908396ded33755eaee9826a7198699d410a4f5079cd0b4	cdd8d162251b290227ce08bc511de2543dbcc3116b89aab3580915942d21ff49	fb0ba0770a00643c798f4520102bcfb26648fba76d14c5a9d2b351ce6a31a97f	55a11c0334c1ac3d	Quot.sound,propext	{Custody : Type} → {plan : Minidregg.Kernel.JointInvocationCandidate.Plan Custody} → Minidregg.Kernel.JointDecisionRecovery.State plan → ℕ
ctor	Minidregg.Kernel.JointDecisionRecovery.State.mk	1affacfe177868dce23fc204df167cd0d3a4f61fa8141d09d7e5d51689a6b86e	6c17d5caf951e5b94993807fe2b12cc9f6b746507a53d54584f6a8fe9fabd210	a0c350932659cec3b19e570a3da461e4c658065368095904a3a5c428b0945f4f	639bf9932b2b8ada		{Custody : Type} → {plan : Minidregg.Kernel.JointInvocationCandidate.Plan Custody} → (Fin plan.candidate.participants.length → Minidregg.Kernel.JointDecisionRecovery.Vote) → (Fin plan.candidate.participants.length → Bool) → (Fin plan.candidate.participants.length → List UInt8) → Option Minidregg.Kernel.JointDecisionRecovery.RecoveryJob → ℕ → Bool → Minidregg.Kernel.JointDecisionRecovery.State plan
def	Minidregg.Kernel.JointDecisionRecovery.State.recovery	115e5da13f856cdc1ea02b4c90042d07a3d1e8db1b73a05840611d225733816a	2e33e0a281623b056066f149e6f996c52c3b568800c405647803eab4db7faeb6	17945eae6bdc418cdf7d7740e84599e2244b6f2ba2cf0d78a23a88bc8cc9e4e8	02d7639e0e30e8f9	Quot.sound,propext	{Custody : Type} → {plan : Minidregg.Kernel.JointInvocationCandidate.Plan Custody} → Minidregg.Kernel.JointDecisionRecovery.State plan → Option Minidregg.Kernel.JointDecisionRecovery.RecoveryJob
def	Minidregg.Kernel.JointDecisionRecovery.State.votes	ab043f884442bd9e69a621f1fd335628dd4582a3ca79beedb14eca788fc22c64	6356718a9f966075c69e634815536298fd23c3ecd36ccf90a6b7bd86cffbc4ba	af041c536fdd58a633b69ca10ce1396d0a74294285e26a71ba9b0c0723273d02	cc839097a3739c1b	Quot.sound,propext	{Custody : Type} → {plan : Minidregg.Kernel.JointInvocationCandidate.Plan Custody} → Minidregg.Kernel.JointDecisionRecovery.State plan → Fin plan.candidate.participants.length → Minidregg.Kernel.JointDecisionRecovery.Vote
inductive	Minidregg.Kernel.JointDecisionRecovery.Step	e089a115f6335cc956c6fe4df46663d4c85871f2fa738e60a74b40092db50832	4b471d3d787028f5b84a9236dba29d54239037fac80d512815c900f1828ff60a	a3fb23cd2ce7a2dc218018ace51c9aa338d451b042fd5d7b8d455e0b70a6957a	422e3beebf3534fe		{Custody : Type} → {plan : Minidregg.Kernel.JointInvocationCandidate.Plan Custody} → Minidregg.Kernel.JointDecisionRecovery.State plan → Minidregg.Kernel.JointDecisionRecovery.State plan → Prop
ctor	Minidregg.Kernel.JointDecisionRecovery.Step.applied	132153b258b30c7fd5afdea48dc132a7c393ebe2e2c1a22c48f9518bd52127c2	f3af16056f15e925618bde9b17fb61cad3667467904d1ca84eda9e2a70c78b95	80aba3dd504efbc3e34dfb4c1c671a1e45f6272ff4e9aba7b2bb3d3f58bedfe3	0c7bfc8d2339c1e6		∀ {Custody : Type} {plan : Minidregg.Kernel.JointInvocationCandidate.Plan Custody} (s t : Minidregg.Kernel.JointDecisionRecovery.State plan) (i : Fin plan.candidate.participants.length), Minidregg.Kernel.JointDecisionRecovery.recordApplied s i = Option.some t → Minidregg.Kernel.JointDecisionRecovery.Step s t
ctor	Minidregg.Kernel.JointDecisionRecovery.Step.close	ec71f937d70ee689ab24339ab6cc14b0b8664dbed7451588568344dce5bd65bb	e1b4d3a8fd8236929c1fa5642cb4aebe3dd5a53943a967f7bd98ceded844d49a	515aa3d4591bc4310e3c0028514cc7968e02d80b21f30d8242fa80d906d767b3	c9e64fecd48b0c3a		∀ {Custody : Type} {plan : Minidregg.Kernel.JointInvocationCandidate.Plan Custody} (s : Minidregg.Kernel.JointDecisionRecovery.State plan), Minidregg.Kernel.JointDecisionRecovery.Step s (Minidregg.Kernel.JointDecisionRecovery.close s)
ctor	Minidregg.Kernel.JointDecisionRecovery.Step.handoff	4f983c37bff3c4d45914dfb593382ff114fc36c9b5e241c33840887273023fc6	f5b74fb7f0b5e63616424450adac447049122a7887c575187c27f43e614177b2	50aaf638b60734296456915019e94bad8ae9558dc3bed1912071514f97f2deeb	461ab032e3e0f565		∀ {Custody : Type} {plan : Minidregg.Kernel.JointInvocationCandidate.Plan Custody} (s t : Minidregg.Kernel.JointDecisionRecovery.State plan) (epoch : ℕ), Minidregg.Kernel.JointDecisionRecovery.handoff s epoch = Option.some t → Minidregg.Kernel.JointDecisionRecovery.Step s t
theorem	Minidregg.Kernel.JointDecisionRecovery.Step.preserves_decided	c37976a9d944022d5b20703def9f7a9d5c1b16d3b29a274667b221ee90eb9818	86fc2074db4bf5f284b16ab77ddc6b6cb9b2410552803233d5d9a6a4aa3ce1d1	96a0e7f5f14e2eb17d181dbdd8ea8cf69094206bb6b72d3b0c3cf1546e473880	4f4ac20ed0ce6205	Quot.sound,propext	∀ {Custody : Type} {plan : Minidregg.Kernel.JointInvocationCandidate.Plan Custody} {s t : Minidregg.Kernel.JointDecisionRecovery.State plan}, Minidregg.Kernel.JointDecisionRecovery.Step s t → ∀ (i : Fin plan.candidate.participants.length), s.votes i ≠ Minidregg.Kernel.JointDecisionRecovery.Vote.pending → t.votes i = s.votes i
ctor	Minidregg.Kernel.JointDecisionRecovery.Step.recovery	2677486bf458f051f82c717027cf1f781e7f49a3e951350e48a2b457ebb13ee9	0b8224779cc214030775ce51070fa997f2b7a4d8feb47a6c554e2b4a3b7177e9	ab1e99b51e56835344f4f4ef3874c26316c84a2792229d28bcdd3897cab13289	fcdc480a7e6097d0		∀ {Custody : Type} {plan : Minidregg.Kernel.JointInvocationCandidate.Plan Custody} (s t : Minidregg.Kernel.JointDecisionRecovery.State plan) (job : Minidregg.Kernel.JointDecisionRecovery.RecoveryJob), Minidregg.Kernel.JointDecisionRecovery.retainRecovery s job = Option.some t → Minidregg.Kernel.JointDecisionRecovery.Step s t
ctor	Minidregg.Kernel.JointDecisionRecovery.Step.vote	8863e18d714ccc8f48149bfdfeb8d85ece6bb645dcd93be6236ade33d61a911a	a0a4fed91f807fbd7f067356f4710ba7b47f7c71a04b845da1d4ae7373d573a5	9bac6cea5efee14d4c6c32a9172841377b4163fd569a4a3006f4c610c7bb9988	5b41ab88904c524b		∀ {Custody : Type} {plan : Minidregg.Kernel.JointInvocationCandidate.Plan Custody} (s t : Minidregg.Kernel.JointDecisionRecovery.State plan) (i : Fin plan.candidate.participants.length) (v : Minidregg.Kernel.JointDecisionRecovery.Vote) (certificate : List UInt8), Minidregg.Kernel.JointDecisionRecovery.decideVote s i v certificate = Option.some t → Minidregg.Kernel.JointDecisionRecovery.Step s t
inductive	Minidregg.Kernel.JointDecisionRecovery.Trace	aa440ee6458461ca408a72ae689ab4917c3397162b05846446dfa686ef9ffd25	4b471d3d787028f5b84a9236dba29d54239037fac80d512815c900f1828ff60a	c83506ad88ea2a2b216e138a8f71fe6efe750825ce9dff5ece421bb46e6f3bc3	3f23d3d240692f77		{Custody : Type} → {plan : Minidregg.Kernel.JointInvocationCandidate.Plan Custody} → Minidregg.Kernel.JointDecisionRecovery.State plan → Minidregg.Kernel.JointDecisionRecovery.State plan → Prop
ctor	Minidregg.Kernel.JointDecisionRecovery.Trace.next	551d27806daa1023ff391fd58da2610a29384f6c07778e5a640bb3c58553f352	492c6702c783176f334d1c95269374769e795ac00e17ca4393589a4d8f7dca64	d307daf7c486f81c42581a22d47274824bbc155717400d44e6dce77cf2acc8d6	d1918ddcc0522355		∀ {Custody : Type} {plan : Minidregg.Kernel.JointInvocationCandidate.Plan Custody} {s middle t : Minidregg.Kernel.JointDecisionRecovery.State plan}, Minidregg.Kernel.JointDecisionRecovery.Trace s middle → Minidregg.Kernel.JointDecisionRecovery.Step middle t → Minidregg.Kernel.JointDecisionRecovery.Trace s t
theorem	Minidregg.Kernel.JointDecisionRecovery.Trace.preserves_decided	005cb21a92c14d9322408fb7efa81901b7eeb3aa5b1625a233bca73e5e89afb3	19498e0b921e2a05a3a50c30d340ae771a6f07cae7c5ac5af4e6f1a35d46b58d	e45202ee8e241e564d04a40ad21d41d097a3294ab1a21fa7c3c3bc68bff7da5a	f28ee8097b7325c3	Quot.sound,propext	∀ {Custody : Type} {plan : Minidregg.Kernel.JointInvocationCandidate.Plan Custody} {s t : Minidregg.Kernel.JointDecisionRecovery.State plan}, Minidregg.Kernel.JointDecisionRecovery.Trace s t → ∀ (i : Fin plan.candidate.participants.length), s.votes i ≠ Minidregg.Kernel.JointDecisionRecovery.Vote.pending → t.votes i = s.votes i
ctor	Minidregg.Kernel.JointDecisionRecovery.Trace.refl	7fa32b0afc5277c04e40153eb520db770969ad1b0f0f37cc598623c8c6d30115	185ee5d6829711b9eb717e43f5856886e7c281f7d300b6d29131434a1341978c	c8d904f1850d6626455c1ead4a662773224105501362ac27483a5100faec87a7	a3c40fbd7afe60f5		∀ {Custody : Type} {plan : Minidregg.Kernel.JointInvocationCandidate.Plan Custody} (s : Minidregg.Kernel.JointDecisionRecovery.State plan), Minidregg.Kernel.JointDecisionRecovery.Trace s s
inductive	Minidregg.Kernel.JointDecisionRecovery.Vote	c6fc9622d4c7a5471a4ee26bbfcb6accb9f3724761287e9f42d752915f72191b	16946b93ac38405660f51e475eb5aa7d25b54f5e5677e0f6a10a4526cc071cbf	f0f7677eb093af1a329b322c57f4ed88301a5404f7dc384e46ecc0da4eb10d4a	b272bce9f7934b4b		Type
ctor	Minidregg.Kernel.JointDecisionRecovery.Vote.no	735c14bcf1bb8cac81dc8a322b1dcc3accb68afa14890d000b83faeaa9107c8b	8280e8199801b64585944f1ddb6bf8b00ccbcb80a9c2e239f88f01e468ff4b4f	e10d38830fec061dfce8dac58f6398d9727358b866ff38f2dc3a2d662efd0205	3940342b2971aeab		Minidregg.Kernel.JointDecisionRecovery.Vote
def	Minidregg.Kernel.JointDecisionRecovery.Vote.no.elim	42d7161771d0c0c0dcf080f8a9c925bd1a2e76eb5911be37e01b8e109f41872c	4cffab2fc3ee19735c88512a8e1f7591b111ed05c8d9f721cd1bba37b9300872	e3d92b08db90ebf119c2d6942a30eed27d1abb94c25afbf7ec9311744e0521ac	5563ea725b0a7b92	-	{motive : Minidregg.Kernel.JointDecisionRecovery.Vote → Sort u} → (t : Minidregg.Kernel.JointDecisionRecovery.Vote) → t.ctorIdx = 2 → motive Minidregg.Kernel.JointDecisionRecovery.Vote.no → motive t
def	Minidregg.Kernel.JointDecisionRecovery.Vote.ofNat	eba7f6878494647b557df425b769e2ea8a9431015b86f83632f6214192ed68c7	3e4f35a1684ef76c62a1b55034c8c7fc0ac6e6559732c1983d1821887e57d164	65e5648d051e1ca772eaa28bb9fc545df9a1681ecad66892f7d36baf7d68ed59	02e0c2092d4fc30c	-	ℕ → Minidregg.Kernel.JointDecisionRecovery.Vote
theorem	Minidregg.Kernel.JointDecisionRecovery.Vote.ofNat_ctorIdx	e5bb4c39878e99ab757cae8b4644fa76c57175c414815ccb42b4dc4827935097	def2b38eaad0afa5cdb73001dc1cb45d9beba8aaa515bd87e192003be627b312	df2a86126dfd79e6945c4f04a81766fdbe3d7223f513864eb29a902c6bebea9e	e1282672dff2096b	-	∀ (x : Minidregg.Kernel.JointDecisionRecovery.Vote), Minidregg.Kernel.JointDecisionRecovery.Vote.ofNat x.ctorIdx = x
ctor	Minidregg.Kernel.JointDecisionRecovery.Vote.pending	cc9d30486bb7ceaae69ab4490030c8309e5eb6e4808facd179bff51e44a61f3f	8280e8199801b64585944f1ddb6bf8b00ccbcb80a9c2e239f88f01e468ff4b4f	abaaa9f026c90a7d275e32f4628672bebd9b0e9de62a155f5195ed4ae2c565a9	2b232a48b272991d		Minidregg.Kernel.JointDecisionRecovery.Vote
def	Minidregg.Kernel.JointDecisionRecovery.Vote.pending.elim	5490d2b57f5ed9d316ab7c46f1ca455efd8cfe69f91fc87a99cfb36062f24d46	28bae642493a99cb0b8ae7c007a1c24fe33e20f25dcfccf4527ba5df141544f4	2e1cd199482b48255945e6c489d1a486ec44aa4880608a4d06a0a8270468a2ba	0603f4d6480c96c5	-	{motive : Minidregg.Kernel.JointDecisionRecovery.Vote → Sort u} → (t : Minidregg.Kernel.JointDecisionRecovery.Vote) → t.ctorIdx = 0 → motive Minidregg.Kernel.JointDecisionRecovery.Vote.pending → motive t
ctor	Minidregg.Kernel.JointDecisionRecovery.Vote.yes	cfe60e6530b1a3433510ca933229841d7ffd6103b599d975ba916f9dcf23eefd	8280e8199801b64585944f1ddb6bf8b00ccbcb80a9c2e239f88f01e468ff4b4f	cd44628e62a89bbb4d8e51cd8a8b93c658a78053f4459c0bc7f195f00db28baf	cb3b8e051bdade7c		Minidregg.Kernel.JointDecisionRecovery.Vote
def	Minidregg.Kernel.JointDecisionRecovery.Vote.yes.elim	c8d379a48a7fd8860ac71b2f3cd9aa2db33c3d0cf5221e27c3a4e04a3161e031	38ce1a4db17207d25bd7801ca3263acdd07d23b0e42e57bcb4e3ac1bbfe899ea	66c0e04fe98ca2c9b11999e2fb0a8f18efc15ffd59f82ad54f328fbf6af7e7eb	3ee12b63537c5fb6	-	{motive : Minidregg.Kernel.JointDecisionRecovery.Vote → Sort u} → (t : Minidregg.Kernel.JointDecisionRecovery.Vote) → t.ctorIdx = 1 → motive Minidregg.Kernel.JointDecisionRecovery.Vote.yes → motive t
theorem	Minidregg.Kernel.JointDecisionRecovery.abort_stable_under_trace	ceef0b518466f357e2eece93db366dbd13bf4de51253d2017c6b001acbc3d0d3	54afa9b02aec939c2b10bcccd0f6a880df7829b51b0a959818526e0509d0041d	479fe4e99adc085552021575b0df250396c608a08c43568bdd8dff19262af424	e5bf73a45a8fe40d	Quot.sound,propext	∀ {Custody : Type} {plan : Minidregg.Kernel.JointInvocationCandidate.Plan Custody} {s t : Minidregg.Kernel.JointDecisionRecovery.State plan}, Minidregg.Kernel.JointDecisionRecovery.Trace s t → Minidregg.Kernel.JointDecisionRecovery.Abort s → Minidregg.Kernel.JointDecisionRecovery.Abort t ∧ ¬Minidregg.Kernel.JointDecisionRecovery.Commit t
theorem	Minidregg.Kernel.JointDecisionRecovery.applied_requires_commit	062017702cbb4b7ac6c50f8098a644338623d86872ca17bc911cf11e3b10267c	7a6b42fa7b5e262be6006bbf26d389d1e6e1dfa3f72d3a5300f6649c500006f6	51c8911efa941d0b4956eafdbc0b0ee7b7cee2bcb4de0921a01a9c757ca3afec	a26434e6efc0a86d	Quot.sound,propext	∀ {Custody : Type} {plan : Minidregg.Kernel.JointInvocationCandidate.Plan Custody} (s t : Minidregg.Kernel.JointDecisionRecovery.State plan) (i : Fin plan.candidate.participants.length), Minidregg.Kernel.JointDecisionRecovery.recordApplied s i = Option.some t → Minidregg.Kernel.JointDecisionRecovery.Commit s
def	Minidregg.Kernel.JointDecisionRecovery.close	33d5111ddc2aecf8c29ba52a981cfe5b07cd0886bbf421ff5973d04901fe9a29	42e8892429b6c16c274bdbc3927bf818310f936b336a382c6e182677e5f79022	bfd63daf8d05ae58878894f3b739884cae212be651c555a00bce63234003aade	31e9aeb967c0e2b5	Quot.sound,propext	{Custody : Type} → {plan : Minidregg.Kernel.JointInvocationCandidate.Plan Custody} → Minidregg.Kernel.JointDecisionRecovery.State plan → Minidregg.Kernel.JointDecisionRecovery.State plan
theorem	Minidregg.Kernel.JointDecisionRecovery.close_recovery	df5970a53ed43a7cb174feb6170918f9cacde498f204fd64d14720caf31ad6c8	fbad53d5e94c4eda4e30e1056700ba8bf28613a5d0250068e76309a1b167dbf3	e8339a3c6cb5949bc8b80be07b47dbdee3bc860d702158d478f11cc39a79b501	08b13f269687733c	Quot.sound,propext	∀ {Custody : Type} {plan : Minidregg.Kernel.JointInvocationCandidate.Plan Custody} (s : Minidregg.Kernel.JointDecisionRecovery.State plan), (Minidregg.Kernel.JointDecisionRecovery.close s).recovery = s.recovery
theorem	Minidregg.Kernel.JointDecisionRecovery.close_votes	22e83f1ac3a0c175afa7535b9cf4ca73af6b27988cba11d749ebf5e9be9e42f2	20b2559e22103a2751820ac02506a08a00fea8321a63fe9277c3acf908f517b4	3fc31a1e8a781a80eee77c4d7d757eb1a5314bcc75ddb7a098147021fac3e7db	39479ef5bb9090fc	Quot.sound,propext	∀ {Custody : Type} {plan : Minidregg.Kernel.JointInvocationCandidate.Plan Custody} (s : Minidregg.Kernel.JointDecisionRecovery.State plan), (Minidregg.Kernel.JointDecisionRecovery.close s).votes = s.votes
theorem	Minidregg.Kernel.JointDecisionRecovery.commit_abort_exclusive	6d38d59870d103b32b7b116ae4099486e9d9a9c713590a2e4c52ebe1b7f53021	42cb4062b2464be0c71ba89ccaef13fdc732afb2023d3689f1d19bbf665e3a18	310c3b8deed2e650ae500eb20cee361213fdee5f990400284cc36ba8eebbcc9e	d199151f3785d2ce	Quot.sound,propext	∀ {Custody : Type} {plan : Minidregg.Kernel.JointInvocationCandidate.Plan Custody} (s : Minidregg.Kernel.JointDecisionRecovery.State plan), ¬(Minidregg.Kernel.JointDecisionRecovery.Commit s ∧ Minidregg.Kernel.JointDecisionRecovery.Abort s)
def	Minidregg.Kernel.JointDecisionRecovery.decideVote	6a2cae4e80044b70b6d95e8878c294fd851c2df44bcd28633a76f91eb6fd87b6	f0c6f2b7b71373709b18ae92a78e965fcd5e21c92c03a8ece689b7f509858752	8d0899b70c29c9d7fe7e72fd99dc35240e2af56ccedfcea2830a5c5409845850	5e63454f9a0da1b9	Quot.sound,propext	{Custody : Type} → {plan : Minidregg.Kernel.JointInvocationCandidate.Plan Custody} → Minidregg.Kernel.JointDecisionRecovery.State plan → Fin plan.candidate.participants.length → Minidregg.Kernel.JointDecisionRecovery.Vote → List UInt8 → Option (Minidregg.Kernel.JointDecisionRecovery.State plan)
theorem	Minidregg.Kernel.JointDecisionRecovery.decideVote_final_yes_requires_others	eb163cff70325882ec68fba7374c380fa62ce0b72f4c73d6ef123a2c371cc609	a6a4f1b221bea1cf577299ed67a8f539081e8c1f8faf3007dbe65044a147405e	ca975d8331f93e65157162c8dd2fd795a45c916483395d5f3b5282cf66bdc64f	1bff932935183f75	Quot.sound,propext	∀ {Custody : Type} {plan : Minidregg.Kernel.JointInvocationCandidate.Plan Custody} (s t : Minidregg.Kernel.JointDecisionRecovery.State plan) (certificate : List UInt8), Minidregg.Kernel.JointDecisionRecovery.decideVote s plan.last Minidregg.Kernel.JointDecisionRecovery.Vote.yes certificate = Option.some t → Minidregg.Kernel.JointDecisionRecovery.LastReady s
theorem	Minidregg.Kernel.JointDecisionRecovery.decideVote_preserves_decided	92d3a502797082021991a1a367b2c2af80d669275f3d4f229165c42ee0626f2c	89c34087e4c2923bcb9910d383cf672a587679d36a7ffeb79108df392cfefe61	f459369b7787ff55bb3f9b33ec6b0793c71dfdc0c43bbcbab011b2e86a3bbd0b	223e4179b157da44	Quot.sound,propext	∀ {Custody : Type} {plan : Minidregg.Kernel.JointInvocationCandidate.Plan Custody} (s t : Minidregg.Kernel.JointDecisionRecovery.State plan) (i j : Fin plan.candidate.participants.length) (v : Minidregg.Kernel.JointDecisionRecovery.Vote) (certificate : List UInt8), Minidregg.Kernel.JointDecisionRecovery.decideVote s i v certificate = Option.some t → s.votes j ≠ Minidregg.Kernel.JointDecisionRecovery.Vote.pending → t.votes j = s.votes j
theorem	Minidregg.Kernel.JointDecisionRecovery.final_no_precludes_commit	a018773dcc6c67dbb28f1812f0fddc46e05559c466e11b88ccfc1c1de094ad73	ed28fd2448cfcbe0095e14257cc6e8fb157aa0ce79a2db6b0aa4787418e06269	c4d4538b6ae5a351f491c44ae2ecdf400ee01db393bb9fa8cef9652dae811831	d50ea3095d488113	Quot.sound,propext	∀ {Custody : Type} {plan : Minidregg.Kernel.JointInvocationCandidate.Plan Custody} (s : Minidregg.Kernel.JointDecisionRecovery.State plan), s.votes plan.last = Minidregg.Kernel.JointDecisionRecovery.Vote.no → ¬Minidregg.Kernel.JointDecisionRecovery.Commit s
def	Minidregg.Kernel.JointDecisionRecovery.handoff	0ffded4395e3ce28a8167c30decce7eab0c2f3a37726af05b11bfba9f0e4e1f4	323aebcaed7a66f13b8dbe1eece3bd9e0fabb7fcbaba4e835d57a9d8695163c0	7e6eeb8af4dd8fd49338458e6f0bb42bf9716f9c68f9b4908d3607346b0a1af7	ff2f91b547b504dd	Quot.sound,propext	{Custody : Type} → {plan : Minidregg.Kernel.JointInvocationCandidate.Plan Custody} → Minidregg.Kernel.JointDecisionRecovery.State plan → ℕ → Option (Minidregg.Kernel.JointDecisionRecovery.State plan)
theorem	Minidregg.Kernel.JointDecisionRecovery.handoff_retains_liabilities	d857ea637bdcc0032ba499b6218f199b7cb18527cffaed4812ea91175adfa1e0	ce8cebccbdda377c8609e02b9df172af679c9b40d2b2d58f358328fe8ff9f078	25dffb58a2164eae5419c15cfd5165883589db9c7bd5249a6046623a973ef478	4c428ce85319ef55	Quot.sound,propext	∀ {Custody : Type} {plan : Minidregg.Kernel.JointInvocationCandidate.Plan Custody} (s t : Minidregg.Kernel.JointDecisionRecovery.State plan) (epoch : ℕ), Minidregg.Kernel.JointDecisionRecovery.handoff s epoch = Option.some t → t.votes = s.votes ∧ t.applied = s.applied ∧ t.certificates = s.certificates ∧ t.recovery = s.recovery
def	Minidregg.Kernel.JointDecisionRecovery.initial	757b5a056d355317e1306a108179dd075734f567bde34d46b34eb6ff726bcd1d	5aa0732b8ed9c45caf433b66ed84935650615fe52185c8a804964c1f7a28954d	2492384ed525a4ad55a09e327fc8c868cfc00ac57c492dda3993360e25b6e3b5	e085766925621696	Quot.sound,propext	{Custody : Type} → (plan : Minidregg.Kernel.JointInvocationCandidate.Plan Custody) → ℕ → Minidregg.Kernel.JointDecisionRecovery.State plan
def	Minidregg.Kernel.JointDecisionRecovery.installProjection	bd55f584975bb49ed0114e35002ae93857dcdac595fcbfa95f2217797927c88a	97453f9cd92e2386c3016902a1263c7e7c3663d3e6d803f79bc95c1a38512dfe	b044fee8f7efe228a813ec5160c6930f7378c16d60b5473ccedf62ef6c0e4035	a1def5381f214a85	Quot.sound,propext	{Custody : Type} → {plan : Minidregg.Kernel.JointInvocationCandidate.Plan Custody} → Minidregg.Kernel.JointDecisionRecovery.State plan → Fin plan.candidate.participants.length → Minidregg.Kernel.DurableDataIntent.DataSnapshot Minidregg.Compiler.ResourceBirthCodec.rootBytes → Option (Minidregg.Kernel.JointDecisionRecovery.State plan × Minidregg.Kernel.DurableDataIntent.DataSnapshot Minidregg.Compiler.ResourceBirthCodec.rootBytes)
theorem	Minidregg.Kernel.JointDecisionRecovery.no_survives_late_yes	9026540a9a9a2014a756fe3a52707decccf7d9c182fe8b306e239554dd8dc7ef	146049cd5ad80e9c41026ca83a47a7be78bfa02666f0d7a4df224f466df8de5a	9599d89291cc1d6596f7716ea47e65f11a486d0e501e76076ee8592273ce453a	4a804617b29e0bd4	Quot.sound,propext	∀ {Custody : Type} {plan : Minidregg.Kernel.JointInvocationCandidate.Plan Custody} (s t : Minidregg.Kernel.JointDecisionRecovery.State plan) (i j : Fin plan.candidate.participants.length) (certificate : List UInt8), Minidregg.Kernel.JointDecisionRecovery.decideVote s i Minidregg.Kernel.JointDecisionRecovery.Vote.yes certificate = Option.some t → s.votes j = Minidregg.Kernel.JointDecisionRecovery.Vote.no → t.votes j = Minidregg.Kernel.JointDecisionRecovery.Vote.no
def	Minidregg.Kernel.JointDecisionRecovery.proposeLocalYes	29943019f6c1bef844e5009e48d4693503ee7b92ad8e88b04b217f5126bdb42f	96c73868a50ce9e6a857b503bc7fb565fb632716dfb77a70db52a356545ca560	ecf3d185eeb359fc6afe705acd863a6e30ebdf9b49c43899bbbc10c1583a11be	e2618aedb039b154	Classical.choice,Quot.sound,propext	{Custody F : Type} → [inst : Field F] → [inst_1 : DecidableEq F] → Minidregg.Compiler.Tower256ConcreteBackend.StreamCodec Custody → {plan : Minidregg.Kernel.JointInvocationCandidate.Plan Custody} → (i : Fin plan.candidate.participants.length) → {deployment : Minidregg.Kernel.DeclaredResourceController.Deployment} → {profile : Minidregg.Compiler.CanonicalRuntimeProfile.Profile F} → {ambient : Minidregg.Kernel.DeclaredResourceController.Ambient} → {durable : Minidregg.Kernel.DeclaredResourceController.Durable} → {command : Minidregg.Kernel.DeclaredResourceController.Command} → {signed : Minidregg.Kernel.DeclaredResourceController.SignedCommand} → Minidregg.Kernel.JointInvocationCandidate.CurrentAdmission deployment profile ambient durable command signed plan.candidate.participants[i] → Option Minidregg.Kernel.JointDecisionRecovery.LocalYesProposal
def	Minidregg.Kernel.JointDecisionRecovery.recordApplied	53541627d4bddece29fee37868cbbbe3253255279c17cb80521c327b79466ced	7376b92490b5fb40831f91eb3c87efdb85ccb031c9864cf217bd7c0021666c5b	9685ad484747718adcd09164b16c2ef7ddd9d05965a7c433689a2d6f14bd4f11	82cdef872b96d9ad	Quot.sound,propext	{Custody : Type} → {plan : Minidregg.Kernel.JointInvocationCandidate.Plan Custody} → Minidregg.Kernel.JointDecisionRecovery.State plan → Fin plan.candidate.participants.length → Option (Minidregg.Kernel.JointDecisionRecovery.State plan)
def	Minidregg.Kernel.JointDecisionRecovery.retainRecovery	73df1cded8d7a03e2ec00772e56c8bc4503c4ac433a75b94d35b2c1e7a5c9a78	192d204e444350881695c994c525665329a421d34e3452d9e859f95a62d9fd16	b448579f482182ad82b1a380174ec64f8b408e04856bcb8b14bccd30418488df	b04a309207fe28ee	Quot.sound,propext	{Custody : Type} → {plan : Minidregg.Kernel.JointInvocationCandidate.Plan Custody} → Minidregg.Kernel.JointDecisionRecovery.State plan → Minidregg.Kernel.JointDecisionRecovery.RecoveryJob → Option (Minidregg.Kernel.JointDecisionRecovery.State plan)
