# Kernel.PayEnrolQuote: Objective contract manifest. Written by `scripts/check-objective-proofs.sh proofs --pin`;
# a removed or changed row needs a line in scripts/gates/objective-contract-changes.txt.
inductive	Minidregg.Kernel.PayEnrolQuote.Quote	ebac03b58da4edf8fb295b5f7166a02a332e475970cc9aec5471c73c8c628017	16946b93ac38405660f51e475eb5aa7d25b54f5e5677e0f6a10a4526cc071cbf	3dc77420914244a8db9e4a5699b480c98ff126cebee717dbd39b8cdc86cc9b13	e9168a52f14ec832		Type
def	Minidregg.Kernel.PayEnrolQuote.Quote.actualWeeks	cf0992b54cb59327ea3d5ea6c438536abbda6f04d58fab42bec803195bf1e942	7ec403f3e0e1383b832aa793b6817e5d8ddf9d66b2819b3af2e5fecf453ef634	4bc9362f93e4432d04dd2cdb64e26cd47d48ed164f1c6cb04d6293d7c607c9d7	e0215da0fd90c33b	-	Minidregg.Kernel.PayEnrolQuote.Quote → ℕ
def	Minidregg.Kernel.PayEnrolQuote.Quote.amountAtomic	dc3ec6af0ba4caf2b53e5eb951a6519add4b491caf8eb155d8c64ff2484939d1	7ec403f3e0e1383b832aa793b6817e5d8ddf9d66b2819b3af2e5fecf453ef634	79855678eda9767a844467b1e24dbb4035408355769b4437a5e16c71dcf2197e	4c4527182ceb33ca	-	Minidregg.Kernel.PayEnrolQuote.Quote → ℕ
def	Minidregg.Kernel.PayEnrolQuote.Quote.birthFee	a5c62dee575151b0e1480741e3643421d6d9ad2fcca8b079b703069597c23e86	7ec403f3e0e1383b832aa793b6817e5d8ddf9d66b2819b3af2e5fecf453ef634	50a8c8eabab23a8943f9bfd51a3a890838c7b28278ce2db844ecf368c00650ab	a5e690961fa79581	-	Minidregg.Kernel.PayEnrolQuote.Quote → ℕ
def	Minidregg.Kernel.PayEnrolQuote.Quote.credit	e4a00cec3f489f5cee2dd757b1208943c5218282a2721b3dd6e2c85d7f1061c0	7ec403f3e0e1383b832aa793b6817e5d8ddf9d66b2819b3af2e5fecf453ef634	5fe479c6cfea6a64e6ba115141e6a0f6cbd5b4fd11c6972178c45415206ff0e6	b8fccbdf325d1bef	-	Minidregg.Kernel.PayEnrolQuote.Quote → ℕ
def	Minidregg.Kernel.PayEnrolQuote.Quote.creditedRemainder	8206db868ec7fd49541bf409e5933eecd40e097901eda82fb4262fb802091983	7ec403f3e0e1383b832aa793b6817e5d8ddf9d66b2819b3af2e5fecf453ef634	9f32c2e290bc79fde7fdc029195174520c584d157a87392ffd69e558a7dc663b	0a79e4a2d69b926f	-	Minidregg.Kernel.PayEnrolQuote.Quote → ℕ
def	Minidregg.Kernel.PayEnrolQuote.Quote.leaseCredit	6fb2c4b18a9a589c2e5819775f76cb1bdf995cb235762bae2c2e0be3c1653c0a	7ec403f3e0e1383b832aa793b6817e5d8ddf9d66b2819b3af2e5fecf453ef634	c2c7717c2419b8454ea68b4c34dcd71733f1c49f6026765c60dcd1a54df0d3c9	b5cfa2fbf18aaaf7	-	Minidregg.Kernel.PayEnrolQuote.Quote → ℕ
def	Minidregg.Kernel.PayEnrolQuote.Quote.minimumEntryCredit	8bea81afe2fcf6b66046354043267ce7cfd42a9308745a1060e70a119ef8fe2d	7ec403f3e0e1383b832aa793b6817e5d8ddf9d66b2819b3af2e5fecf453ef634	1b502efeb447cfb5a3af5ec2540658f14c3e1655f77da80d84deeedd3d379cf4	1494769ef0ec78d6	-	Minidregg.Kernel.PayEnrolQuote.Quote → ℕ
def	Minidregg.Kernel.PayEnrolQuote.Quote.minimumStarterCredit	61633d6b35f8f93b3618bc6b7718446e5a1b56e07f16402cdb8e52707a63a2a7	7ec403f3e0e1383b832aa793b6817e5d8ddf9d66b2819b3af2e5fecf453ef634	e28c8eed51720e658ab9402b802b87c83da4b7af70a38029d07441d7188fe234	29cc4aebf3ebd4ea	-	Minidregg.Kernel.PayEnrolQuote.Quote → ℕ
ctor	Minidregg.Kernel.PayEnrolQuote.Quote.mk	4f6ef361fe479d2b659919f422b4747425645a1b31b4b5ba863554e8586844f5	2f43ef1bece66adc718b4bdbb6f21751f6c9cc515e7f756c10cf93e06d977baf	618523edf2f024140fc319c74825cdbcc6803c847d5726eebcf0b71003b93d92	930610c5a1348cf7		ℕ → ℕ → ℕ → ℕ → ℕ → ℕ → ℕ → ℕ → ℕ → Minidregg.Kernel.PayEnrolQuote.Quote
def	Minidregg.Kernel.PayEnrolQuote.Quote.requestedWeeks	ba4e15d8f5958390d2b1ff31eeac8b75660e5b8c94fc2a6caa5ede375d21b471	7ec403f3e0e1383b832aa793b6817e5d8ddf9d66b2819b3af2e5fecf453ef634	e0dbc6e57a4223c839b52758527b09ccd42e1cefbcf0baa24d32c442d1064126	ee2580a862591c0e	-	Minidregg.Kernel.PayEnrolQuote.Quote → ℕ
inductive	Minidregg.Kernel.PayEnrolQuote.Reject	80533e913856ca1eef6be20fa66f5abad1477630956abe7f16a32f068c60331e	16946b93ac38405660f51e475eb5aa7d25b54f5e5677e0f6a10a4526cc071cbf	85fcf7dbb64c0400806da8a993764f9417ae84ecc298e90ba022454b7d9137a2	2fbe3cea84899ec6		Type
ctor	Minidregg.Kernel.PayEnrolQuote.Reject.entryCreditUncovered	a591c60f91f546d72741bb2e4173b6492eb5abd3769082177b64e6c1b8aaa4dd	0948652cc0bb4ca783304fbd134a481a6f0d27f4198a24803cbfe08f46e36de7	22d93ec58f7d5ec4be08e942e297d22864a7d9e007d1bc77b1950c573ba0e965	25d014179dfd7da2		Minidregg.Kernel.PayEnrolQuote.Reject
def	Minidregg.Kernel.PayEnrolQuote.Reject.entryCreditUncovered.elim	f063dc9a919ae57edc3f99775c155e40ece98a7ea339b0e1dbc44057a4903b07	5397c9793bc860b69358e3149815edef2f185f78b60cd93f36b278a89868cdde	8f4767595e51ad79dcecccf383315a07600d5188883afc54128bb776a3a3d5b3	683d312d344baa97	-	{motive : Minidregg.Kernel.PayEnrolQuote.Reject → Sort u} → (t : Minidregg.Kernel.PayEnrolQuote.Reject) → t.ctorIdx = 4 → motive Minidregg.Kernel.PayEnrolQuote.Reject.entryCreditUncovered → motive t
ctor	Minidregg.Kernel.PayEnrolQuote.Reject.exactWeeksUnrepresentable	2a667a0b54b44ccfbc3a241a662f97556d566af3890200210f57f87d9224edf7	0948652cc0bb4ca783304fbd134a481a6f0d27f4198a24803cbfe08f46e36de7	79752c6e42204fd42235169833bc5dcb1e9e1345cfde92b26d0a267204a66cd6	84641191eab49812		Minidregg.Kernel.PayEnrolQuote.Reject
def	Minidregg.Kernel.PayEnrolQuote.Reject.exactWeeksUnrepresentable.elim	1c13b2479c48c4a58d515d89a9a7c1857c0c6fbc24aa5e80c265795ade959796	66f5ffb3b6908159df433a5b662b61828d48ec12b4c16ae5cb50725da8f8e944	4beef4f81d1a3f5ff38e0fc0a2c843eb24fcac2b11371c465f5c7a7d5535f061	3e4ea6c207731f4a	-	{motive : Minidregg.Kernel.PayEnrolQuote.Reject → Sort u} → (t : Minidregg.Kernel.PayEnrolQuote.Reject) → t.ctorIdx = 5 → motive Minidregg.Kernel.PayEnrolQuote.Reject.exactWeeksUnrepresentable → motive t
ctor	Minidregg.Kernel.PayEnrolQuote.Reject.observationCapExceeded	cde44a41cbd07dca6fb3fe1c4fbb6c2c30229aa7ef9908792d5bfa3dccec6c3d	0948652cc0bb4ca783304fbd134a481a6f0d27f4198a24803cbfe08f46e36de7	15beae45d6349526728df12eafb954aeb15921776d6798ccd317d42b73d86daf	2e362db6c0aebc5b		Minidregg.Kernel.PayEnrolQuote.Reject
def	Minidregg.Kernel.PayEnrolQuote.Reject.observationCapExceeded.elim	cf124bca54eaa7341f81563541403fa5cee50466d7ed40b3d4ee463166cab338	2b1e63361a2b1ec1f7d3dd2a0932ba033f94c25bb0d12a5b9c228f5567b744c8	f0e9d4a88856f4baa64dea754d673f3c097d517abaae05ea5bf7637cba137b82	6c86d845ad7cc5cd	-	{motive : Minidregg.Kernel.PayEnrolQuote.Reject → Sort u} → (t : Minidregg.Kernel.PayEnrolQuote.Reject) → t.ctorIdx = 3 → motive Minidregg.Kernel.PayEnrolQuote.Reject.observationCapExceeded → motive t
def	Minidregg.Kernel.PayEnrolQuote.Reject.ofNat	5d6c50e8fb06552865bb1720c9ad3f641699679bac9c8e88005409e6265b49f6	65e2ca1fbb369854ebe4cc21572a4572b948dd0b80041bfab0cca152ba0a5d6e	9bf54980032a24ddc8f7bb25443e01d63f3c01bf6fda7b78b4eaa4157d57ea85	f78329f3e79387c0	-	ℕ → Minidregg.Kernel.PayEnrolQuote.Reject
theorem	Minidregg.Kernel.PayEnrolQuote.Reject.ofNat_ctorIdx	98dfe8120fd0b7ca32ea39d35707ef9372c9520c8bf7c49555c4c794996c644a	65e51362b7c45d2d5d1e11e1977cdc86978880d74db5bdeb8a46fc5f102f8aa1	c53e55467fd681feca26df20127acac169eded8cac1b85c204b62786e2097414	064771669a95b377	-	∀ (x : Minidregg.Kernel.PayEnrolQuote.Reject), Minidregg.Kernel.PayEnrolQuote.Reject.ofNat x.ctorIdx = x
ctor	Minidregg.Kernel.PayEnrolQuote.Reject.starterTooLarge	647316f7f6b1c71e2e149c5be96902391bbed5f54d8554eb54ef284b032004c5	0948652cc0bb4ca783304fbd134a481a6f0d27f4198a24803cbfe08f46e36de7	9904493866da542717c1810b8da23fc33ebf609c7f99ebf8711d09c009d0547c	9e0ce3e15a93bf66		Minidregg.Kernel.PayEnrolQuote.Reject
def	Minidregg.Kernel.PayEnrolQuote.Reject.starterTooLarge.elim	177ca84bb7071459ded36008bfd72d12b4dae13283ff2164d3c636971df8a060	9c8f6f9f70252c6ba2c8a3af9adfa3c98f79d94519b879bbb347b486293f8239	1d5633c846295544d8eb91b7aeae42cfbba018772b7cfc401f11c2784745171d	eccfe0e8eccfb1ba	-	{motive : Minidregg.Kernel.PayEnrolQuote.Reject → Sort u} → (t : Minidregg.Kernel.PayEnrolQuote.Reject) → t.ctorIdx = 2 → motive Minidregg.Kernel.PayEnrolQuote.Reject.starterTooLarge → motive t
ctor	Minidregg.Kernel.PayEnrolQuote.Reject.starterUnrepresentable	1a6029d55dbd16a9155770bb7b0e3e30da39bf320775fa1dcbbb782075dec173	0948652cc0bb4ca783304fbd134a481a6f0d27f4198a24803cbfe08f46e36de7	09661b831c3767aebf986d1f605d2a3260ab842c56ec34dedf90662f819daf44	c5aa3e8e2f730a88		Minidregg.Kernel.PayEnrolQuote.Reject
def	Minidregg.Kernel.PayEnrolQuote.Reject.starterUnrepresentable.elim	6dc1d2416dd8fab2d253fdba42929660391bcadeec39b2cb10c8c1e3c52c3f47	382f456af999f9a5d9a36849e7511cce21d1f3b0cadad44ba883d0a821e1dd21	ade4c1b0c9fc619126bfd1d01c3a6af5d1c74a4b69e10383538fb89fc29ab3c0	3331ef4a40d4fba2	-	{motive : Minidregg.Kernel.PayEnrolQuote.Reject → Sort u} → (t : Minidregg.Kernel.PayEnrolQuote.Reject) → t.ctorIdx = 6 → motive Minidregg.Kernel.PayEnrolQuote.Reject.starterUnrepresentable → motive t
ctor	Minidregg.Kernel.PayEnrolQuote.Reject.tariffInvalid	e3abd96b4883af41863a6bf83b44276872a13039b2c4e0b37fdf23c66e5a2d9d	0948652cc0bb4ca783304fbd134a481a6f0d27f4198a24803cbfe08f46e36de7	3fcff744bc697d360401f75f789e81bcde94c5b146b2a498f6b1555e3f4dc6e1	82bdda56a0b24b91		Minidregg.Kernel.PayEnrolQuote.Reject
def	Minidregg.Kernel.PayEnrolQuote.Reject.tariffInvalid.elim	d9348b234ab253225d92ad20a35003e0216bbfa0b28cb0c3caa5bdb6844fc19a	83cb5b71ac3c95fd5de0969447a88b82d497a5ce68a769d78c0b8d017d9bcc4c	2b8f1bbedd6110e258b37ab130602f8a098f8408355479623731b6cdec94f10d	88c3a98fb95ddd0a	-	{motive : Minidregg.Kernel.PayEnrolQuote.Reject → Sort u} → (t : Minidregg.Kernel.PayEnrolQuote.Reject) → t.ctorIdx = 0 → motive Minidregg.Kernel.PayEnrolQuote.Reject.tariffInvalid → motive t
ctor	Minidregg.Kernel.PayEnrolQuote.Reject.weeksZero	7f6e2287ae72f2267cc468306dbb8f446d88648ad53bcf53606136aacbf43b87	0948652cc0bb4ca783304fbd134a481a6f0d27f4198a24803cbfe08f46e36de7	78cbdc67ef1038afb55627c300b0885e67c84d42b1d64e628f8f210ecb57fb1a	aef59f6a471dd0b8		Minidregg.Kernel.PayEnrolQuote.Reject
def	Minidregg.Kernel.PayEnrolQuote.Reject.weeksZero.elim	82d363b45a1acffc4385d82ffe902154484490751cb94ebb1d4ecd8e880a4b81	22ad5d6c49bcaa4a91eff767dc7bfd44346bb8d336e07c62443e89d593add925	3721e086ee083aaf1e7007cd8c2e1ef2febf550ae10df8fc35a83bd5b15aa9c0	6219a5fcc7d7a61e	-	{motive : Minidregg.Kernel.PayEnrolQuote.Reject → Sort u} → (t : Minidregg.Kernel.PayEnrolQuote.Reject) → t.ctorIdx = 1 → motive Minidregg.Kernel.PayEnrolQuote.Reject.weeksZero → motive t
def	Minidregg.Kernel.PayEnrolQuote.atomicCeil	76d49b2420e51ad68015fc2333444f402ed2f9dd35d00e8c3a96b52d56308036	5953a7dd9cbf6f8081cc674a88ccbdfa94bdbdcd74c751c425f66edc3204581e	0c3c8d7bbb5b169033f251b22b2e047b2e2610c50bb90fc3d094c1895f9e946f	293c9589af9df57a	-	ℕ → ℕ → ℕ
theorem	Minidregg.Kernel.PayEnrolQuote.coarse_atomic_rounding_cannot_buy_extra_week	4fc2cd16097179c97e776b64d0ee00caeb6a0844b46042f04789f590c3a0fa27	c748a664d73de21e6cc53702098451caa452f35a0241b324f8aae604c26622f2	34348d3432eeeac9e0384ee9afd8cb90f3a1054690930c977bcfff0a9ed8a23f	367bc6c2107182c5	-	Minidregg.Kernel.PayEnrolQuote.quote (have __src := Minidregg.Kernel.PayEnrolQuote.fixture✝; { version := __src.version, asset := __src.asset, mint := __src.mint, tokenProgram := __src.tokenProgram, decimals := __src.decimals, creditPerAtomic := 10, maxPerObservation := __src.maxPerObservation, minTickSlots := __src.minTickSlots, nodeWeekRate := __src.nodeWeekRate, enrolIndex := __src.enrolIndex, journalFloor := __src.journalFloor, slashCallerPermille := __src.slashCallerPermille }) 7 1 167 = Except.error Minidregg.Kernel.PayEnrolQuote.Reject.exactWeeksUnrepresentable
theorem	Minidregg.Kernel.PayEnrolQuote.coarse_atomic_rounding_cannot_silently_extend	3aa2d6645a095a01511ee6d627abbf729c6e15a91d872b4b61d2da0fa7d8f880	08a87c3b571e95e73556dd1dd6cbfb4a3694f60b64d99ae13902ce4909a18b34	e13d10f228243915e0c533a5de7a834c37e9a664c9d891e391ccfb80c27562a3	7076fa085caf53f0	-	Minidregg.Kernel.PayEnrolQuote.quote (have __src := Minidregg.Kernel.PayEnrolQuote.fixture✝; { version := __src.version, asset := __src.asset, mint := __src.mint, tokenProgram := __src.tokenProgram, decimals := __src.decimals, creditPerAtomic := 400, maxPerObservation := __src.maxPerObservation, minTickSlots := __src.minTickSlots, nodeWeekRate := __src.nodeWeekRate, enrolIndex := __src.enrolIndex, journalFloor := __src.journalFloor, slashCallerPermille := __src.slashCallerPermille }) 7 1 20 = Except.error Minidregg.Kernel.PayEnrolQuote.Reject.exactWeeksUnrepresentable
theorem	Minidregg.Kernel.PayEnrolQuote.coarse_atomic_rounding_preserves_split	e90942dba7c7ba923c6129e71be11d9a3b1fdd17351325396d1ba804261c8ab8	d847fe845ee01f8acb400707fc8c2de190ee248f3ec376bc8acca6b8852ad984	53afad6442ff9212b26ba3783ac0cec7f903ac5d914169eb810a46ef5ff213d7	d85ee18c9f772897	-	Minidregg.Kernel.PayEnrolQuote.quote (have __src := Minidregg.Kernel.PayEnrolQuote.fixture✝; { version := __src.version, asset := __src.asset, mint := __src.mint, tokenProgram := __src.tokenProgram, decimals := __src.decimals, creditPerAtomic := 10, maxPerObservation := __src.maxPerObservation, minTickSlots := __src.minTickSlots, nodeWeekRate := __src.nodeWeekRate, enrolIndex := __src.enrolIndex, journalFloor := __src.journalFloor, slashCallerPermille := __src.slashCallerPermille }) 7 1 20 = Except.ok { amountAtomic := 20, credit := 200, birthFee := 7, requestedWeeks := 1, actualWeeks := 1, leaseCredit := 168, creditedRemainder := 25, minimumStarterCredit := 20, minimumEntryCredit := 175 }
theorem	Minidregg.Kernel.PayEnrolQuote.credit_decomposition	b48840537b3b5ce18a49c29e0dd31a2a42f977ce7fd3cf0a4ca204e6d4d5610e	61b22784cee6c83fb07da0a7613f233f7568178f23aef3d884f12e3668b98ada	cad43dcd5e827b6070ac3363d4a566d6f43aaebbb569cbf1822e95908dce46b9	5a0281b1ea9a5a70	Quot.sound,propext	∀ (credit birthFee leaseCredit : ℕ), birthFee ≤ credit → leaseCredit ≤ credit - birthFee → birthFee + leaseCredit + (credit - birthFee - leaseCredit) = credit
theorem	Minidregg.Kernel.PayEnrolQuote.exact_entry_has_zero_remainder	8ea2d2de41225fb0bcf596cb78091be27c9f6b7411adc3ab3e61bd641fc5246b	4a70726e883369cc5777c179280984e4d2cb6f53c02f31964f3d036200fa25f2	47df30ba7b6b344e52c73180303a42abedf297519f16e73b5f0ca84d35453b7c	e22d22d3705b9e2c	-	Minidregg.Kernel.PayEnrolQuote.quote Minidregg.Kernel.PayEnrolQuote.fixture✝ 7 1 0 = Except.ok { amountAtomic := 175, credit := 175, birthFee := 7, requestedWeeks := 1, actualWeeks := 1, leaseCredit := 168, creditedRemainder := 0, minimumStarterCredit := 0, minimumEntryCredit := 175 }
theorem	Minidregg.Kernel.PayEnrolQuote.insufficient_observation_cap	9e5842e4e0b64046fbbb47dff933bff11a62f65f24f1ba1998f65f06af129214	b4a428c436e0945c266b9fde6bb249529caa2cf05367e65ad0a278d0fdcf5cfd	f3b3747fc583e2c72757d9cfb9cb03fd933994386693327e4938cadb674494d8	487b916dec627fef	-	Minidregg.Kernel.PayEnrolQuote.quote (have __src := Minidregg.Kernel.PayEnrolQuote.fixture✝; { version := __src.version, asset := __src.asset, mint := __src.mint, tokenProgram := __src.tokenProgram, decimals := __src.decimals, creditPerAtomic := __src.creditPerAtomic, maxPerObservation := 190, minTickSlots := __src.minTickSlots, nodeWeekRate := __src.nodeWeekRate, enrolIndex := __src.enrolIndex, journalFloor := __src.journalFloor, slashCallerPermille := __src.slashCallerPermille }) 7 1 20 = Except.error Minidregg.Kernel.PayEnrolQuote.Reject.observationCapExceeded
theorem	Minidregg.Kernel.PayEnrolQuote.invalid_tariff_refused	d6187026b32623fa9f10ec5c814e42e986391d6ec0690e3bd308aae70ef15022	102f7dff6fdbd985c276f6218732d6adfccd0e0207fc2ac1cea666bd9331ae14	9b88069176e126bb64a99bd22b22d00a70bc624d8cbcdbf13d7976398f2bc18a	f6dd9dc4f2fc6ec9	-	Minidregg.Kernel.PayEnrolQuote.quote (have __src := Minidregg.Kernel.PayEnrolQuote.fixture✝; { version := __src.version, asset := __src.asset, mint := __src.mint, tokenProgram := __src.tokenProgram, decimals := __src.decimals, creditPerAtomic := 0, maxPerObservation := __src.maxPerObservation, minTickSlots := __src.minTickSlots, nodeWeekRate := __src.nodeWeekRate, enrolIndex := __src.enrolIndex, journalFloor := __src.journalFloor, slashCallerPermille := __src.slashCallerPermille }) 7 1 20 = Except.error Minidregg.Kernel.PayEnrolQuote.Reject.tariffInvalid
theorem	Minidregg.Kernel.PayEnrolQuote.journal_floor_cannot_buy_extra_week	936a86c95b20b5c2122fad9463a0196cd9ad16f3f30ac2e250d93796c9c4698a	d0724f7920eb726f5f37cabfc13384cd389abbecd60452fd9de1aa04da93f0d7	2f5134ad9301db6fed2c7b7e26588d7290cb5cb3cc6a8b6082de4bd5d3bb3d56	e20b99c785b819ee	-	Minidregg.Kernel.PayEnrolQuote.quote (have __src := Minidregg.Kernel.PayEnrolQuote.fixture✝; { version := __src.version, asset := __src.asset, mint := __src.mint, tokenProgram := __src.tokenProgram, decimals := __src.decimals, creditPerAtomic := __src.creditPerAtomic, maxPerObservation := __src.maxPerObservation, minTickSlots := __src.minTickSlots, nodeWeekRate := __src.nodeWeekRate, enrolIndex := __src.enrolIndex, journalFloor := 400, slashCallerPermille := __src.slashCallerPermille }) 7 1 20 = Except.error Minidregg.Kernel.PayEnrolQuote.Reject.exactWeeksUnrepresentable
theorem	Minidregg.Kernel.PayEnrolQuote.journal_floor_is_honored	df8c6c7ee9a0f78e747cd413ac531e76b4f19c61c400dad5552d63c388e06aa9	d7ad2da7243991fdb2d4d12538ba4c90bbbd513d5de347e7f2460776269775dc	683cd819ef56925c1fad4bcbc2320f1729bc25de78c3083c78f7d17bcf32b492	e8fbed9588e601ec	-	Minidregg.Kernel.PayEnrolQuote.quote (have __src := Minidregg.Kernel.PayEnrolQuote.fixture✝; { version := __src.version, asset := __src.asset, mint := __src.mint, tokenProgram := __src.tokenProgram, decimals := __src.decimals, creditPerAtomic := __src.creditPerAtomic, maxPerObservation := __src.maxPerObservation, minTickSlots := __src.minTickSlots, nodeWeekRate := __src.nodeWeekRate, enrolIndex := __src.enrolIndex, journalFloor := 200, slashCallerPermille := __src.slashCallerPermille }) 7 1 20 = Except.ok { amountAtomic := 200, credit := 200, birthFee := 7, requestedWeeks := 1, actualWeeks := 1, leaseCredit := 168, creditedRemainder := 25, minimumStarterCredit := 20, minimumEntryCredit := 175 }
def	Minidregg.Kernel.PayEnrolQuote.quote	b31a43177977cf3f8d44614e8595229f44330dbd54baf1b1dda842a9d1a20ba2	b920107472f640168a8070a063ae02a922f6a8935074f6faa85ed9a358ca3436	f61ff000bbe62f543aeb6a58cf892301fe693acc2c333e5735edc4faec79e085	e9718e9a9efc4d95	-	Minidregg.Kernel.PayTariff.Tariff → ℕ → ℕ → ℕ → Except Minidregg.Kernel.PayEnrolQuote.Reject Minidregg.Kernel.PayEnrolQuote.Quote
theorem	Minidregg.Kernel.PayEnrolQuote.quote_success_split	2a676ff8bcc1f369f67d8fbc2db74e195e4657ea797b06b2f4518c4d1075c21f	cc815821ec6923cde3180bb9c4c4aa8495efaa638d657d56011dab95e6483b61	a9fd639a489f064b9443cd28a9b3cad312ecdc80ec90a09a10350743b9844032	5f51edb912b5ccb6	Classical.choice,Quot.sound,propext	∀ (tariff : Minidregg.Kernel.PayTariff.Tariff) (birthFee requestedWeeks starter : ℕ) (q : Minidregg.Kernel.PayEnrolQuote.Quote), Minidregg.Kernel.PayEnrolQuote.quote tariff birthFee requestedWeeks starter = Except.ok q → q.birthFee + q.leaseCredit + q.creditedRemainder = q.credit ∧ q.actualWeeks = requestedWeeks ∧ starter ≤ q.creditedRemainder
theorem	Minidregg.Kernel.PayEnrolQuote.quote_with_floor_above_cap	ab7956b00c7014f819648880cab28aaed79ba513c467d1fb0f9f44554df6e3fa	423877524af71acc55317eb99aadc308350e7cab1ea3107cec8c712e2651d43f	b88a6d48155ebceb460b4498e046f12d7fe51d3922d82dde1d778adb312af583	dc074151dc6a06d9	propext	∀ (tariff : Minidregg.Kernel.PayTariff.Tariff) (birthFee requestedWeeks minimumStarterCredit : ℕ), tariff.valid → requestedWeeks ≠ 0 → minimumStarterCredit < tariff.nodeWeekRate → tariff.maxPerObservation < tariff.journalFloor → Minidregg.Kernel.PayEnrolQuote.quote tariff birthFee requestedWeeks minimumStarterCredit = Except.error Minidregg.Kernel.PayEnrolQuote.Reject.observationCapExceeded
theorem	Minidregg.Kernel.PayEnrolQuote.starter_cannot_be_a_whole_week	1eaa88cb9b7012868f689cf614f9ba77b210020d69c4a749020334860fd6ba58	7bd6254962277c0a6c7874b0486add9db4937df3aed3654f8e1a2a09e6843282	cb8fc287db65e06deeb4133da7777423bf28cd77f6f8b923f0dd52cea895ea9f	6016fe7f9cede515	-	Minidregg.Kernel.PayEnrolQuote.quote Minidregg.Kernel.PayEnrolQuote.fixture✝ 7 1 168 = Except.error Minidregg.Kernel.PayEnrolQuote.Reject.starterTooLarge
theorem	Minidregg.Kernel.PayEnrolQuote.two_weeks_and_starter	e6cde9f1120efcf71d204d0d0c689ab10c164c014af75bfb7678b5ac1505e5e4	a61fad93d565dbfcab76f498d3e5674872759ad392fdf8533fe12c707ef6a7b7	54ffdfe0bf2abebb6602a09cfb49c94c1a940ec3475a2bd1f289b45a6a03ffeb	64f5ad07e1a39f5a	-	Minidregg.Kernel.PayEnrolQuote.quote Minidregg.Kernel.PayEnrolQuote.fixture✝ 7 2 47 = Except.ok { amountAtomic := 390, credit := 390, birthFee := 7, requestedWeeks := 2, actualWeeks := 2, leaseCredit := 336, creditedRemainder := 47, minimumStarterCredit := 47, minimumEntryCredit := 175 }
theorem	Minidregg.Kernel.PayEnrolQuote.zero_weeks_refused	388c7ef2fa7d1ed22de2064b92265d46e4706a648d06bfe4334e05d97aa8a719	9fd6f4716d64452de6efe2879da0fbad18a5b77ee163587b65b9834f97b15b85	9311e313d91bdbef0248adb6bf2d5e49f5d239762b2cec1b3eef592d22b2a050	dce27fefccb4691d	-	Minidregg.Kernel.PayEnrolQuote.quote Minidregg.Kernel.PayEnrolQuote.fixture✝ 7 0 20 = Except.error Minidregg.Kernel.PayEnrolQuote.Reject.weeksZero
def	private Minidregg.Kernel.PayEnrolQuote.fixture @Kernel.PayEnrolQuote	5fcbc76ff240a191a82e86c197f643b0bcd47e012abf0cfe766ee9621d62b1d3	ad5d296f5adaf593345ea904beadf14b8e4883d0e0908a9cb5336f6d1817433f	5a76141f7f0acbfbfb50a5a30a7017644596a9645788bb04f62e1537ca8ba998	ca3eacf4fe9d5815	-	Minidregg.Kernel.PayTariff.Tariff
