# Kernel.RunComputeBudget: Objective contract manifest. Written by `scripts/check-objective-proofs.sh proofs --pin`;
# a removed or changed row needs a line in scripts/gates/objective-contract-changes.txt.
def	Minidregg.Kernel.RunComputeBudget.BookCell	c17d488e2bc758ffff78836246afd17bc4eab33570ac63c45dd0b74911f1810e	89855d392aa192071e8a2b2230d30ecae8fc9de0c15fa6a53f6209226829292a	a572cd25175799bceea997737a75be6ef900a9644ca934373acbeef102155775	509dc1dab5cd2685	Classical.choice,Quot.sound,propext	Type
inductive	Minidregg.Kernel.RunComputeBudget.CheckedSteps	0193b49f2aa81955f85b46f9efad35e0e2ee1bb1a6fac779e7c8f29701ffc235	8228e80b028a10575656b364529cb7d1681eec90465d17da409c8a2aba5dc668	baafd0ba7aa5f053b62ee9cc07280f93ce0961fdba2e90e8c42be95d2ad47122	8cf8177b0d7ba52e		{subject : Minidregg.Theory.TypedAuthorization.SubjectId} → {payPre : Minidregg.Kernel.PayCell.Cell} → {payRoot : Minidregg.Theory.TypedAuthorization.Digest} → {bookPre : Minidregg.Kernel.RunComputeBudget.BookCell} → Minidregg.Kernel.RunComputeBudget.Prepared subject payPre payRoot bookPre → ℕ → Type
theorem	Minidregg.Kernel.RunComputeBudget.CheckedSteps.exact	3b79d59cc34f3799ab800a6603faa292ca91c114690f3c8613657e38ade34305	599d40edc393beb4dc8925928cce2ff721740068d3a08f6c562bec0bf568b6b0	70052225874a169e3b8f9ac613035eb50f6b9d2f17ec24c3e0a4fe56eb398a72	9fe4a7e50e4dab51	Classical.choice,Quot.sound,propext	∀ {subject : Minidregg.Theory.TypedAuthorization.SubjectId} {payPre : Minidregg.Kernel.PayCell.Cell} {payRoot : Minidregg.Theory.TypedAuthorization.Digest} {bookPre : Minidregg.Kernel.RunComputeBudget.BookCell} {prepared : Minidregg.Kernel.RunComputeBudget.Prepared subject payPre payRoot bookPre} {checkedSteps : ℕ} (self : Minidregg.Kernel.RunComputeBudget.CheckedSteps prepared checkedSteps), prepared.quota.quoted.steps = checkedSteps
inductive	Minidregg.Kernel.RunComputeBudget.Funding	36782b9f8a2e32987658a1d8ff3deabbf6a41c9ba2782c3830a145957a953ff6	16946b93ac38405660f51e475eb5aa7d25b54f5e5677e0f6a10a4526cc071cbf	9ddda86ff9751a7b337a15bffc95bd98c9f0110825d60a0d949cc868719ddd06	604476833ecacd88		Type
def	Minidregg.Kernel.RunComputeBudget.Funding.asset	e2bb4679a4c806d3ce28a1f67418d7949ecc399a6b0b351ca7ec4073cffacc63	65945865b8c0d689eb43a327842b12f026872d44209baf6ab12f9d0e64a0fdb9	682aadc7f40e6b9fbe7e0e8a25ba8063a2146a4f74f0ff9409d3877832d71424	1af97bfadd580987	-	Minidregg.Kernel.RunComputeBudget.Funding → ℕ
def	Minidregg.Kernel.RunComputeBudget.Funding.capability	ddfabb2b6158e3fc4b0b8d0138c8271a7e1120328daca304ede6205996e98538	b0cff1b4c6c77a45eb97c8f45548ab704efa6774478f04ff016fa900c5b83aff	5f0187a6b292e25946c95a38e314b30c6a4b1edf030b0ba3b91b746394f0ccc5	6ced23747bdc6bdc	-	Minidregg.Kernel.RunComputeBudget.Funding → Minidregg.Theory.TypedAuthorization.CapabilityId
def	Minidregg.Kernel.RunComputeBudget.Funding.credits	2d6662ad232bf8c64b281d161ef7fd235648156d4f3ab25c2179f740f1ce33cf	65945865b8c0d689eb43a327842b12f026872d44209baf6ab12f9d0e64a0fdb9	9bf911ee6453cc307f5a1263893b1de0c01e0aa8428b5aa42dc7e9bbb5d24b7d	53b82f58215f8ba9	-	Minidregg.Kernel.RunComputeBudget.Funding → ℕ
def	Minidregg.Kernel.RunComputeBudget.Funding.expectedPayerBalance	d14c95c03c0d163abbf64f9b638102014ddb2f2d71a449870f3c4aa1d70c63d0	c153023e3e4e521ba3f7beed674000c7a2584745c40d3c7aa08b5a3c368afa96	42b71edd33c8ca280cf72ee9a2d1dd41f16c6dfbfae2946e3ca8cd9adb89ea79	286f1f578cd85197	-	Minidregg.Kernel.RunComputeBudget.Funding → ℤ
def	Minidregg.Kernel.RunComputeBudget.Funding.expectedWellBalance	93757aa304623c1a7101c0ddf90ecb23b60c72423dbaa7099b784b53bb3f7b96	c153023e3e4e521ba3f7beed674000c7a2584745c40d3c7aa08b5a3c368afa96	525adafd03a1508ff5ba40725486ecd8f28f3c01473255784e0ce4fdfcb848be	48b90f36dc8d56a5	-	Minidregg.Kernel.RunComputeBudget.Funding → ℤ
ctor	Minidregg.Kernel.RunComputeBudget.Funding.mk	983ee6142bd110ae739a0e21987d8c23813ad8e097da60a04db18f345f258002	e19671665f274a57cad56ce1a3623e8150a89e2bc4a4afe166bea8ec90d7326e	567df49241c08d87d9df054eaeed7424c93ac54b4b98c9fb9d1b7fe370461681	4c7272ef69b8ac35		ℕ → Minidregg.Theory.TypedAuthorization.CapabilityId → ℕ → ℕ → ℤ → ℤ → Minidregg.Kernel.RunComputeBudget.Funding
def	Minidregg.Kernel.RunComputeBudget.Funding.payer	cea241a1d90b99c834aefa4d7ca5cef2f0c0bed0821b96f408addffc0dc5d435	65945865b8c0d689eb43a327842b12f026872d44209baf6ab12f9d0e64a0fdb9	101293b379718312edb239c0a5a0ab3984427db004559f420a791542c7ce6f81	5ad8dfcace4187ab	-	Minidregg.Kernel.RunComputeBudget.Funding → ℕ
inductive	Minidregg.Kernel.RunComputeBudget.Prepared	8d3582e38cd6a47e9ae5e82e3741dce7e50474503d520a33453e528a3c6350c8	ed1da26f7aefe474ee3f48914fd535f57a228f41db72c4545358465831ba04de	3e183a55cb30ffa31540c5a85282b929f0f20b4d431f038cc2e322cc563b80b8	aac6d1ed77194734		Minidregg.Theory.TypedAuthorization.SubjectId → Minidregg.Kernel.PayCell.Cell → Minidregg.Theory.TypedAuthorization.Digest → Minidregg.Kernel.RunComputeBudget.BookCell → Type
def	Minidregg.Kernel.RunComputeBudget.Prepared.book	2a38cacfdd1221161e370a24bf18d3c4d0ac04e7ab5da61c8c62a244b8e18462	aeda88c131bb312d08102ac850626bd274c2faf19b006187a19f46d0f28776be	706353511d1a597dbfbdf58c22331b9ecf4b13fcd15ce28a7552a7a2e2eaf8e0	6f02b3b943cf5bad	Classical.choice,Quot.sound,propext	{subject : Minidregg.Theory.TypedAuthorization.SubjectId} → {payPre : Minidregg.Kernel.PayCell.Cell} → {payRoot : Minidregg.Theory.TypedAuthorization.Digest} → {bookPre : Minidregg.Kernel.RunComputeBudget.BookCell} → Minidregg.Kernel.RunComputeBudget.Prepared subject payPre payRoot bookPre → Minidregg.Kernel.RunComputeBudget.PreparedBook bookPre
def	Minidregg.Kernel.RunComputeBudget.Prepared.quota	e6b106aaff43e282d615df3da07b0d03f00901438cf0386f9ccb8b713bd9cac0	8ebd7c20ac50ae4901539b1cea052354417b733d2a8228a016c08e317439f3a3	a2f09b03a39fa7108f2453c46c5ac7a2c784a7926cc92491da5e3c9ccbba1a98	55f42c8933f0d757	Classical.choice,Quot.sound,propext	{subject : Minidregg.Theory.TypedAuthorization.SubjectId} → {payPre : Minidregg.Kernel.PayCell.Cell} → {payRoot : Minidregg.Theory.TypedAuthorization.Digest} → {bookPre : Minidregg.Kernel.RunComputeBudget.BookCell} → Minidregg.Kernel.RunComputeBudget.Prepared subject payPre payRoot bookPre → Minidregg.Kernel.RunComputeBudget.PreparedQuota subject payPre payRoot
theorem	Minidregg.Kernel.RunComputeBudget.Prepared.sameCharge	62d68628d13b5608582a80484173ebbebe5114625521c5169ccc6a5f218b8369	a4143cf968a8d4c5c979e56e76c3f674641f2845c550fe734b7bf8d462d25505	69d037456e47b6bf143570a8161f1371ed84d99da9772b3af7beda017c068c0a	05273d8e7d0b032a	Classical.choice,Quot.sound,propext	∀ {subject : Minidregg.Theory.TypedAuthorization.SubjectId} {payPre : Minidregg.Kernel.PayCell.Cell} {payRoot : Minidregg.Theory.TypedAuthorization.Digest} {bookPre : Minidregg.Kernel.RunComputeBudget.BookCell} (self : Minidregg.Kernel.RunComputeBudget.Prepared subject payPre payRoot bookPre), self.book.credits = self.quota.quoted.credits
inductive	Minidregg.Kernel.RunComputeBudget.PreparedBook	9813a4c52f49b5a48db79b0ba0923207add6fbaffa2d1279d81b143725b4a46f	4e8e44029e21c2f9c30ae409c0fbd13284e880621285fa4d897d91ca90b58998	0bb3b3180b120c6d9e21efc252d5f3d12957499ec5452c3bd079517bd651de7f	c14611851c72a877		Minidregg.Kernel.RunComputeBudget.BookCell → Type
theorem	Minidregg.Kernel.RunComputeBudget.PreparedBook.accepted	be31d7ec0efc435ed6aada2feb3678945d9d0be41a5c1a68103c04f7acb62e7c	d15bddcfa3dbaef7afb28eb666ca5900da0be8a10b59b9d61be0f4dbf35251f1	ae0bc0c1a46e867cec3bb52867adf10c2c48f52e5f82e053ca5f8e66c20e307c	a0294486f998ecab	Classical.choice,Quot.sound,propext	∀ {pre : Minidregg.Kernel.RunComputeBudget.BookCell} (self : Minidregg.Kernel.RunComputeBudget.PreparedBook pre), Minidregg.Theory.CanonicalResourceKernel.AcceptedBatch pre (Minidregg.Kernel.RunComputeBudget.burnBatch self.funding)
theorem	Minidregg.Kernel.RunComputeBudget.PreparedBook.conserves	254057b80423c71576d95fea7724ba4f72d350c1e34d2ef4ab5ef6fd546cfd22	1be4f0658498778fe10e8f39e2d91b39a436ca30daf5b108df5edea9d4a04fd2	c251c067365ed00a29d835f6d194769db8b02b1c91f606a19cb7857b5cde8187	60bfdf9961c83897	Classical.choice,Quot.sound,propext	∀ {pre : Minidregg.Kernel.RunComputeBudget.BookCell} (prepared : Minidregg.Kernel.RunComputeBudget.PreparedBook pre) (asset : Minidregg.Theory.CanonicalResourceKernel.AssetId), (Minidregg.Theory.CanonicalResourceKernel.logicalBook prepared.post.logical).totalAsset asset = (Minidregg.Theory.CanonicalResourceKernel.logicalBook pre.logical).totalAsset asset
def	Minidregg.Kernel.RunComputeBudget.PreparedBook.credits	5fc88c4be836cfcaa0f21bfef43bc67372f2691956621f1b29525c45ad6bc68b	60e401a2b72b24a9136b1b5b9bb938cb355a8d7f4a8554fbd0349dbec1ae6b18	24afea0ccbe8f870dec93689ecbf80b6dcacf0f179dfc4b957bdcb1ea17ee57d	3aeae774aa6abcf4	Classical.choice,Quot.sound,propext	{pre : Minidregg.Kernel.RunComputeBudget.BookCell} → Minidregg.Kernel.RunComputeBudget.PreparedBook pre → ℕ
def	Minidregg.Kernel.RunComputeBudget.PreparedBook.funding	cf27a8b1252a9d8ed8de285cc301b794b05e2b6221ca45a924d463bf6fe6fba5	60a134ad74deb458b831c550dde726246e24cd04b507a8ead9657cf131e6e5d7	21ef4f2ee44b6d9a5b7acb1f7185137c6f4b558d7c1684dc9dcc330a58aaa5b6	5e35f71bbc5ea925	Classical.choice,Quot.sound,propext	{pre : Minidregg.Kernel.RunComputeBudget.BookCell} → Minidregg.Kernel.RunComputeBudget.PreparedBook pre → Option Minidregg.Kernel.RunComputeBudget.Funding
theorem	Minidregg.Kernel.RunComputeBudget.PreparedBook.fundingExact	61a313fc21f2881bcd51a5fe1e590fb8a6585e54ebfe8f1c7114cde6557b8da5	99181c2efbd7e730715bf07b8b9ce4f83a9eb91941802dc17215305fd3221684	872339f7a734e25cdb1e2b3d519753ef8c0f99c020509131e5cf6f97c6f0ad92	8540a64decca5ddd	Classical.choice,Quot.sound,propext	∀ {pre : Minidregg.Kernel.RunComputeBudget.BookCell} (self : Minidregg.Kernel.RunComputeBudget.PreparedBook pre), (Option.map Minidregg.Kernel.RunComputeBudget.Funding.credits self.funding).getD 0 = self.credits
theorem	Minidregg.Kernel.RunComputeBudget.PreparedBook.funding_credits	052acbea5e562e98db2bdfd2c80cabedb4ded610e0790a6e0fc36965788431fa	bef6ea7604e16ed64691ec1ae1f0a11b53ebae7885e8fc3421ca83f629878140	e089c5cc103ddc48b6aee6c4139297979c3180854c41e75a7d7fbe446b28e257	31ad246cc044d820	Classical.choice,Quot.sound,propext	∀ {pre : Minidregg.Kernel.RunComputeBudget.BookCell} (prepared : Minidregg.Kernel.RunComputeBudget.PreparedBook pre) (supplied : Minidregg.Kernel.RunComputeBudget.Funding), prepared.funding = Option.some supplied → supplied.credits = prepared.credits
def	Minidregg.Kernel.RunComputeBudget.PreparedBook.post	140455f72686bf90f05c261eb61a5e27b75c0bf744564fa287a58bf110c13a39	a37b0cb1d13e8846b866c2aaf6d90e26d604372b4c038cba1fb25c7f1a6b548b	feb7ba8d6b716e2fe409d54fa518e186c32a34358a7574def900cf1dfd480264	9b424322e4c9fd77	Classical.choice,Quot.sound,propext	{pre : Minidregg.Kernel.RunComputeBudget.BookCell} → Minidregg.Kernel.RunComputeBudget.PreparedBook pre → Minidregg.Kernel.RunComputeBudget.BookCell
inductive	Minidregg.Kernel.RunComputeBudget.PreparedQuota	5e742bae046381b18a79afa0fc2611fd98897cd7c28adce0d71ddbf056191768	89cf6c33845e46e8a08ee5d1530d2b6ca358db3063a10ebe8596077a83e51861	b1b029e990406022c68b5f9bc51d82382999408be0682c840d953db672f73135	c4a75cce50e1c45f		Minidregg.Theory.TypedAuthorization.SubjectId → Minidregg.Kernel.PayCell.Cell → Minidregg.Theory.TypedAuthorization.Digest → Type
def	Minidregg.Kernel.RunComputeBudget.PreparedQuota.activation	17cbebec00568cd200d9a043f41401c4e9a60ec67e7420c22c129d878c5c65a9	0cfb68fa1ec1887fcebd34bbfcade5835b1f9ad7b34e2a7a59e6c4242414f13d	582765f754e0531b1d5b0d627f38b203c1827f57147ab8d4bde6026790c8d3c7	1da26068465f369c	Classical.choice,Quot.sound,propext	{subject : Minidregg.Theory.TypedAuthorization.SubjectId} → {pre : Minidregg.Kernel.PayCell.Cell} → {expectedRoot : Minidregg.Theory.TypedAuthorization.Digest} → Minidregg.Kernel.RunComputeBudget.PreparedQuota subject pre expectedRoot → Minidregg.Kernel.PayCell.ComputeActivation
def	Minidregg.Kernel.RunComputeBudget.PreparedQuota.before	061efa6d7669579fcbb129c8b8fa216cd5dec82d6bc654547609dc5f2b7cfa7b	6a8ecc941dc161d02eefc0e001ed1759e72009e33c061a29f3b353f5bb95624b	cdcc1ff09d1047c84f11cae9458e3e3534c85ed0b3cc9fa98e6c5579deaec4aa	6c178ff58e6ba143	Classical.choice,Quot.sound,propext	{subject : Minidregg.Theory.TypedAuthorization.SubjectId} → {pre : Minidregg.Kernel.PayCell.Cell} → {expectedRoot : Minidregg.Theory.TypedAuthorization.Digest} → Minidregg.Kernel.RunComputeBudget.PreparedQuota subject pre expectedRoot → Option Minidregg.Kernel.PayCell.ComputeUsage
def	Minidregg.Kernel.RunComputeBudget.PreparedQuota.post	e63d94d0bda34033140a2404083f06675eb9911be325a92481da31401be1e500	e2adebd20b7d3a4fdaf82997b28dc807f1d9fdbcc0558756accddd9c40512457	20663a8de14dc5ef443069e58acfbf477d74cd3cae044e569296a86960efd609	f19d42556e6fe85e	Classical.choice,Quot.sound,propext	{subject : Minidregg.Theory.TypedAuthorization.SubjectId} → {pre : Minidregg.Kernel.PayCell.Cell} → {expectedRoot : Minidregg.Theory.TypedAuthorization.Digest} → Minidregg.Kernel.RunComputeBudget.PreparedQuota subject pre expectedRoot → Minidregg.Kernel.PayCell.Cell
def	Minidregg.Kernel.RunComputeBudget.PreparedQuota.quoted	f259f841f8d58125ef2c9de2f215ebefb0358434fe809d690e9ff78210b44c92	5d4980892d2826dd0a4790cc194274a9ce80959688553e8c4ef7a4e6a06af70e	582ab658fe74407a6bda5b4ba32113a86d2d2b340cd8b48d4f89fa98f338f259	c652bc5623899b62	Classical.choice,Quot.sound,propext	{subject : Minidregg.Theory.TypedAuthorization.SubjectId} → {pre : Minidregg.Kernel.PayCell.Cell} → {expectedRoot : Minidregg.Theory.TypedAuthorization.Digest} → Minidregg.Kernel.RunComputeBudget.PreparedQuota subject pre expectedRoot → Minidregg.Kernel.RunComputeBudget.Quote
theorem	Minidregg.Kernel.RunComputeBudget.PreparedQuota.validated	b76ca6124e6851fa0cb7fca36c2c122cff0e8bfc47e9843e30476600776ce8fd	8014a1bac84e7824d12d02afb2739a157630edad657424712ed8137a28c9be62	0b2468226b130bb98812cd0d3c342bd0fa2c6ba5937abb1c38414cda3975ee83	966b6794f5407bc7	Classical.choice,Quot.sound,propext	∀ {subject : Minidregg.Theory.TypedAuthorization.SubjectId} {pre : Minidregg.Kernel.PayCell.Cell} {expectedRoot : Minidregg.Theory.TypedAuthorization.Digest} (self : Minidregg.Kernel.RunComputeBudget.PreparedQuota subject pre expectedRoot), Minidregg.Theory.CellState.ValidatedPatch Minidregg.Kernel.PayCell.materializer pre expectedRoot (Minidregg.Kernel.RunComputeBudget.usagePatch subject self.before self.quoted.after)
inductive	Minidregg.Kernel.RunComputeBudget.Quote	2bd0074612ff774aff5d4e4248a3e4ee76ca3768d05e35176c24eab6b94b5b91	16946b93ac38405660f51e475eb5aa7d25b54f5e5677e0f6a10a4526cc071cbf	1a16aa26df6b577496f569d5fd074090608d78fe80c7f4683336e9ec01b98950	70f2c9ac9024816b		Type
def	Minidregg.Kernel.RunComputeBudget.Quote.after	ac4a02618088ac6a2010d9477564084e646c6a7018851aecf05da1d0e4819ab8	dc762c1347eee2961a751e70e06563876cf841269c9ddb5f1e9db83e2e2e0fae	5c8bc90a6369d9c36256f50b5f9b5cc3c222d2dc0c129e98b58440e4677a123b	988e34b3a2e855a4	-	Minidregg.Kernel.RunComputeBudget.Quote → Minidregg.Kernel.PayCell.ComputeUsage
def	Minidregg.Kernel.RunComputeBudget.Quote.credits	eeb7db8e32e42e04872f517cc8749ca25355e8f784a2ccec443204e46e1c58c8	a125545435ec036e9c99fa0d1ae6c8f4b4b2e73e70919e7abcd816559a23b7c4	b256af391e320ee85d418acf606543aa4126de112a3219a4168fcdb6a9f687bc	64d068a1d9cf405f	-	Minidregg.Kernel.RunComputeBudget.Quote → ℕ
def	Minidregg.Kernel.RunComputeBudget.Quote.day	8cc25c66ebe88141b48b473791e853a4deaf305b5ce104260f1828c5a3a67bcc	a125545435ec036e9c99fa0d1ae6c8f4b4b2e73e70919e7abcd816559a23b7c4	32d4ce46a3803e2a9fe54476d6b941fa6cb60dfc4aad1e4ce82399af9167d732	03a4d5f92397a70f	-	Minidregg.Kernel.RunComputeBudget.Quote → ℕ
ctor	Minidregg.Kernel.RunComputeBudget.Quote.mk	b525599a0d2097dc34d7609718ee23199ac4f48df88c44af242ce2349c051440	3ad73908e2f77f56d0ab59af0e8aa00c54fdccf58415e71b6cd7b474dc1f4560	1da64853505a60a954a4791275f1dc3a2a81392ac80213bd5f11db0283b4ca2f	b2458b0117015f33		Minidregg.Theory.TypedAuthorization.SubjectId → ℕ → ℕ → ℕ → ℕ → Minidregg.Kernel.RunComputeBudget.Quote
def	Minidregg.Kernel.RunComputeBudget.Quote.steps	57a54dbbbddb19e1a544461f0ee4767214d0197d9ee9edab5bb6ddb5e92a879f	a125545435ec036e9c99fa0d1ae6c8f4b4b2e73e70919e7abcd816559a23b7c4	00d0ab06b11e916a52a7d938bb60437e0bc3f5c7fd5fbcd95078431f0938196e	3cbf33fd2aa4ebe5	-	Minidregg.Kernel.RunComputeBudget.Quote → ℕ
def	Minidregg.Kernel.RunComputeBudget.Quote.subject	dd8074ad1c01bcb4a8ad8d92e0b40b9102436d4b783f62da27196eb8568b09a1	dfb02cf156b450ea90901c1b359d64ac7b7048dde80fdd24dd2595bf8b1fcff2	db21a73168574ece4404ebd679f172c3ad3f96566e5d0ab08cf60c4003bae0d7	6b559be02d2ec33d	-	Minidregg.Kernel.RunComputeBudget.Quote → Minidregg.Theory.TypedAuthorization.SubjectId
def	Minidregg.Kernel.RunComputeBudget.Quote.usedBefore	ddd2120af00c957482d5823aca7eb5246f3a0cc498311fd957313c20cdb4a94c	a125545435ec036e9c99fa0d1ae6c8f4b4b2e73e70919e7abcd816559a23b7c4	9c4d3e92fa878e8b1c4f3974b02e1901fa032735dcb14dcaca43fe627aeb72d9	d0fadc5ab8310ac5	-	Minidregg.Kernel.RunComputeBudget.Quote → ℕ
inductive	Minidregg.Kernel.RunComputeBudget.Reject	868af4d006e125c23ac907c275f621855fe89e09f0a8e433bb41b9763c1f1a84	16946b93ac38405660f51e475eb5aa7d25b54f5e5677e0f6a10a4526cc071cbf	82bdcdc17d7d173e35e8d5fbbda554928c3b4988e6695d443d9058447dc3ee2e	77523f1013f1e196		Type
ctor	Minidregg.Kernel.RunComputeBudget.Reject.activationInvalid	a2730e77daa7a6e474560f51ed099bee410202197d619c855634ab2aa7ddb88b	608c26ad823edee10c458fa91795b5bf01002dcfef64143732b3b4cac8c518f9	7798842040724bdc45586a5e356b30267f088f1cfb0788245c7396952abb2be8	732ab8482ab2735a		Minidregg.Kernel.RunComputeBudget.Reject
def	Minidregg.Kernel.RunComputeBudget.Reject.activationInvalid.elim	39b231f9a05ddc9c65b9ed035600f5c3975e267cabeee3a3628ff65e85adce9b	bc6d09ff247f7d68b9462f8f9e0761fae22c8046503d42a1bdf2820ddd04c4e4	6a8efc0e1616098345de83d147dfbe5917a90bd15b29c4fad1494326d5cf93eb	ddab89f346fea3e2	-	{motive : Minidregg.Kernel.RunComputeBudget.Reject → Sort u} → (t : Minidregg.Kernel.RunComputeBudget.Reject) → t.ctorIdx = 1 → motive Minidregg.Kernel.RunComputeBudget.Reject.activationInvalid → motive t
ctor	Minidregg.Kernel.RunComputeBudget.Reject.beforeActivation	e1cdfa6e24eb3076d275d7e86960aee1a463612f697a32077a19bd5ca8c31a9e	608c26ad823edee10c458fa91795b5bf01002dcfef64143732b3b4cac8c518f9	c7056545f7dee674d5e32bcc98547e1f75c1b01ed706f47d3172f8df3e6cec60	18cf24f08e1319dd		Minidregg.Kernel.RunComputeBudget.Reject
def	Minidregg.Kernel.RunComputeBudget.Reject.beforeActivation.elim	b892787bd8f5b6284e67e923a723324e86814b16074f6b05a8e0f34cce9764f9	b02f77b6f947bbd84fe414cc3ea2cfca305107b4db4841e0b2c06d4432102e61	a976f8d89241ec74e8c46d0dd3d1eafee1dad83c335c3d1eaf4313bd7ae75089	f48fa8241df3abdc	-	{motive : Minidregg.Kernel.RunComputeBudget.Reject → Sort u} → (t : Minidregg.Kernel.RunComputeBudget.Reject) → t.ctorIdx = 2 → motive Minidregg.Kernel.RunComputeBudget.Reject.beforeActivation → motive t
ctor	Minidregg.Kernel.RunComputeBudget.Reject.bookRefused	ef08f3057cf2ef77089ebb482e5e67018d4d4edfb7385af8b83610b849d99d6c	608c26ad823edee10c458fa91795b5bf01002dcfef64143732b3b4cac8c518f9	70d32ccdd13859026aa9a8a7ca66f5640b27e8f0c3b2391173d32383b5d37730	770510fb28090981		Minidregg.Kernel.RunComputeBudget.Reject
def	Minidregg.Kernel.RunComputeBudget.Reject.bookRefused.elim	4bb28d96bf41a08d08951aad68c2b7e3b690cddb557737ba571a258b3fc519d2	9c6bd7b54e8d699fd9862b46b3643fb03c55928e9f4ea7106c589a51def19cf2	0429d4cc2321be48843687ab38682d507d64ba2a5f62a548816ed8c433bccfec	ff55435f3e29f71c	-	{motive : Minidregg.Kernel.RunComputeBudget.Reject → Sort u} → (t : Minidregg.Kernel.RunComputeBudget.Reject) → t.ctorIdx = 14 → motive Minidregg.Kernel.RunComputeBudget.Reject.bookRefused → motive t
ctor	Minidregg.Kernel.RunComputeBudget.Reject.checkedStepsChanged	96698b55e9dc40ac5b495c7b8af216b862eea822990fda515640b22f77552035	608c26ad823edee10c458fa91795b5bf01002dcfef64143732b3b4cac8c518f9	40938a3e015c472461072f5f043323f2b9f8b9ec04c5d81736f8021caf6659b2	f36869dd8e82ece7		Minidregg.Kernel.RunComputeBudget.Reject
def	Minidregg.Kernel.RunComputeBudget.Reject.checkedStepsChanged.elim	f0a13838c73c0b1286b818761b78f1db432669a9463d77ff57f0b18a3da648e6	8c3f89005586e28e934fbaa7f0617418b5f892819112c15ca4a1d02ff204d010	a49b3833190b8f5d587b6a0c240ea7eca7b275b118a8ddbb3680259d137dd391	f56fcd22a3c47b56	-	{motive : Minidregg.Kernel.RunComputeBudget.Reject → Sort u} → (t : Minidregg.Kernel.RunComputeBudget.Reject) → t.ctorIdx = 15 → motive Minidregg.Kernel.RunComputeBudget.Reject.checkedStepsChanged → motive t
ctor	Minidregg.Kernel.RunComputeBudget.Reject.clockBeforeUsage	6f3f4a511bf84127595ffcdba5e150d8cbba5359ea440291c2a1b3362a8cd0f0	608c26ad823edee10c458fa91795b5bf01002dcfef64143732b3b4cac8c518f9	820164f68a0b4c1850dc95b33d9c7b8905e902443f338ae4a473f12028e037fc	7d43f400f95a4048		Minidregg.Kernel.RunComputeBudget.Reject
def	Minidregg.Kernel.RunComputeBudget.Reject.clockBeforeUsage.elim	10c6f8db7815043d4e0cfd9f5eb17fad2a9a745664a61853df72b7c3cdbba6ec	2cef3a5d01a865caabb96ba0140000bc3605de016ccdf5d1dc5b59241aeaf844	276c7e81391da22e11ed725fa60a9c4b17fff86a968d522b27807f1558403bed	631b3bd8ff48f246	-	{motive : Minidregg.Kernel.RunComputeBudget.Reject → Sort u} → (t : Minidregg.Kernel.RunComputeBudget.Reject) → t.ctorIdx = 4 → motive Minidregg.Kernel.RunComputeBudget.Reject.clockBeforeUsage → motive t
ctor	Minidregg.Kernel.RunComputeBudget.Reject.computeInactive	d6588da10a9323dd1a35e883bcca53ec58df2adb8e9e5fb37a632c4b3ef704d1	608c26ad823edee10c458fa91795b5bf01002dcfef64143732b3b4cac8c518f9	810381dd632ba4b06cb555b2dfdc81d76539778e9b7e798fa8730581c50e3051	74162b30dcef3659		Minidregg.Kernel.RunComputeBudget.Reject
def	Minidregg.Kernel.RunComputeBudget.Reject.computeInactive.elim	6d5f30cc316068732c4874fbc563695fad1f779ffa1b36a4e4e9aa403e29e2f8	e0d61e88e951d74882d8e0021c0efaf52b9e81f8457677649f4c9d8ac8a1f235	4ddc32884c7a456db06a45bcbec234c9d488fd52a37d54eacaa276f4a2be68bd	3ba0c3be86c3dede	-	{motive : Minidregg.Kernel.RunComputeBudget.Reject → Sort u} → (t : Minidregg.Kernel.RunComputeBudget.Reject) → t.ctorIdx = 0 → motive Minidregg.Kernel.RunComputeBudget.Reject.computeInactive → motive t
ctor	Minidregg.Kernel.RunComputeBudget.Reject.fundingAmount	253777763a8f5ac6cafef72fbd7b7bab9f4eaff190edff6eaded355a73dc4d71	608c26ad823edee10c458fa91795b5bf01002dcfef64143732b3b4cac8c518f9	1605e25d4fee7fe0c2ccdb3ee9c9cad34b722df5b5419b8fdfbbe260513354b8	2982d96a1a105ebe		Minidregg.Kernel.RunComputeBudget.Reject
def	Minidregg.Kernel.RunComputeBudget.Reject.fundingAmount.elim	443f3b9873e3ee30695e4b75e137cc90c0641e8326fd94a76c375868827a4ee8	927edd09fa1d29ab828b1539891c90a99b83fdef24655167b3db28d71f1e2d6f	6bd5b237bafe1160cd831369616d572082bd9111db2de5294398e124c321fa01	7c64f523b5afc21d	-	{motive : Minidregg.Kernel.RunComputeBudget.Reject → Sort u} → (t : Minidregg.Kernel.RunComputeBudget.Reject) → t.ctorIdx = 10 → motive Minidregg.Kernel.RunComputeBudget.Reject.fundingAmount → motive t
ctor	Minidregg.Kernel.RunComputeBudget.Reject.malformedFunding	b1df8074e4caf051a04bba50343977559147b119d0b5a3d7c6abb050ac0086c6	608c26ad823edee10c458fa91795b5bf01002dcfef64143732b3b4cac8c518f9	6f3aca67f790ffe540700d84600154ac431a28e5badd4d03b804b26f8040a7de	d9a6e7a9ab3784b3		Minidregg.Kernel.RunComputeBudget.Reject
def	Minidregg.Kernel.RunComputeBudget.Reject.malformedFunding.elim	fa9c5c5100b23fb859236a90cbd3e9cee2ebeae4aa1371cee5de800ba7c700a3	880a5d0444a90d91f34f7b7f971ffe2866e785f77178cf0b2a9f8e64284216f6	a9c00d12cbad938d4fb35f9b8214678e68f5f1092bbe44ce7228dc31f5841f00	07c01cb1f5207549	-	{motive : Minidregg.Kernel.RunComputeBudget.Reject → Sort u} → (t : Minidregg.Kernel.RunComputeBudget.Reject) → t.ctorIdx = 8 → motive Minidregg.Kernel.RunComputeBudget.Reject.malformedFunding → motive t
ctor	Minidregg.Kernel.RunComputeBudget.Reject.missingFunding	4cae30372c80b226f70275e7711258304756b0673aadc477b2c95cfe25a0b27f	608c26ad823edee10c458fa91795b5bf01002dcfef64143732b3b4cac8c518f9	425f5b9b0a7da935ba96f8eae2938ab6fee6bb1559629cbecdf9ce4c52b1e1ab	d38721995e8975c0		Minidregg.Kernel.RunComputeBudget.Reject
def	Minidregg.Kernel.RunComputeBudget.Reject.missingFunding.elim	c31ecf4446d1827a88595e81a994c32c7a4ab3a2e1f71423260a4bc66951bd2a	e39c6a0b66bfadb435e8bf5670b02869780f6c45f634f133e60dc68bc65f20c4	cf40fe4c82bde15931fec3ae384449f27773d96c66773a8bac28cdfe096d0a1d	c4979b5b5eaa116c	-	{motive : Minidregg.Kernel.RunComputeBudget.Reject → Sort u} → (t : Minidregg.Kernel.RunComputeBudget.Reject) → t.ctorIdx = 7 → motive Minidregg.Kernel.RunComputeBudget.Reject.missingFunding → motive t
ctor	Minidregg.Kernel.RunComputeBudget.Reject.payerIsIssuer	550a823e0743cb02c8098257dcf32e15ab540da2cac576fc0f150b0cb79c50df	608c26ad823edee10c458fa91795b5bf01002dcfef64143732b3b4cac8c518f9	5712d68c17b3487af918c2dc4c7ca9188f84912e05465b6042ba53f24fe2ec70	a2b87b7270fa5888		Minidregg.Kernel.RunComputeBudget.Reject
def	Minidregg.Kernel.RunComputeBudget.Reject.payerIsIssuer.elim	74b944f86e7cad05e8d4da8245e70e5f1a22a2ccdcdff6ded069f4f1ed3954ba	8ff9e68c4595341a6cb915025f1a647d932f59c8f2621e8476b605e14a0c8792	3d240c26a005b9992a07e4ecfb85add439812620481d4bef6c1b1b71fc3e8396	b6d390822496e649	-	{motive : Minidregg.Kernel.RunComputeBudget.Reject → Sort u} → (t : Minidregg.Kernel.RunComputeBudget.Reject) → t.ctorIdx = 11 → motive Minidregg.Kernel.RunComputeBudget.Reject.payerIsIssuer → motive t
ctor	Minidregg.Kernel.RunComputeBudget.Reject.stalePayRoot	6ad8da062476bc9187a54137b408ebb3e6ab34b8bea8cfbb4a3671230b124cfa	608c26ad823edee10c458fa91795b5bf01002dcfef64143732b3b4cac8c518f9	a6b6413d6b9ae00db105686c951a5107a6363c1906819fde4fae8bc508512ae5	bd7d9ff638f711e4		Minidregg.Kernel.RunComputeBudget.Reject
def	Minidregg.Kernel.RunComputeBudget.Reject.stalePayRoot.elim	ee06623960d15ad927219bbb3e54e278b6a0c30105f42c3520bdc23794da919b	212024bd7fa22c1fc76ab55b3c6b97f2784f473ceb9039c87a31d4d5f136d785	763f949155489a58a42ea646a14f4ccb55d2cb452b102ecff3521d8fa471347e	f5a77b77830dc010	-	{motive : Minidregg.Kernel.RunComputeBudget.Reject → Sort u} → (t : Minidregg.Kernel.RunComputeBudget.Reject) → t.ctorIdx = 5 → motive Minidregg.Kernel.RunComputeBudget.Reject.stalePayRoot → motive t
ctor	Minidregg.Kernel.RunComputeBudget.Reject.stalePayerBalance	dc182cb4e58f132f91bcf5b4144579c380b8bd59141eb1fd486f8a6c9deab691	608c26ad823edee10c458fa91795b5bf01002dcfef64143732b3b4cac8c518f9	9fe0dd8530c6e87b5dcc61b70d486b4a045dc2d63e61c8fb17d64e679df7f4a9	90866561dda614eb		Minidregg.Kernel.RunComputeBudget.Reject
def	Minidregg.Kernel.RunComputeBudget.Reject.stalePayerBalance.elim	1078039ef85d5f6b4fdb610b90044525491e727a7406091d97573d2c70819c96	906c0cb93f2bfca0080c63973e5badee4994bdd8526455d616577e7336a5b3e7	dc04f369657cbf70afe01a637643ffa321fe40a27d42af77937c4c210ea2f89e	eaa35cbb3259c88c	-	{motive : Minidregg.Kernel.RunComputeBudget.Reject → Sort u} → (t : Minidregg.Kernel.RunComputeBudget.Reject) → t.ctorIdx = 12 → motive Minidregg.Kernel.RunComputeBudget.Reject.stalePayerBalance → motive t
ctor	Minidregg.Kernel.RunComputeBudget.Reject.staleWellBalance	0df370d08890c943a5724712b01bf681f2ff8cf2243c55e51e097402e978ea5b	608c26ad823edee10c458fa91795b5bf01002dcfef64143732b3b4cac8c518f9	6cc19224dd9c39918fe1fbc66e9983ba01d4432aa6e0536fcd7c839ba02ce3f8	ef9575711325c6c2		Minidregg.Kernel.RunComputeBudget.Reject
def	Minidregg.Kernel.RunComputeBudget.Reject.staleWellBalance.elim	0eb37401e8d0a1e69197e7d00367c757669bf908e1bc0d12c67eda47113a72c6	f342dba6a2e6c4cf4588af2c9caf037c988b13c1e8814d71f3633bf19fe6e993	9c0b3bad76aae0453774828401c8eae51d3c8cfa3d0cde55ee90b0f3129c91ad	9e797948d9b12802	-	{motive : Minidregg.Kernel.RunComputeBudget.Reject → Sort u} → (t : Minidregg.Kernel.RunComputeBudget.Reject) → t.ctorIdx = 13 → motive Minidregg.Kernel.RunComputeBudget.Reject.staleWellBalance → motive t
ctor	Minidregg.Kernel.RunComputeBudget.Reject.tariffInvalid	4e80115f594be7c7a3c66bd82ccc049d47666964f1f27c087c9015aaf94fccd7	608c26ad823edee10c458fa91795b5bf01002dcfef64143732b3b4cac8c518f9	7c4554df6e5dd9150ef43624ab2a0d675b77d6ba809f57d47c13a3f5b8489d94	4abe3a2c027f04c1		Minidregg.Kernel.RunComputeBudget.Reject
def	Minidregg.Kernel.RunComputeBudget.Reject.tariffInvalid.elim	e50e3e93f075d5e554f210c1a0050b43a00f81df0a7c6766a59270a54f302d2e	9164e251636ed6c43c8aeb381b39456f5925010240c3dba6071503974123ca18	8168f5cbe5eb23b0fce2f9170503f73144afd4d3b7a0a1f9e630573becd8d7e1	bfbaae9307e6bc75	-	{motive : Minidregg.Kernel.RunComputeBudget.Reject → Sort u} → (t : Minidregg.Kernel.RunComputeBudget.Reject) → t.ctorIdx = 9 → motive Minidregg.Kernel.RunComputeBudget.Reject.tariffInvalid → motive t
ctor	Minidregg.Kernel.RunComputeBudget.Reject.usageBeforeActivation	6c10fcaa4c8c89b4010ce1e0be5c212e91f0f03cfd7e4f15d0bed2624525ce4d	608c26ad823edee10c458fa91795b5bf01002dcfef64143732b3b4cac8c518f9	4af2971c275e5abd9f481435a1eee5373105cd898db41438c5bc31cfeb425ec5	e336628dcaa668b4		Minidregg.Kernel.RunComputeBudget.Reject
def	Minidregg.Kernel.RunComputeBudget.Reject.usageBeforeActivation.elim	4254498c78e4493774751b795b12ff2f7978e4c4e2108bb7206a8cbe234e3be0	bf6c40565b1747824d66abd59be69e0a16cc4bc33f214bed83e8aff15e4cb482	b19fc26ee261dbae074bb8ac50dce28dd1797022cd5ab31136e59ea4372ffb0a	30b524a80525a922	-	{motive : Minidregg.Kernel.RunComputeBudget.Reject → Sort u} → (t : Minidregg.Kernel.RunComputeBudget.Reject) → t.ctorIdx = 3 → motive Minidregg.Kernel.RunComputeBudget.Reject.usageBeforeActivation → motive t
ctor	Minidregg.Kernel.RunComputeBudget.Reject.usagePatch	2e72e94ed4820cbbb3dd26be434123981de6069ff8574ad65579bb828ee7512d	0d711f105f5f68b3268e64e437b055c353c8e2f5c86a46cee1b73e2abd43a9a0	25495667aff4268fd98d4122aa5ac736626a317df66c0e3b80dc90528bdf8507	115071fe95fb814d		Minidregg.Theory.CellState.RejectReason → Minidregg.Kernel.RunComputeBudget.Reject
def	Minidregg.Kernel.RunComputeBudget.Reject.usagePatch.elim	7b508cde4e086b8e5aaf934e6c6635811cd8201ce0a1d609d47b1ac5c0c5cda7	28b4794171e803c51bfc700bb49d06f3583804d405522d4baa4cb51ecdcc3156	406e50b2644151fdf4c1d8be3610e0f4d0162f73a92eb1293891fc0204cbbaad	8520d9407216962c	-	{motive : Minidregg.Kernel.RunComputeBudget.Reject → Sort u} → (t : Minidregg.Kernel.RunComputeBudget.Reject) → t.ctorIdx = 6 → ((reason : Minidregg.Theory.CellState.RejectReason) → motive (Minidregg.Kernel.RunComputeBudget.Reject.usagePatch reason)) → motive t
def	Minidregg.Kernel.RunComputeBudget.burnBatch	56b20e4ba683b5d3e7cd9e6764e403cca2c6d348512c54993063792b501cff09	dd438874ed67adcc84563c3c15dab22b9cea07575a929664dabe2eaadd2ff9ba	38206afe0d19f22e0008f8d7c387cf3dbe24148d8bae2939699832db5c8a2271	b1d4325cf8912418	-	Option Minidregg.Kernel.RunComputeBudget.Funding → Minidregg.Theory.CanonicalResourceKernel.Batch
def	Minidregg.Kernel.RunComputeBudget.confirmCheckedSteps	a58ff63692c9cd7b1e20c91d5c48593fef66d1c9df70e3a9b8629d3326865251	395d8fc53b80a4ccd2f12ed229a5253a792394ed31830ca1153fb9c6a2788da4	0f22355d189c61523693b14cfbcf52cc7111b92f3f0ed8e1a46de42959d80dac	5fab30426f86239b	Classical.choice,Quot.sound,propext	{subject : Minidregg.Theory.TypedAuthorization.SubjectId} → {payPre : Minidregg.Kernel.PayCell.Cell} → {payRoot : Minidregg.Theory.TypedAuthorization.Digest} → {bookPre : Minidregg.Kernel.RunComputeBudget.BookCell} → (prepared : Minidregg.Kernel.RunComputeBudget.Prepared subject payPre payRoot bookPre) → (checkedSteps : ℕ) → Except Minidregg.Kernel.RunComputeBudget.Reject (Minidregg.Kernel.RunComputeBudget.CheckedSteps prepared checkedSteps)
def	Minidregg.Kernel.RunComputeBudget.freeStepsPerDay	1097aebc3b0ecd2a1298597c469a0b73d2be1cffb70c5fd95ba6a4b921e771fb	262031efa78118253ab59dd88036fcb9d33881bac4c94e8c1214aa7cc21b5d15	51c789cb61a67349680a66c395105caab8310e234011d8445c67c63a6b31250e	1bb9e53b97cd37e4	-	ℕ
def	Minidregg.Kernel.RunComputeBudget.paidSteps	ad830e6fbbe719b808287ebde65d654e96fe58d1f7aa2e999da07a079504e66c	5953a7dd9cbf6f8081cc674a88ccbdfa94bdbdcd74c751c425f66edc3204581e	977a11df961b52bc73ccaa30d6d0910193f0623843d1f355748c27ac75c7d843	c2dfb07289fdc274	-	ℕ → ℕ → ℕ
theorem	Minidregg.Kernel.RunComputeBudget.paidSteps_cumulative	543080c383045da689182c2fc0708db01edd1491fe2ecf0378e63f92bc28df15	78fe7865375dd1fb3a3d1ef7f5d75879c2eefce168375db7b5a1cb7e5a222214	a1e1751f5efc64843e08b86e0359535fd77a9eb0535032b3cddc052fcb61a5cc	c1fb73581dd74a78	Quot.sound,propext	∀ (used steps : ℕ), Minidregg.Kernel.RunComputeBudget.paidSteps used steps = used + steps - Minidregg.Kernel.RunComputeBudget.freeStepsPerDay - (used - Minidregg.Kernel.RunComputeBudget.freeStepsPerDay)
theorem	Minidregg.Kernel.RunComputeBudget.paidSteps_le_steps	21cdd4ec61f27fa43f75891737e205ee5612255af6dc0c0c17aa71a0d2b10120	d3f64f193af2aaf0a804043c57155dbbcc5970d8d9de340118a4d761dabc071d	56c8ad28f7fd95570898dc2dfd9c9dfa3eab1d205b83b55d51e2240820085cc2	9cb8b7a4f2476636	-	∀ (used steps : ℕ), Minidregg.Kernel.RunComputeBudget.paidSteps used steps ≤ steps
theorem	Minidregg.Kernel.RunComputeBudget.paidSteps_split	c5f58726185636f531d59bf813dd282d4ef7f8b5b7a49d3282169c5f9bea9996	0832f074009cf2902e09c8328276ef2d5bb85eacaa276921230ac5ed89e44ed3	000be3771ee67fb8436c92191a79e0472a67afa87eef0d128786ad440803873a	377ed003670b907d	Quot.sound,propext	∀ (used first second : ℕ), Minidregg.Kernel.RunComputeBudget.paidSteps used first + Minidregg.Kernel.RunComputeBudget.paidSteps (used + first) second = Minidregg.Kernel.RunComputeBudget.paidSteps used (first + second)
def	Minidregg.Kernel.RunComputeBudget.prepare	e051df8f9eaf541a97875ef62cb8d1d07d5256a83b2aa50e1c30d80caa6dde32	139293bf0999bf5891e4253cb50fe209a2f4bd456c29aae36d6946342a49b1ec	b490c7bd3d03e877604b95379c466a48b7cf2ba4cded0c053c5826f7c8e1a84b	8bff55f616169272	Classical.choice,Quot.sound,propext	(subject : Minidregg.Theory.TypedAuthorization.SubjectId) → Minidregg.Kernel.ClockCell.Clock → (payPre : Minidregg.Kernel.PayCell.Cell) → (payRoot : Minidregg.Theory.TypedAuthorization.Digest) → (bookPre : Minidregg.Kernel.RunComputeBudget.BookCell) → ℕ → Option Minidregg.Kernel.RunComputeBudget.Funding → Except Minidregg.Kernel.RunComputeBudget.Reject (Minidregg.Kernel.RunComputeBudget.Prepared subject payPre payRoot bookPre)
def	Minidregg.Kernel.RunComputeBudget.prepareBook	a95f6cac9caf07eccb58066f1da7c6349ef5c7f83bdbdcdcdc1e2b83eba174a8	a4861bed9fd22a3411e579b3f54be1649b1d3a3668df76a8fdc1fb00a9b8b742	17a87436bc8146d9aba89a5bd305ef5b024d73c4862dce04826a0e754b4a89f2	10de8be0415413a5	Classical.choice,Quot.sound,propext	(pre : Minidregg.Kernel.RunComputeBudget.BookCell) → Option Minidregg.Kernel.PayTariff.Tariff → ℕ → Option Minidregg.Kernel.RunComputeBudget.Funding → Except Minidregg.Kernel.RunComputeBudget.Reject (Minidregg.Kernel.RunComputeBudget.PreparedBook pre)
def	Minidregg.Kernel.RunComputeBudget.prepareQuota	6c82307b8242c0c3f4ae64a950656f4cfb759c1f8bf7ea39f19ff25606ffa136	eaa6d393fa808d8cfcd39a6744d6f41837f6bca6d9e5ef0bc1267da8569d31e0	f339df7b9efb95ade018f889449671cff10074bc93e4bdc44d76f1ae37e3a975	e265f988d7714cd8	Classical.choice,Quot.sound,propext	(subject : Minidregg.Theory.TypedAuthorization.SubjectId) → Minidregg.Kernel.ClockCell.Clock → (pre : Minidregg.Kernel.PayCell.Cell) → (expectedRoot : Minidregg.Theory.TypedAuthorization.Digest) → ℕ → Except Minidregg.Kernel.RunComputeBudget.Reject (Minidregg.Kernel.RunComputeBudget.PreparedQuota subject pre expectedRoot)
def	Minidregg.Kernel.RunComputeBudget.quote	7b05211c69729fb81d46df77608dd7bea87bd8aafb00a6aa01c459d3732b32c0	b5760dd8acc79f3fcb5c50a72031d284ddd947b6848ce01ca9074d4a0b49ea15	d8f7b6b5a0e2f19725fb8be49674fcd7e56fdd9dfb678ec46f1e14238525a74d	020bb44720626ed3	-	Minidregg.Theory.TypedAuthorization.SubjectId → Minidregg.Kernel.ClockCell.Clock → Minidregg.Kernel.PayCell.ComputeActivation → Option Minidregg.Kernel.PayCell.ComputeUsage → ℕ → Except Minidregg.Kernel.RunComputeBudget.Reject Minidregg.Kernel.RunComputeBudget.Quote
def	Minidregg.Kernel.RunComputeBudget.usagePatch	e1f2ff617cc23cfa2fabf6fa0afe92f516476588ce6992cc8e55d0f62f3b91f2	3e9a57124798aa7d88799e5bf54168ac4d77d3700499ef32ea6c7324619b5199	0db60c7a0cc64b4f33f4106a2ab0acc36d54ca0f835489317facb356945ca80f	b54f2a5d62f96576	-	Minidregg.Theory.TypedAuthorization.SubjectId → Option Minidregg.Kernel.PayCell.ComputeUsage → Minidregg.Kernel.PayCell.ComputeUsage → Minidregg.Theory.Store.Patch Minidregg.Kernel.PayCell.layout
theorem	Minidregg.Kernel.RunComputeBudget.usagePatch_frame	8730b1fe9b540b534ad7398c6926418032f85f1dffe9e5c5bb9dbfbb496bdcec	e53d4deb5504ba1f133f4069dec4edbc777785f0ed6a2904c313cc3bb22bf6bc	059af42dfea9a7a0f779cad50bed453a80434e6a9cd1c8eecad0904fc7feb602	791849ad2ebe7454	Classical.choice,Quot.sound,propext	∀ (store : Minidregg.Kernel.PayCell.PayStore) (subject : Minidregg.Theory.TypedAuthorization.SubjectId) (before : Option Minidregg.Kernel.PayCell.ComputeUsage) (after : Minidregg.Kernel.PayCell.ComputeUsage) (address : Minidregg.Theory.Store.Address Minidregg.Kernel.PayCell.layout), address ≠ Minidregg.Kernel.PayCell.computeUsageAddress subject.value → (Minidregg.Theory.Store.Patch.run store (Minidregg.Kernel.RunComputeBudget.usagePatch subject before after)) address = store address
ctor	private Minidregg.Kernel.RunComputeBudget.CheckedSteps.mk @Kernel.RunComputeBudget	08ee071a015cb68eaddd5f3d56862b1530212e79d52b3401a77d3573a032937f	efc460481702fdec7b3ba762ad64cf99eb9121349a95034ff484198310c80099	6cb6d8881f23fb17e1971d114c3701b74a3729b3a16380839ddcf4ade66f349c	6b9c09aafcac77e6		{subject : Minidregg.Theory.TypedAuthorization.SubjectId} → {payPre : Minidregg.Kernel.PayCell.Cell} → {payRoot : Minidregg.Theory.TypedAuthorization.Digest} → {bookPre : Minidregg.Kernel.RunComputeBudget.BookCell} → {prepared : Minidregg.Kernel.RunComputeBudget.Prepared subject payPre payRoot bookPre} → {checkedSteps : ℕ} → prepared.quota.quoted.steps = checkedSteps → Minidregg.Kernel.RunComputeBudget.CheckedSteps prepared checkedSteps
ctor	private Minidregg.Kernel.RunComputeBudget.Prepared.mk @Kernel.RunComputeBudget	8615ec9bddad1ee7e39c9fa4d674e4b3162a89b8cfadfe605799a46919c71d4c	a332cb03fe3871722f30650890598fc5290156381eda3307d5dcb30f2b74c2f6	a1fb1d515097c5bc1b5d9e431b7c9be317b3eec5e1564a676f8b097a986dc124	9546b0d5f48950d7		{subject : Minidregg.Theory.TypedAuthorization.SubjectId} → {payPre : Minidregg.Kernel.PayCell.Cell} → {payRoot : Minidregg.Theory.TypedAuthorization.Digest} → {bookPre : Minidregg.Kernel.RunComputeBudget.BookCell} → (quota : Minidregg.Kernel.RunComputeBudget.PreparedQuota subject payPre payRoot) → (book : Minidregg.Kernel.RunComputeBudget.PreparedBook bookPre) → book.credits = quota.quoted.credits → Minidregg.Kernel.RunComputeBudget.Prepared subject payPre payRoot bookPre
ctor	private Minidregg.Kernel.RunComputeBudget.PreparedBook.mk @Kernel.RunComputeBudget	29de5e1ecd5663a23563a736b3d47dbd4052cd8a1ec7d79ecd366f90bb1bbb1f	5b7d37723eb67b7df270c39c2e1731be603d7b6f72f84d7ec2334a4bc7abc354	c3f408cdf957ea25a668fd9fad177a1b7a191e4b976a399e364ad432551d7bda	6773d653c9207cac		{pre : Minidregg.Kernel.RunComputeBudget.BookCell} → (funding : Option Minidregg.Kernel.RunComputeBudget.Funding) → (credits : ℕ) → (Option.map Minidregg.Kernel.RunComputeBudget.Funding.credits funding).getD 0 = credits → Minidregg.Theory.CanonicalResourceKernel.AcceptedBatch pre (Minidregg.Kernel.RunComputeBudget.burnBatch funding) → Minidregg.Kernel.RunComputeBudget.PreparedBook pre
ctor	private Minidregg.Kernel.RunComputeBudget.PreparedQuota.mk @Kernel.RunComputeBudget	35d5975e3a14dd12fb4ad9df038321dd374ab9d6c18893d9052c69edf1ed1c3a	6d39bd494482a88dc39c58072776d5b4378c0960b85868fc32b9f82ed3566ae7	f297688350009b642b5e8402c67f5a82132f0c390f3ae754c628913cd688d1ca	90eb8cf3faae77a0		{subject : Minidregg.Theory.TypedAuthorization.SubjectId} → {pre : Minidregg.Kernel.PayCell.Cell} → {expectedRoot : Minidregg.Theory.TypedAuthorization.Digest} → Minidregg.Kernel.PayCell.ComputeActivation → (before : Option Minidregg.Kernel.PayCell.ComputeUsage) → (quoted : Minidregg.Kernel.RunComputeBudget.Quote) → Minidregg.Theory.CellState.ValidatedPatch Minidregg.Kernel.PayCell.materializer pre expectedRoot (Minidregg.Kernel.RunComputeBudget.usagePatch subject before quoted.after) → Minidregg.Kernel.RunComputeBudget.PreparedQuota subject pre expectedRoot
