# Kernel.FnConsumerFrontierCore: Objective contract manifest. Written by `scripts/check-objective-proofs.sh proofs --pin`;
# a removed or changed row needs a line in scripts/gates/objective-contract-changes.txt.
inductive	Minidregg.Kernel.FnConsumerFrontierCore.Candidate	21f1a25c12e1b60417948ba059677faf93a965a873fbc9579a25b098411436ee	16946b93ac38405660f51e475eb5aa7d25b54f5e5677e0f6a10a4526cc071cbf	8e16dbbff4562d7192a2822f8cf1bfe7937c019037e0095f3b36290ae68931f1	6a30ee589575f88e		Type
def	Minidregg.Kernel.FnConsumerFrontierCore.Candidate.fromPosition	08bc5134f9a16b5a9264141cca661db502a06cfe67dc015d2989639945f3b812	f3871cd74baaa489aa3be145344970c5cf7ec0e8b7dcbf53ba512a0f9e2d40ae	e4fd3a848cdc0e97b7ad4c6b78481b6c45e5491cbe6bee0d625214905f0d2e87	9b8a181bf84d1605	-	Minidregg.Kernel.FnConsumerFrontierCore.Candidate → ℕ
def	Minidregg.Kernel.FnConsumerFrontierCore.Candidate.key	6f448532456a007a9cdfef57fcc7b8600cddf0cf4a89c2f218a14e96bac27cf3	2fd190be6b482ebe4ac293400d69c9f04e2d501c86f5018b6c960e0843a869ed	0a353fe748bcd7961eade4ac18c80fef216fce4e3548ef5da2490e2e64bf8dbb	76e05a3bd599ad3b	-	Minidregg.Kernel.FnConsumerFrontierCore.Candidate → Minidregg.Kernel.FnConsumerFrontierCore.Key
def	Minidregg.Kernel.FnConsumerFrontierCore.Candidate.kind	31c76bb8f3b753304eaee9f5343cdc111613136a796b3ae6e1311e967e820dc3	affeeb00f151d408d5000468efe02a2fac8ec705bb4443c1c61b791bb0a3da0b	540933cfc84db100aaee9c64aa4a786fce37ef699fb476ba5839232292edf5cf	40bb4b6b788f9573	-	Minidregg.Kernel.FnConsumerFrontierCore.Candidate → Minidregg.Kernel.FnConsumerFrontierCore.Kind
ctor	Minidregg.Kernel.FnConsumerFrontierCore.Candidate.mk	199c8cabf6c6f3577798edbb79323976804f5638b70a25db92be5948a04fa538	a8ea6ce8a4545bfb57c87d7a35ba554be9914bb60e7c78e336bb3e4248b310e1	361c005b07ed906f08b6188853c91fb05691640d91e70646a4b446f2bb29243d	be4482903946231f		Minidregg.Kernel.FnConsumerFrontierCore.Key → Minidregg.Kernel.FnConsumerFrontierCore.Kind → ℕ → ℕ → Option ℕ → Option Minidregg.Compiler.NativeHostCodec.Receipt → Minidregg.Kernel.FnConsumerFrontierCore.Candidate
def	Minidregg.Kernel.FnConsumerFrontierCore.Candidate.predecessor	89a0b05223f31e586c70efed8ee62bb9db492d02c14796da65ea274d77a1724b	8efd955958386c83a70d24289ee3ab6ce1d9aa31f2de88073c285daf5741f633	74dad785c8dd5f3472700a0b50985c74a82d71b24ccdea957a5a83a785474bf1	bcbc36ddf9532995	-	Minidregg.Kernel.FnConsumerFrontierCore.Candidate → Option Minidregg.Compiler.NativeHostCodec.Receipt
def	Minidregg.Kernel.FnConsumerFrontierCore.Candidate.selectedSequence	ffe0d299995e2aa6f770843f5aa4a2574fdbc3bcf0eb9fb954489bf91c33a5ed	13c3556aca442f1a661a56fee02a573f1b0ace6c0cca79b94d010f30c9d2a218	e310722da2e531f3fd06b1c88897c6de5d20ec5e4e2874b8e517f56615f5f4e5	c07c3c8f304ef0f8	-	Minidregg.Kernel.FnConsumerFrontierCore.Candidate → Option ℕ
def	Minidregg.Kernel.FnConsumerFrontierCore.Candidate.toPosition	4234429f4259255eb963b1b3dee018a7704b4aa0b553a8267f5ea147f373f262	f3871cd74baaa489aa3be145344970c5cf7ec0e8b7dcbf53ba512a0f9e2d40ae	5d31052bd4ffd63e011b043bd5d50bf48159a6290fc61e48903a68806e3a64b4	c69676f810620195	-	Minidregg.Kernel.FnConsumerFrontierCore.Candidate → ℕ
inductive	Minidregg.Kernel.FnConsumerFrontierCore.Cursor	f0c76eeb54877a8bedd1ed6f1649f8e2378460a13705af2863cfb339db1079ae	16946b93ac38405660f51e475eb5aa7d25b54f5e5677e0f6a10a4526cc071cbf	44ce33b6aaee2250f67842e13bc47cb7374bc6f95f189787a4aaa5e2990b43bd	01a3f6bf1fd760ba		Type
ctor	Minidregg.Kernel.FnConsumerFrontierCore.Cursor.mk	af7c447b9df5a8ee813dbf9a13b16a2817d23a80eb6773952c76b4bd8a1bc064	636badc3350cf4532ca25b9ce4845dda765fe0f92f46c8fcfd36dcc585cd94da	cea135e535231d46ce2e70abee88b7e5245fb1449af66377acdbe7f36a1debc3	78a4cc3942ff5665		ℕ → Option Minidregg.Compiler.NativeHostCodec.Receipt → Minidregg.Kernel.FnConsumerFrontierCore.Mode → Minidregg.Kernel.FnConsumerFrontierCore.Cursor
def	Minidregg.Kernel.FnConsumerFrontierCore.Cursor.mode	294cd48797c6307d3ee0ee43419e28fa524ae481a6f61f316fbf95c31775d498	b56b53799f714b335161c9c5e7d1d92ce16bb3b42a496bbd7311497e0978aa69	1a1c882531efbd5c58b0af1397a6ba3b735b40b007b5c7b50106592f36815344	b6e6c6413e8cd7e8	-	Minidregg.Kernel.FnConsumerFrontierCore.Cursor → Minidregg.Kernel.FnConsumerFrontierCore.Mode
def	Minidregg.Kernel.FnConsumerFrontierCore.Cursor.position	26b2cc174d37303c81778a95b8a47e4692d34ad8cbe38b60b77ca883aeb6fc75	eb61b21aa8c4e10ade7cc6d716544365100a5fe443b3dc4323585f9892857100	ebbf027f888542a772ffea453ba37953fdb82b841f94aa5fdf76c3600f2d8990	bad78a395a85da47	-	Minidregg.Kernel.FnConsumerFrontierCore.Cursor → ℕ
def	Minidregg.Kernel.FnConsumerFrontierCore.Cursor.receipt	1318e9eeb411afe58741c984ae336c1fa6a44e68835aadf3871ed4abe88eb17c	08608da6b264f292243581392f8f41ae50c85a24f743316ab154bfa994a68b13	f6a43977406670c6a80df8be3f8cb57d428189a500b4eb63e82521e06f389c4e	9a388ceb7e007b03	-	Minidregg.Kernel.FnConsumerFrontierCore.Cursor → Option Minidregg.Compiler.NativeHostCodec.Receipt
inductive	Minidregg.Kernel.FnConsumerFrontierCore.Key	2d2000ce8fd85b9eb3462f4bc936d3b76bfc98cb91b6e6acdf41e300f87a68e6	16946b93ac38405660f51e475eb5aa7d25b54f5e5677e0f6a10a4526cc071cbf	5b3fa5271dfff466a990daf27388c38327438ada2b68a22d3df47c57b538c513	5502b6209addb441		Type
def	Minidregg.Kernel.FnConsumerFrontierCore.Key.application	37c4a1f2ad11683c79836f780abbecd02ea7c3662610d207363f420af7b8818d	5328090049accab90b40fff09bd3ebd51abc3ee068c9853f5e43944c59adfbb8	9907df8f79daa82705dfbf7491046b9f7a5c7a9ed3ec441c8637a362da1732ee	a17234e821efb658	-	Minidregg.Kernel.FnConsumerFrontierCore.Key → List UInt8
def	Minidregg.Kernel.FnConsumerFrontierCore.Key.controlBinding	e703f3c0d9516988713b1485db69a2b5d6e26134b5877a028614c643af7d3582	5328090049accab90b40fff09bd3ebd51abc3ee068c9853f5e43944c59adfbb8	110a45ce1d6600cc2e5fc14c4aa9462d44714e8dc60f0fe1836dd5c3abb6edd8	91d609fc08bc54dc	-	Minidregg.Kernel.FnConsumerFrontierCore.Key → List UInt8
def	Minidregg.Kernel.FnConsumerFrontierCore.Key.gatewayCapability	7681f55ae9cace38356d55be9d7ae2fa98b07e7ff310623c98fbda1897d0c583	550452986f69eb41f43568f8828d8edda93649e44ea21aa89e912baf5c847ea6	df78496f01787a518725308689d93ef195a4c43653b41d3d05e932152bb79388	463debe2f77d27c2	-	Minidregg.Kernel.FnConsumerFrontierCore.Key → Minidregg.Theory.TypedAuthorization.CapabilityId
def	Minidregg.Kernel.FnConsumerFrontierCore.Key.gatewaySubject	080025daa64a5847760cbbc99a1506b77d206b056f46b8fbf9a7d97211c5c864	8091e8118c239de9dd5b49411471257611cf07364f493ae04b2b070a2dfbe47d	c2e5fa59a81ffdfdf8e3d9fdf08c737e4955fc1c91b940d7a8b220a2a818a33f	e035a2538a30784c	-	Minidregg.Kernel.FnConsumerFrontierCore.Key → Minidregg.Theory.TypedAuthorization.SubjectId
def	Minidregg.Kernel.FnConsumerFrontierCore.Key.gatewayTarget	2a14bf84f019fedbfaefdc3400d720192c74a5cd9a57c36c91093824d51b2a25	addc4ebd39a9de9a2ecfb0a4cf34763c568b9309c5f1d03d0fb418ffbe626c20	b1f5b3091f6f640caf6e38ec373771c12b0a402665f6fb439e89fc079ded439b	b301417d1f71c1df	-	Minidregg.Kernel.FnConsumerFrontierCore.Key → ℕ
ctor	Minidregg.Kernel.FnConsumerFrontierCore.Key.mk	03cb9c6998d0e59bcb9d394bb3d8ebcbe4cad90d18320ea8f083ca8374d56a2a	3ef2bf2eac9d1b6e4d8dfb6f814d2af76b679db610fe1e42389db055578b1759	f7f3937dbd18f10a71323b009115008b93642140ad7278b9e4e068808ccd2433	4d1bb8f169f8ab2e		List UInt8 → Minidregg.Kernel.FnConsumerScope.Scope → List UInt8 → Minidregg.Theory.TypedAuthorization.SubjectId → ℕ → Minidregg.Theory.TypedAuthorization.CapabilityId → Minidregg.Kernel.FnConsumerFrontierCore.Key
def	Minidregg.Kernel.FnConsumerFrontierCore.Key.namespace	55635a3734880c7125e6f27fe9ec9a3214a6f5248099dcd1850a38a6b565c491	70ee731afb2b1bf76a012c31e8a1eef8a6cbc288e3bf22d603b3f49f2ee43fa4	08f3740bbe503c71de3d602f652a6cea582fa386d77e9823a0a9847523214142	bfb1fae60fe2fbe8	-	Minidregg.Kernel.FnConsumerFrontierCore.Key → Minidregg.Kernel.FnConsumerFrontierCore.Namespace
def	Minidregg.Kernel.FnConsumerFrontierCore.Key.scope	071eea6ba379d8af8117ba297e7b535824798b67ce601e2a0ea874c70c1f08b1	df4f37263b84c26e48cae8a98bdb1983e51c530e2ae70ee1d197c0bf4c2b9361	c0bc493a915b7eb7c3cb39178702110bbbe7afd6f6d879d3c0ad0afc2b367553	c39e171ea05b19de	-	Minidregg.Kernel.FnConsumerFrontierCore.Key → Minidregg.Kernel.FnConsumerScope.Scope
inductive	Minidregg.Kernel.FnConsumerFrontierCore.Kind	f616ce8b962698f5213d60890ecd022f345ce5088597b142215c4a067479655d	16946b93ac38405660f51e475eb5aa7d25b54f5e5677e0f6a10a4526cc071cbf	d5bfa97112db38801f86d984e5eb1229d6467b40113b2c5c6ba5bf75dd4e0979	7463f66786a385a3		Type
ctor	Minidregg.Kernel.FnConsumerFrontierCore.Kind.emptyV2	1b561f95a719a72efa2dc38491711edffc5bb02cd56f32f55d2d6458eb9fba4b	27545d87b828b19cd36fc24d11f35940085b9c57fe382642464c9b289ca0b6cf	4af4716585bfd0c1126655bf2035f301f629df366ef964f074fcd14dcec46c94	3ca8ccd7a3a1291f		Minidregg.Kernel.FnConsumerFrontierCore.Kind
def	Minidregg.Kernel.FnConsumerFrontierCore.Kind.emptyV2.elim	8ba97ca1522d52936a0d1801a9a65548209cc99090853d7a355b9b7ec44f6436	c13304bb4abd0afdbc0871d99a6db28d39a4a53c76823007e467be995cec5669	082b5fa2b3099d6b8d4ed1b2acbf61cf3657ffe8b474e10d034eeb0ec7988ba3	dfae6e1efb705993	-	{motive : Minidregg.Kernel.FnConsumerFrontierCore.Kind → Sort u} → (t : Minidregg.Kernel.FnConsumerFrontierCore.Kind) → t.ctorIdx = 1 → motive Minidregg.Kernel.FnConsumerFrontierCore.Kind.emptyV2 → motive t
ctor	Minidregg.Kernel.FnConsumerFrontierCore.Kind.legacyEmpty	c5c174eff0f6f3c729903e5f4d46e130917f24ace0981b15ddd47bedda8bb4a2	27545d87b828b19cd36fc24d11f35940085b9c57fe382642464c9b289ca0b6cf	88bbc87068ee58a06b275c02b994b48e4807a6276b5910e420e02f0a2e433f16	6ae2f286b818d771		Minidregg.Kernel.FnConsumerFrontierCore.Kind
def	Minidregg.Kernel.FnConsumerFrontierCore.Kind.legacyEmpty.elim	70ca55ff733d7ca123b30f8b94a05567eef3a15e71487e4ed631e3a38311f44c	4058f65390b9a835d98e95d18f5484ae0632ba7a9ec3e43f33f32951efbb22ea	06ee866179f6b5f4b9c818c90eabbb89bfb715dcca1dfdfd76dec5a630f8059a	0ac3d7bb88b801fe	-	{motive : Minidregg.Kernel.FnConsumerFrontierCore.Kind → Sort u} → (t : Minidregg.Kernel.FnConsumerFrontierCore.Kind) → t.ctorIdx = 0 → motive Minidregg.Kernel.FnConsumerFrontierCore.Kind.legacyEmpty → motive t
def	Minidregg.Kernel.FnConsumerFrontierCore.Kind.ofNat	5a57c639caf4ff419eb03dec0f825f5fccaa1cb9f3fb37baf6bd68bf0b09ccd6	f21744b6a933a9446e463628a46cac385fe693e6360588c7572ded616890a549	8ffdf57947477366b38e0cf5abbb7176b1aaa98b1e661a61eb1cafdef6314700	b789e336307fcc55	-	ℕ → Minidregg.Kernel.FnConsumerFrontierCore.Kind
theorem	Minidregg.Kernel.FnConsumerFrontierCore.Kind.ofNat_ctorIdx	1d2a39bf61b088291917a30eaae76e67632619c6bd292c3b37d87257a02273f8	224cee8f36975e353c2e486ddb3bb345d3d304d4535eacc1237675c4ca22137e	98c4f53e2461b746af345f53cdb23129010607ecd12d5bc77cb5b1a4e403496f	e5601169f04bd926	-	∀ (x : Minidregg.Kernel.FnConsumerFrontierCore.Kind), Minidregg.Kernel.FnConsumerFrontierCore.Kind.ofNat x.ctorIdx = x
ctor	Minidregg.Kernel.FnConsumerFrontierCore.Kind.selectedV2	a87d1d00c288bbb056bf60e4d804ec7febffc22e03538812e86c88218156c4e3	27545d87b828b19cd36fc24d11f35940085b9c57fe382642464c9b289ca0b6cf	3811037db6144320dfe8ac8e78d64023d54471d10734a0730dc9a7706d793b2e	5b3ffaa48dbdcae7		Minidregg.Kernel.FnConsumerFrontierCore.Kind
def	Minidregg.Kernel.FnConsumerFrontierCore.Kind.selectedV2.elim	623ce80033b48fd603d7f1d68625ddfe09dc3b060a5075b2a0c6c0611f2cdef7	e07337d168280f92963988048d8621d08fca7db3b69add1c2e36583149b0a126	cb1f763dd43abf27ff2f0859183d5a04f566f388365e9b08cad9c53cb314443e	d9d83d03bf2121d3	-	{motive : Minidregg.Kernel.FnConsumerFrontierCore.Kind → Sort u} → (t : Minidregg.Kernel.FnConsumerFrontierCore.Kind) → t.ctorIdx = 2 → motive Minidregg.Kernel.FnConsumerFrontierCore.Kind.selectedV2 → motive t
inductive	Minidregg.Kernel.FnConsumerFrontierCore.Mode	83261122c4c3443f0c996e44a205257c2c81adb024253aa1b593f1e4e1e17f65	16946b93ac38405660f51e475eb5aa7d25b54f5e5677e0f6a10a4526cc071cbf	9756e772f8472caddcf7c4cbe931b0c731656a45b2344ac1287004a076f1f9e9	65beec71c4dd431c		Type
ctor	Minidregg.Kernel.FnConsumerFrontierCore.Mode.legacyAnchor	27ba24a5e763ee74f0eb8d5405c5c25391aee130b83a2c83cfc593fc18333af6	b53c112e69557500e9445bb8b3c09769f169188c7ec44a7b022ff3d898eff3cf	031c3d840fe3555cb3c7a7fc9fabf8f906da776bb231fc307bf6e08655b9c857	a17170990e3bd239		Minidregg.Kernel.FnConsumerFrontierCore.Mode
def	Minidregg.Kernel.FnConsumerFrontierCore.Mode.legacyAnchor.elim	27176c4c4b45571901eb9994ce612c3683463cde9149ab9f2fb215676477ef9d	c53c13b5fe8096953f795d00a10a8061ecc9e9efda585f1cd6455b4178c9f224	d8368d44b1ea171108baf4a463026bf1754f1ea4c94d229a56528c25a8be7847	1e23477a938c6cfa	-	{motive : Minidregg.Kernel.FnConsumerFrontierCore.Mode → Sort u} → (t : Minidregg.Kernel.FnConsumerFrontierCore.Mode) → t.ctorIdx = 1 → motive Minidregg.Kernel.FnConsumerFrontierCore.Mode.legacyAnchor → motive t
def	Minidregg.Kernel.FnConsumerFrontierCore.Mode.ofNat	9187fd1941d99f3fedc0e6d0c9b54dd75b082632796ae5da50d41d71cbafb6d9	df885073892933edd01de94bccc7387078f97b07e2cadf04ae969a2442978557	b95dee2e82938528924ca65204c1432e441dfbec802fad137b401bf19848ce15	d0d75282b69670f7	-	ℕ → Minidregg.Kernel.FnConsumerFrontierCore.Mode
theorem	Minidregg.Kernel.FnConsumerFrontierCore.Mode.ofNat_ctorIdx	c0f80dc36dfab919a7b9030a666c4b264efd3613a1c54fccf43ed053ddb2e2d8	512595abf92c52947d59f77d7869d277dd8c7814125d529515f0f00e55665bbc	78e669b0359f694fda25baf4aa9121bfa2b0ac31d998cbc2828f61151ddee51d	cea02ebc10deb8f3	-	∀ (x : Minidregg.Kernel.FnConsumerFrontierCore.Mode), Minidregg.Kernel.FnConsumerFrontierCore.Mode.ofNat x.ctorIdx = x
ctor	Minidregg.Kernel.FnConsumerFrontierCore.Mode.orderedV2	1f97f00915ba72436e7f8467f41ccb02991a483ecacc35442b078c55aaa4ad62	b53c112e69557500e9445bb8b3c09769f169188c7ec44a7b022ff3d898eff3cf	0f1c61bde1ccb73350b160435dd2ec6181f1d69d1bc85652085dcfc55b3960c2	96ade168feee8ccb		Minidregg.Kernel.FnConsumerFrontierCore.Mode
def	Minidregg.Kernel.FnConsumerFrontierCore.Mode.orderedV2.elim	ae5ee6fe407ba3e92ee71be5be800f9a66800dede82138bca25735f57356c8a5	205cb73b2f5512b0e233b9f452032ed5c2344f684144e9b18a35071ae643bf38	fd7d884e0869c87b75fb308b40d49dc32b5908039a9187a27188bf7b47e88bac	5848b4f1d41e54a0	-	{motive : Minidregg.Kernel.FnConsumerFrontierCore.Mode → Sort u} → (t : Minidregg.Kernel.FnConsumerFrontierCore.Mode) → t.ctorIdx = 2 → motive Minidregg.Kernel.FnConsumerFrontierCore.Mode.orderedV2 → motive t
ctor	Minidregg.Kernel.FnConsumerFrontierCore.Mode.virgin	6d24dc0db220a3876835e41560a746d55a00cdec9b4ba6f0a4b086e495813515	b53c112e69557500e9445bb8b3c09769f169188c7ec44a7b022ff3d898eff3cf	dadd8449943f67cf91338af191a092d1d130214abe10884d715247e3871916a2	99190d8537555c90		Minidregg.Kernel.FnConsumerFrontierCore.Mode
def	Minidregg.Kernel.FnConsumerFrontierCore.Mode.virgin.elim	69d8a02f560882758cb507e11a4a41df55006f02367ca56842fee460f7f200e2	0e3d96f44e1f40c0d13e20b33f2f888dd4ca710bb441cf1c8ca5081a34b9e159	73cd0e4ea59eba3fd50045bacf7fcbdf6a712f9258c7d88336642782bfa64351	1a00f72af2d87af5	-	{motive : Minidregg.Kernel.FnConsumerFrontierCore.Mode → Sort u} → (t : Minidregg.Kernel.FnConsumerFrontierCore.Mode) → t.ctorIdx = 0 → motive Minidregg.Kernel.FnConsumerFrontierCore.Mode.virgin → motive t
inductive	Minidregg.Kernel.FnConsumerFrontierCore.Namespace	987b98b841f7415944301c3738763e710272f697040405c2ec215e2834740af9	16946b93ac38405660f51e475eb5aa7d25b54f5e5677e0f6a10a4526cc071cbf	9796aed5170cb43b24c733246d6710ada0f442b36983147933c172f1511b38e3	c33f506f9a3241c7		Type
def	Minidregg.Kernel.FnConsumerFrontierCore.Namespace.application	c9cf7c33ab53ddc45b558f6ca43e5b4cd635a42155903e8f2fbf2333f43a1dff	c5bfb3d232863d0723b9e81e429984e9d135ce9917d0f253037a3e9b0576130a	668ecfe9fb6166643f11398f51f6a1981b5d619fb16fa618b220faeade6fe634	52607a4f8568ad61	-	Minidregg.Kernel.FnConsumerFrontierCore.Namespace → List UInt8
def	Minidregg.Kernel.FnConsumerFrontierCore.Namespace.controlBinding	7fb16ff290c7bc432c29f69f8eec801cb003239ae475bc2d50e589a02582c517	c5bfb3d232863d0723b9e81e429984e9d135ce9917d0f253037a3e9b0576130a	f869f790a7d57daf9a8a3a76862e6e0de1a947a4d8c8a4228f2fa3eb69ef93bc	8fc37b4e7179dd7b	-	Minidregg.Kernel.FnConsumerFrontierCore.Namespace → List UInt8
ctor	Minidregg.Kernel.FnConsumerFrontierCore.Namespace.mk	5df448b9824b358fc4d584655b8e3542431bdccbbcc0308058a0debc074bb369	203379d833e37b2ecc20b03463c81c650dfa1e9665a50ef686c38b6b9567cf24	9af36a1028734d6f3b9da0d6010e9ff72f90e0382e48f4e3eccd5d682cf7871b	c43993fdd6a3e323		List UInt8 → Minidregg.Kernel.FnConsumerScope.Scope → List UInt8 → Minidregg.Kernel.FnConsumerFrontierCore.Namespace
def	Minidregg.Kernel.FnConsumerFrontierCore.Namespace.scope	dabe6c1a30236f788524ab06fca4c4e7a7dce49e117cf739fab981c0329d8d90	72c5b491276a3d76203faf4d648d7d811e37e4fa58035629e658910974817d2c	5aef31b36c139288351b76a70806cae9cb6356e66e7b123b5e9c40bf8d632b9b	72796775b95358f2	-	Minidregg.Kernel.FnConsumerFrontierCore.Namespace → Minidregg.Kernel.FnConsumerScope.Scope
def	Minidregg.Kernel.FnConsumerFrontierCore.State	64fd968e01f1f29d0cf5cf5cccde4dbb238449a77eb1946c832945e875ce930d	89855d392aa192071e8a2b2230d30ecae8fc9de0c15fa6a53f6209226829292a	a8942fe7e0b3f42b37fa743e96c936c188be50980786b323cd77cfa12d67c160	40a69c276f6dc697	-	Type
inductive	Minidregg.Kernel.FnConsumerFrontierCore.Transition	f1555d82f80afc608f622352e197af78fc43649fccbd8680170703b8d81d21b8	16946b93ac38405660f51e475eb5aa7d25b54f5e5677e0f6a10a4526cc071cbf	7409ad591ad11ea4e3d347430c4c340059730cb743031fd3c3c8927257e6e6a4	31f717a38bdcc178		Type
def	Minidregg.Kernel.FnConsumerFrontierCore.Transition.candidate	f9966e2e4520b9a914b50c4650171e1fe56adb6126e0f33faf131ab2af6f8b8b	ab47b906cbc710d5d4189b41e75b0ea62439a58dd58146d9dafa882d861e0604	3c2bbbe80402c01ed37b39cc205f9e2c1b9352e5dffcdbe47ba26b5eb5b0e908	b665f85ad993f323	-	Minidregg.Kernel.FnConsumerFrontierCore.Transition → Minidregg.Kernel.FnConsumerFrontierCore.Candidate
def	Minidregg.Kernel.FnConsumerFrontierCore.Transition.fromPosition	d0b24180b02222045bbe2bd97cfd86f37f13108f67498104331d90ea0768decd	cbfb895310418142830eb051a09e87dd1059e7f74eb47e4ad3cecaf5358e864c	528136e524b01a4186a1e2485bde25ee87cfbfba2d507cd38fa548eb8375e907	9f032e4deb1a7505	-	Minidregg.Kernel.FnConsumerFrontierCore.Transition → ℕ
def	Minidregg.Kernel.FnConsumerFrontierCore.Transition.key	594b0a8590b76d7d4b1524ecb53b89183a8b53820692a74f7fb37c9f3ac11dda	176c4ab30b7b28f5de95cb24043de4cef4ff6f2d929914b4983061424c414484	3025787233767ea7d0f62351ee2d8d074e50c281d33de06f1683c29fe7bcc599	c4e93f358327841f	-	Minidregg.Kernel.FnConsumerFrontierCore.Transition → Minidregg.Kernel.FnConsumerFrontierCore.Key
def	Minidregg.Kernel.FnConsumerFrontierCore.Transition.kind	04fc4193f2c37cbecd73abdbb9c0e7d996057b89e0c3fae60c137f5c82e5f08b	2d780acd832ac91d74828a49e630dfd50998083124dfe89e874ccbb8b30b18fa	0a450952ad44307233a2a9c0232957404d585bd05a8ca4953572f701669bc008	0a393b5d5d0c3271	-	Minidregg.Kernel.FnConsumerFrontierCore.Transition → Minidregg.Kernel.FnConsumerFrontierCore.Kind
ctor	Minidregg.Kernel.FnConsumerFrontierCore.Transition.mk	1cc0aa2bee09ef4b89fa7407832741c68a8a548aad062a49cfe8f567957a0687	355340e5aa125e9589abcb308b57a57db52006765820e273453e6df3c79d05ae	5abb646d447df55382c9263ebaf2a2b3d86a238e417f254c50cafd14ec12bec7	74537d919ec42e35		Minidregg.Kernel.FnConsumerFrontierCore.Key → Minidregg.Kernel.FnConsumerFrontierCore.Kind → ℕ → ℕ → Option ℕ → Option Minidregg.Compiler.NativeHostCodec.Receipt → Minidregg.Compiler.NativeHostCodec.Receipt → Minidregg.Kernel.FnConsumerFrontierCore.Transition
def	Minidregg.Kernel.FnConsumerFrontierCore.Transition.predecessor	3b8c5129785564857ab77010f00ab4c0cd7106637c3c80a81a1c0cfc78c4c2ec	6c2a47d22fdf366c3557e871c852f4c26f31c7004fcbf4ad011b38904c2c08e2	37f12f135c00be0d670be59bdca51d6baf39d43c44d506d12d9d5b97452ee7fa	f1e2a9aa82b8b922	-	Minidregg.Kernel.FnConsumerFrontierCore.Transition → Option Minidregg.Compiler.NativeHostCodec.Receipt
def	Minidregg.Kernel.FnConsumerFrontierCore.Transition.receipt	f6cc7f7606cb53ccb45e02ef977391737f4bc9c9c0fa6becb17aba31ef953bc0	a075a9516a2f0e23597fba5df2960997b6db8af952c8ee96c5662ce2dea0d528	079e4dbff5e05fe0b933aa7608288c0c6ca462d5cbc0397c2c93d711e05d6316	9842129cfac0edc0	-	Minidregg.Kernel.FnConsumerFrontierCore.Transition → Minidregg.Compiler.NativeHostCodec.Receipt
def	Minidregg.Kernel.FnConsumerFrontierCore.Transition.selectedSequence	6f712384fcbf892a51495faaa2c202c644ebb000e65fd6438ff3eaf1fa7dbee0	01874f49aa30fdf1339e45ef73524f830734b0587a093630fb04dee9f14603d3	d8fb49bbdbc9764d55e65eba814db293f3d4f16b8fa21507dbc7bb6da157e82d	e37e7f2c31b1099f	-	Minidregg.Kernel.FnConsumerFrontierCore.Transition → Option ℕ
def	Minidregg.Kernel.FnConsumerFrontierCore.Transition.toPosition	4aa5e0301b0b723bafa311faf81d4c31fa62503ba84e63c275bfbbc5ecec4128	cbfb895310418142830eb051a09e87dd1059e7f74eb47e4ad3cecaf5358e864c	fb38147ddbf2b2bbec5735aab7788bd95afe2bf21c667731e9135f55b4092f13	98a96b31595d8d48	-	Minidregg.Kernel.FnConsumerFrontierCore.Transition → ℕ
def	Minidregg.Kernel.FnConsumerFrontierCore.checkAfter	81e98f08679313ba47ae01a3cf38ced5fa2249e803ece674e5eeb10370b51f56	6e72ef2bffbae81ebdf8349e192657557b610ef639546b69e405afb3afc4ed1e	67071ddea5af90aad8756d57bbc5c41b6d111e12901282a4dbb72eb46b5b988b	055487fd0a9d0f8e	-	Minidregg.Kernel.FnConsumerFrontierCore.Cursor → Minidregg.Kernel.FnConsumerFrontierCore.Candidate → Except String Unit
def	Minidregg.Kernel.FnConsumerFrontierCore.frontierKeyBytes	b0d69a618d2f4594007fd8f23822857d66fc9e89fb67db9feeb3c882b3f8a1e5	135ac2a508e838823f3d35ef57b3609a3708f529f51582fbb051a1765da0e5c3	26771b78db3bfce5187a5e867931fd38fc308a3d23eba8e2af6dd48152efbe8b	9413fa9e9bd05516	Classical.choice,Quot.sound,propext	Minidregg.Theory.TypedAuthorization.Digest → Minidregg.Theory.TypedAuthorization.Digest → Minidregg.Kernel.FnConsumerFrontierCore.Key → ℕ → Option Minidregg.Compiler.NativeHostCodec.Receipt → List UInt8
def	Minidregg.Kernel.FnConsumerFrontierCore.frontierNullifier	b1a854fb21451200511708cae3c9adabb2737ec480d2c90a64b4fec2179e37b4	a504b30fa1ac809cddb931d996a27a1acb05897b83dcfea37c96306edb43ae3c	4d98eb93854fe00be367710d8928d8f68844baaf4200b0854c0460f97efec705	deb8a7600eea380e	Classical.choice,Quot.sound,propext	Minidregg.Theory.TypedAuthorization.Digest → Minidregg.Theory.TypedAuthorization.Digest → Minidregg.Kernel.FnConsumerFrontierCore.Key → ℕ → Option Minidregg.Compiler.NativeHostCodec.Receipt → Minidregg.Kernel.DurableDataIntent.StableNullifier
def	Minidregg.Kernel.FnConsumerFrontierCore.initial	2b29e31fd7c8b0fedb9cff573409cfd5f9f2a7b988c1ae8c407c2ba56686a1cd	1693102b1ca689be0201c961140dcb33fbc7b1d7878b9677c8216676b7f0986c	a144eca80e0ac0a9f3807145a599731024679a0e0cb958b84f0f8c611f1d2ad6	c958a9c5d177ced7	-	Minidregg.Kernel.FnConsumerFrontierCore.Cursor
def	Minidregg.Kernel.FnConsumerFrontierCore.keyStream	1276cfe8b5412bf5191db67f38d892feddb0d18dbf0825f12087dab31b5e8e6f	b0f4ac79b189acc37cee098a4692e8c31fdd46c9b86dc215bb45fba71852e91b	ee31297bc58f3163319caffb4c243145d9dd48e363c87a681a9e0a654fcfcae8	84212483dcf39a07	Classical.choice,Quot.sound,propext	Minidregg.Compiler.Tower256ConcreteBackend.StreamCodec Minidregg.Kernel.FnConsumerFrontierCore.Key
def	Minidregg.Kernel.FnConsumerFrontierCore.lookup	944e0dfa4afa43dbf963670acd2134def2a9e185847268c8b07b96775fdffd5c	592e7f30840ad55bd78c4bf1433c56e1505aa5b80db5ca119a785b76e73f852e	d7f95fe7e725d7ed3f0ee7c78dfb3e6116b77164df9dc50c381ad88c5f8f0089	e3da6f5aab806595	-	Minidregg.Kernel.FnConsumerFrontierCore.State → Minidregg.Kernel.FnConsumerFrontierCore.Key → Minidregg.Kernel.FnConsumerFrontierCore.Cursor
def	Minidregg.Kernel.FnConsumerFrontierCore.namespaceNullifier	46a6a8ea57976a731f23076fe5dc529332617de736898e812ade5aa65900ffeb	c1ed02249eaa94a05e07462007be98a3623a7ea420a2c7c60dd5eb384751ce6b	f563aabd4b83c3dc501a8efb7cfa906249d898f683594cce3c84fe2ea43985fb	82a7955a69d7d55f	Classical.choice,Quot.sound,propext	Minidregg.Theory.TypedAuthorization.Digest → Minidregg.Theory.TypedAuthorization.Digest → Minidregg.Kernel.FnConsumerFrontierCore.Namespace → Minidregg.Kernel.DurableDataIntent.StableNullifier
def	Minidregg.Kernel.FnConsumerFrontierCore.namespaceStream	eef4952ad5cf20457036e0c554f6c3e22680713faaa81b40421b2a184f943b55	643f5daee9e8693d7bdef71a5df6ac460d1f39cd4001170b3da0e9498d350f9d	1ff746f17415bd158b21cb07db17d3ebf012b0441150fa8ed6d3dca72ee83301	5a3a16b28fc1783a	Classical.choice,Quot.sound,propext	Minidregg.Compiler.Tower256ConcreteBackend.StreamCodec Minidregg.Kernel.FnConsumerFrontierCore.Namespace
def	Minidregg.Kernel.FnConsumerFrontierCore.reportDigest	b197a8212d5642b414fbe6e75385f8b83747708410af354edfadbb750360b99c	9dd750348cef15a1fe9e683e8750019e6567eb7353b1245acce0f759553046d3	bbf9d84f4a6372c43e50d087530f842e40a77229ec90d8a762c60f509f836b65	9ce436069c59e036	Quot.sound,propext	List UInt8 → Minidregg.Theory.TypedAuthorization.Digest
def	Minidregg.Kernel.FnConsumerFrontierCore.sourceDigest	9850a03159b8efef6dbb45eb239127081763e1e9d147d21eb8326eb323bd85de	9dd750348cef15a1fe9e683e8750019e6567eb7353b1245acce0f759553046d3	46f494e67528cce0a77c1d0f4edf7118df2cc31d48575ade5f1b140741b75559	f91fb450c594f6b9	Quot.sound,propext	List UInt8 → Minidregg.Theory.TypedAuthorization.Digest
def	Minidregg.Kernel.FnConsumerFrontierCore.step	adfea2bece429ace78ac5c16433961fcf9b7076b2acfab747c2067c57fde5de3	0fa554e14797a3afbdd11220d3663514ea8638d7e33b2783b69c62b58d793ec6	cca6bf663cca44e99da8fc3429db6fa42aa8ba97a8c6dba1ee52bedde7357b77	9ef525135396c03b	-	Minidregg.Kernel.FnConsumerFrontierCore.State → Minidregg.Kernel.FnConsumerFrontierCore.Transition → Except String Minidregg.Kernel.FnConsumerFrontierCore.State
