# Kernel.PayClaimDecision: Objective contract manifest. Written by `scripts/check-objective-proofs.sh proofs --pin`;
# a removed or changed row needs a line in scripts/gates/objective-contract-changes.txt.
inductive	Minidregg.Kernel.PayClaimDecision.AcceptancePlan	cf16f3d18e3e6f8535c6a877411ee33caec2d7fbc08edb60b749bb07b3178985	16946b93ac38405660f51e475eb5aa7d25b54f5e5677e0f6a10a4526cc071cbf	5aedc0c62847e424d72be45ee4aa4c6b46afd6b2d4c0c3139bc26799f518bdb1	dc05d18c7f284a41		Type
def	Minidregg.Kernel.PayClaimDecision.AcceptancePlan.consumption	c81bc7a9f4ca4595366164e314f0bbb52c0400c1404a3c58f4bc6f1ea082a1c3	e458deea11767514bbf10fb7d3df07f2fbb6729e15dc6eeda61fc76b0aaf3078	3d71185bcdde4ca7a82fb7accdd7120d0c9a47ee05fdf46e21bd70a742ea705b	b3028685482159ab	-	Minidregg.Kernel.PayClaimDecision.AcceptancePlan → Minidregg.Kernel.PayClaimDecision.Consumption
def	Minidregg.Kernel.PayClaimDecision.AcceptancePlan.economic	2147bf7cb9a0d626f963bc7f296d12bf288b13316fa23c1cbcc9fc4f6d6f92c8	b2deba06bf4b31890c23f60022d31d857342070f344b5c9a02057f5ea3228af9	1a7557582602c528c6a057997c82125b14a833bf675f1032fdff9d1765ca3f9b	0b69e785365685c9	-	Minidregg.Kernel.PayClaimDecision.AcceptancePlan → Minidregg.Kernel.PayEnrolV2Legs.EconomicInput
ctor	Minidregg.Kernel.PayClaimDecision.AcceptancePlan.enrol	5d0b0b4518f9b32b43355aa2ea2ebba741f643f1c782d6f6a49e4057c999dee2	bebde96b5d16dd17ffd28fccb8ebc143ee88fa57a0568fc92f56e854933fce09	e64029fa85aaabe4639a3e00db20c71bf8a942722fde32c8b65e67cf4a9da100	326a1b8c24f3a476		Minidregg.Kernel.PayClaimDecision.EnrolPlan → Minidregg.Kernel.PayClaimDecision.AcceptancePlan
def	Minidregg.Kernel.PayClaimDecision.AcceptancePlan.enrol.elim	132f7dd819d22d1f07211514769451d72a64e99a1adb7c604c3190bacc27d57f	049e671e0c140c2f5dcb6b48dcb4a99a7bf1a87ca6d4aeec3bc70c0f0740f86d	35e25eaec70d5d6db8839d493c2488be61769e3848abd489ca63090505938bf5	4c92502b944e91e2	-	{motive : Minidregg.Kernel.PayClaimDecision.AcceptancePlan → Sort u} → (t : Minidregg.Kernel.PayClaimDecision.AcceptancePlan) → t.ctorIdx = 0 → ((plan : Minidregg.Kernel.PayClaimDecision.EnrolPlan) → motive (Minidregg.Kernel.PayClaimDecision.AcceptancePlan.enrol plan)) → motive t
def	Minidregg.Kernel.PayClaimDecision.AcceptancePlan.input	dbb39e22a4d0111f547740117e8963662e7d56a241ae0b6633027601799e36b4	847a1575fe9d5781d169e2750655e707bde9e2fab6937f77c83ee07727fe055c	6cfacca8f958f7a847f9bf8421f4a6e3a620bd8b9bec3d7f1a3fab5e63d2972e	84eb297a2d2755d8	-	Minidregg.Kernel.PayClaimDecision.AcceptancePlan → Minidregg.Kernel.PayEnrolV2Legs.Input
def	Minidregg.Kernel.PayClaimDecision.AcceptancePlan.origin	e64dddf8721740df84b7d4cfc9f03c1505ac403a3097f8b689030d91430bbdcf	b1db00c03aa48c6dd831ef06bb01b57e11e7bb0d6611f2e6e7b70cb46c0cafd8	5580fe5d5624e618bc88119a1c6ba3f2e28d59d049c5a99b9bd83c874bee482f	45f0a486e73e88df	-	Minidregg.Kernel.PayClaimDecision.AcceptancePlan → Minidregg.Kernel.PayClaimDecision.Origin
def	Minidregg.Kernel.PayClaimDecision.AcceptancePlan.payPatch	f0a42155d63c83e67ca4c52f62cae45c45a488447b111ecb15296bf795292209	017ddddae2a9a2885377f6fe9b20fcbf2608c9cafe67ea261c55c7b2c6e3b6a1	3e1bea5ec9ee1c643a6c2e5ce6e2debaced50271f5af85ac4abad59355e0b2ad	4016b31a1905c316	-	Minidregg.Kernel.PayClaimDecision.AcceptancePlan → ℕ → Minidregg.Theory.Store.Patch Minidregg.Kernel.PayCell.layout
ctor	Minidregg.Kernel.PayClaimDecision.AcceptancePlan.renew	77c933d4843c86d930e3d3660e776ccf452308918c7bf765efe68570013b9058	71c743382fb9d91d20e920e8135145030cf480f311c5f05f8dbe75ff136eb508	c81e25148ad5192fbdf65c97fae3d8bf5d63daf964cf54d4bc14910767d4b199	7670f4a4cf49b16b		Minidregg.Kernel.PayClaimDecision.RenewPlan → Minidregg.Kernel.PayClaimDecision.AcceptancePlan
def	Minidregg.Kernel.PayClaimDecision.AcceptancePlan.renew.elim	c19e60125e1f13446d511fcccf4840d55bbabadde2bd7dc64143bc4007d85065	25c578d48ab4550a5998528dcd055f85b1997e7f998ac1c1bb63db80952f94b4	63c1d8986958c47a0523ed1e4ee730ddf94633f5bb528fb97163cc3d938a6c2c	25b06f777d9d90d9	-	{motive : Minidregg.Kernel.PayClaimDecision.AcceptancePlan → Sort u} → (t : Minidregg.Kernel.PayClaimDecision.AcceptancePlan) → t.ctorIdx = 1 → ((plan : Minidregg.Kernel.PayClaimDecision.RenewPlan) → motive (Minidregg.Kernel.PayClaimDecision.AcceptancePlan.renew plan)) → motive t
def	Minidregg.Kernel.PayClaimDecision.AcceptancePlan.tip	e7343520a2fc106c83b315827cb643d024e6ee10453b85081af4f5dc83d782c8	339e34a9dc2a81ccaecee7150cd07699fc59d725f6d8b2965f4d7b9e10549d22	1da7dccd28071924c11716cd3d0242103662faf04e2ee3c94ff3308ba742bf25	ad289fcd5333390e	-	Minidregg.Kernel.PayClaimDecision.AcceptancePlan → Minidregg.Kernel.PayCell.ChainTip
def	Minidregg.Kernel.PayClaimDecision.Authority	ff7e05f12f76c010addd93b0a26533131c44fc33e4320a2c2bd0724210350907	89855d392aa192071e8a2b2230d30ecae8fc9de0c15fa6a53f6209226829292a	135529eea7b4c4120fb275081b7fb556677cb70e680ec45b1b805ea82e65ef83	f046ec6127898f26	Classical.choice,Quot.sound,propext	Type
def	Minidregg.Kernel.PayClaimDecision.Consumption	e6cc58757726fa5a5450afdb276cb5a207f8a94140f5578339eac658660af830	89855d392aa192071e8a2b2230d30ecae8fc9de0c15fa6a53f6209226829292a	1cd412a9918417fce9190cb31d808e8cebf191c6ac838527554af2e20153d9c5	b3a11ca32bf8fac1	-	Type
inductive	Minidregg.Kernel.PayClaimDecision.Decision	36d54658ee1f0098187787430408541b02ef7119c6f8a4b561b80d8f0ce63adf	16946b93ac38405660f51e475eb5aa7d25b54f5e5677e0f6a10a4526cc071cbf	8df292b4375a4d02c833dc7bf83a9a504c4b5e6e03a423feb9d5fcafd43766c9	974c607d31081526		Type
ctor	Minidregg.Kernel.PayClaimDecision.Decision.accept	de4f793661f27163eb419472fd0f00fb8457487e07b237370da7e820ea7a11f0	d70377dad7a4ade2580e87e5ccb1c765ad4403254bd56b04439df5fae4a801ba	44e3d5472546e611decd914766096f9e40b07f5640140c697c805ecfd7f085f0	3f4699a22fb3c894		Minidregg.Kernel.PayClaimDecision.AcceptancePlan → Minidregg.Kernel.PayClaimDecision.Decision
def	Minidregg.Kernel.PayClaimDecision.Decision.accept.elim	41c80e4f6b2dd7d88e03e2894c1be05d651b2ca4cc64781476346751906f9735	4c5edebc1f9677627af08c10c55c9978156190477997a20d70ae5206f1e312f0	35d88429680bd17013a9e87d2d9a31cbe87f91a395245983ac2050ded55931ca	9a46a1fc8fddb12f	-	{motive : Minidregg.Kernel.PayClaimDecision.Decision → Sort u} → (t : Minidregg.Kernel.PayClaimDecision.Decision) → t.ctorIdx = 0 → ((plan : Minidregg.Kernel.PayClaimDecision.AcceptancePlan) → motive (Minidregg.Kernel.PayClaimDecision.Decision.accept plan)) → motive t
def	Minidregg.Kernel.PayClaimDecision.Decision.input	84bbec3c67683d14903d2effed341275d0f562d41da77fe7e550cb3febdc08d1	7ade42c16252e764366404d8c39aa1edf78fea63f49a929a4e2c27a74ea5864e	3acf260226fd5041e448b863b8ecc112953cdb4c4990dc2562052a1a040f8f05	716ab80485943f44	-	Minidregg.Kernel.PayClaimDecision.Decision → Minidregg.Kernel.PayEnrolV2Legs.Input
def	Minidregg.Kernel.PayClaimDecision.Decision.mintedCredit	79e1493346b23d1db71fbde3672309303b9c5f3f3a39fbc501e25670df1c6a19	c55ffc3867b416abea781f2924f9576597a66fa14583c07d43908a9aa59ccda9	3d07d65f662a000a4a3046f7e2d9c4c5c2683da2b3349cf746736648a4a8bab2	a85644ceac6f429b	-	Minidregg.Kernel.PayClaimDecision.Decision → ℕ
def	Minidregg.Kernel.PayClaimDecision.Decision.payPatch	4d20f5d3e4d2b517b7c303b252069879ae88203ac79d9aa06683590e18d63fc7	5aa6c2a597382772964280046aa22da9a6cb15a04a1da29e3809f7cf718d4373	4d35494416f87615a09e23f2432da8701cc0e2a5060e0ef84e357a86d3d1b5ed	d331b1f676459497	-	Minidregg.Kernel.PayClaimDecision.Decision → ℕ → Minidregg.Theory.Store.Patch Minidregg.Kernel.PayCell.layout
ctor	Minidregg.Kernel.PayClaimDecision.Decision.rotate	cd69bf0fbe98b52005f31a87d56001aeef4940bf24bf803fe853275107253934	98a16f0a1925cfae1a4206490d468f6e5e126b42d106aaf4be2029ccf74f92db	596a9a7d57dc419319d1611b7a20325425b8da38dc35b90476cd956d888eec1c	b3a86eacfb6319ee		Minidregg.Theory.Store.Patch Minidregg.Kernel.PayCell.layout → Minidregg.Kernel.PayClaimDecision.Decision
def	Minidregg.Kernel.PayClaimDecision.Decision.rotate.elim	d00bea631fbc3ad336e1c3f8206a1823d9c4e353ea4888234065794a72ca478a	b17c52c013656595013eb6c2b6643e9e61dff02b119e9f450d9ab9fb5773331c	333e1bee9796a0f1ecedd2098c2b638b6daeb7b7d8e400df149c5400900c1a69	ba247f6bc2edf837	-	{motive : Minidregg.Kernel.PayClaimDecision.Decision → Sort u} → (t : Minidregg.Kernel.PayClaimDecision.Decision) → t.ctorIdx = 1 → ((patch : Minidregg.Theory.Store.Patch Minidregg.Kernel.PayCell.layout) → motive (Minidregg.Kernel.PayClaimDecision.Decision.rotate patch)) → motive t
inductive	Minidregg.Kernel.PayClaimDecision.EnrolPlan	77cace4b70a76c1715dfa88ef806afa19436281865b17db3229a0c06599faf8b	16946b93ac38405660f51e475eb5aa7d25b54f5e5677e0f6a10a4526cc071cbf	50085ba9f5df878b0f742fb3228c9e4c5ddaf527470682065aba9f7588441a23	c25914130adf95e6		Type
def	Minidregg.Kernel.PayClaimDecision.EnrolPlan.index	40ab1bbc921de67b82d887ecff6a766120708d44c33a92445cd14deb770aa8ad	2100a6636bcb5a2bf2fc2e4fcf825f2aff0176703f4adba13282fa3205d59c7b	24145580ad5b3eb4135ab853f740c6b72501565d3f0bbec92ae54ca1b66fefef	f72868d6bec22e45	-	Minidregg.Kernel.PayClaimDecision.EnrolPlan → Option ℕ
def	Minidregg.Kernel.PayClaimDecision.EnrolPlan.input	3a9fa89be90b0bf3095653c049a9ed59be1df596f506cd07700a509904bc6b05	90b17de540aa76d01872923992a2a54629fc9271008c733f31330a1f09347ec8	a4c0f6b01f4bd4f8ad6a77febfa598928d6452aa626658bf3192481aaa5f13bc	57773c9670a4b4b7	-	Minidregg.Kernel.PayClaimDecision.EnrolPlan → Minidregg.Kernel.PayEnrolV2Legs.EnrolInput
def	Minidregg.Kernel.PayClaimDecision.EnrolPlan.leaseUntil	bfad6a2989990ea26ead074fc8acfc9de89dda06b5fb16f111fd183dd2b9c084	14a1eb2ad68ecf22dd313c2d8ca35423fea5592dab24afbcdb1c2c9728f47601	9cc46346ffdc9766df60b9434600cf2825d590139725d56ace6c771febdb8903	83dd8f15262bac4b	-	Minidregg.Kernel.PayClaimDecision.EnrolPlan → ℕ
ctor	Minidregg.Kernel.PayClaimDecision.EnrolPlan.mk	259410482e869796e8effa3a5e546fd4bf28254d8c4844e2d2a27bd1c9a09e59	c24340563cc1aa795b1a68242c27ec482ce901603df07585f15b49b08220d6cd	dea2f436bc427e700e0e0876a3a8b2957386307ab1ac26258f54edaea83561a0	dd91532daa47eba5		Minidregg.Kernel.PayEnrolV2Legs.EnrolInput → Minidregg.Kernel.PayCell.ChainTip → List UInt8 → Option ℕ → ℕ → Minidregg.Kernel.PayClaimDecision.EnrolPlan
def	Minidregg.Kernel.PayClaimDecision.EnrolPlan.patch	c679f831bd35ecfb62610ce5c07de0463510106293f7a2370f5e6d9fa30a6f24	44b08d5d30cc3eb6a03cdd7b971e5a5d903f78d683e9b8183cce96a782d24fea	8db9d561d04700420954a9c60be483533898bf849a3447469c4dcc82a7db5a32	ce0c34802faeba8b	-	Minidregg.Kernel.PayClaimDecision.EnrolPlan → ℕ → Minidregg.Theory.Store.Patch Minidregg.Kernel.PayCell.layout
def	Minidregg.Kernel.PayClaimDecision.EnrolPlan.sshBlob	33b8121db307c77459dcf994358359f00f488dc2dd0d0e4d9cff4246085fd28a	ab8120267b9823554708f52ca5543d0771169d4a0f5021d58b34e6a977890026	192ded4c482cab4235f58d69cb785ce5bbba243c490082be251cb354bf8b4aad	2c69962eab339763	-	Minidregg.Kernel.PayClaimDecision.EnrolPlan → List UInt8
def	Minidregg.Kernel.PayClaimDecision.EnrolPlan.tip	4d423713230c5735f7d2a34e118acb2583d2c8cf086005cf4a660d558ea68211	c533f08401f3769729d998635c5c330db210b8b3f0b6dd49caad9cecacb14e07	72fd0d3b7b68bda8fc1870db00f38b2ebe036eb6a2cc423a130b872431f5abe9	3035dd03110838ab	-	Minidregg.Kernel.PayClaimDecision.EnrolPlan → Minidregg.Kernel.PayCell.ChainTip
def	Minidregg.Kernel.PayClaimDecision.Origin	36d359994f11cde6fdba5900b102db2e3c390a0a216baecc2ac6672c7076ade2	89855d392aa192071e8a2b2230d30ecae8fc9de0c15fa6a53f6209226829292a	f8f4f6dd4f268ad608198978efed68f5e2847a3a0099fd224e17329294b02f5d	864e850fa615f571	-	Type
inductive	Minidregg.Kernel.PayClaimDecision.Owner	9880ada05c4d8ce5bb81146bd1e5a4976528b0f54827a9369830c64a763a3cd5	16946b93ac38405660f51e475eb5aa7d25b54f5e5677e0f6a10a4526cc071cbf	8793f400f3f84583faaec764fa65e42b4241052a8c9470a76409ac3bdf1eef95	ed89faa6c75d6e7c		Type
ctor	Minidregg.Kernel.PayClaimDecision.Owner.admitted	34fde232d54b75e43aae1fa3b9aaec05dbd2e96f4b13b9894491635b8adfe436	640c0767cd47faf9cbd01ec4f69806ebb954622e156df4228638c66b31e749e1	ef9663a4102006fc1a2ef5b1598d6596db1bb644b4e1d816ad8cedb824727530	839bf1179741a47f		Minidregg.Kernel.PayEnrolClaim.CurrentOwner → Minidregg.Kernel.PayCell.EnrolRecord → Minidregg.Kernel.PayClaimDecision.Owner
def	Minidregg.Kernel.PayClaimDecision.Owner.admitted.elim	47702f7d9c5b562e0dcb207492e61380aa75de0ed3f88e68a8494a5269697e49	6b82993d2bbf2164df8dd6bbb7de525e6137d08aea9c6c8a5cd9a1021839aad1	22a7115c1f472152ad6874d33ea016defc9d1367c17114462aa41a7ae99fca05	ea66308847cc59de	-	{motive : Minidregg.Kernel.PayClaimDecision.Owner → Sort u} → (t : Minidregg.Kernel.PayClaimDecision.Owner) → t.ctorIdx = 1 → ((owner : Minidregg.Kernel.PayEnrolClaim.CurrentOwner) → (before : Minidregg.Kernel.PayCell.EnrolRecord) → motive (Minidregg.Kernel.PayClaimDecision.Owner.admitted owner before)) → motive t
def	Minidregg.Kernel.PayClaimDecision.Owner.birthFee	d0bf356d575612262f2241312433cf1582cf6541973a868673944b4e46c4eb43	41746e2ca26b8ce9ddb7454b0461c3bd02296a05815fb2554364a2099e3c4dd8	1287f8e113f319a2eb8dbfe9c47df196822254e33e996ef6dfe761c90f7887aa	50c2a9198e14690a	-	Minidregg.Kernel.PayClaimDecision.Pricing → Minidregg.Kernel.PayClaimDecision.Owner → ℕ
def	Minidregg.Kernel.PayClaimDecision.Owner.current	58af55a0642f56c8c2b30c6747d8824297472c14572dce3bc39b1e344c0a4aea	20867972c5906307dadc5c686616c861ecfa9dc569c2de6da8d2f07426b0590f	d6f114d9da1d0109dc8ece232ba292e8d1ff73f89e1f5a8c98783bece00d876b	211dd121be810af1	-	Minidregg.Kernel.PayClaimDecision.Owner → Minidregg.Kernel.PayEnrolClaim.CurrentOwner
def	Minidregg.Kernel.PayClaimDecision.Owner.mode	f8708ada22df1df88c8019b6b064375ca7bc55162223ae55b328cb0a457e98fe	544a2414ad6d25e6318f48a2589a87c5193847421894815ea809c6501a0aae2d	bf89913af172aa6487505e79ce01c55657159a152711f283bb7c3c5408140748	43a5ac9295b2f4c8	-	Minidregg.Kernel.PayClaimDecision.Owner → Minidregg.Kernel.PayEnrolClaim.Mode
ctor	Minidregg.Kernel.PayClaimDecision.Owner.pending	71ba60c490e52f361f98b159a8a5872fcaa1491c6ca34bdf88496ee13b497112	7406013a7c2ab9111bdbf8f77901af941bcf426872c5aade9624be0b6501c45b	60d6498f023e591aa2f89e372fb43a7706a53ecbb1e2d28931eac9d740fc4a33	9252db4ee6d5249e		Minidregg.Kernel.PayEnrolClaim.PendingOwner → Minidregg.Kernel.PayClaimDecision.Owner
def	Minidregg.Kernel.PayClaimDecision.Owner.pending.elim	aff7e4bfe8051921b66c97689f400056a324758c259f7b7d63de5d25f64dae5e	424e2962d63658bb9556fe1e72e2cb0ecbe4462707166e39c5116e24a981b32e	a34fc882afb48ab8fb60fda57cb53a50f4ff0452b885ac1eb83a48486703dda7	a4eebcd2a9907ddf	-	{motive : Minidregg.Kernel.PayClaimDecision.Owner → Sort u} → (t : Minidregg.Kernel.PayClaimDecision.Owner) → t.ctorIdx = 0 → ((owner : Minidregg.Kernel.PayEnrolClaim.PendingOwner) → motive (Minidregg.Kernel.PayClaimDecision.Owner.pending owner)) → motive t
def	Minidregg.Kernel.PayClaimDecision.Pricing	cdd57b93406719d297e1b0b6f94f521e5c8a0acff8a4052313a0bfa435b01940	89855d392aa192071e8a2b2230d30ecae8fc9de0c15fa6a53f6209226829292a	3853e456fbc20c9f4a9f539b538023051f9137c766eebae24106b752a80cae98	3fbfe7892ffd523a	-	Type
inductive	Minidregg.Kernel.PayClaimDecision.Reject	a906a452e166efb166796753c9a7228f729e89b5cc328b9d0a599f7e5f1e7478	16946b93ac38405660f51e475eb5aa7d25b54f5e5677e0f6a10a4526cc071cbf	2904d9b97e19ad955aae681ab7d39732a8689dd4623df3274fba1c2b67c42b0c	2987ce0c236ef7cb		Type
ctor	Minidregg.Kernel.PayClaimDecision.Reject.acceptance	b25ce3fee8132178a4220f6e4b25f082d76348c7851f5041e9a3102dc78edbb1	13ac69ffc613eb619748324244bab87720ba2f1bec36dd6b77b83df3208d4c64	d899a0a9df8d71d435142e30f5dc412070caa7dd54b1d7b3bd9905a5a9ad3b1d	cfc14ccf876b0546		Minidregg.Kernel.PayEnrolClaim.Reject → Minidregg.Kernel.PayClaimDecision.Reject
def	Minidregg.Kernel.PayClaimDecision.Reject.acceptance.elim	8320c9a3633185ded158da966ef51bf841faa423296598e8216ad897d9a7b3a4	a6044be342fc83400504577d0762305c6008004aff690ec7b2566c928ee21060	01e8484a1782aa1e384231b9fad22e14f4ac1fe7bd9202b69a204b8acd2735d0	2588ce45f873a891	-	{motive : Minidregg.Kernel.PayClaimDecision.Reject → Sort u} → (t : Minidregg.Kernel.PayClaimDecision.Reject) → t.ctorIdx = 20 → ((reason : Minidregg.Kernel.PayEnrolClaim.Reject) → motive (Minidregg.Kernel.PayClaimDecision.Reject.acceptance reason)) → motive t
ctor	Minidregg.Kernel.PayClaimDecision.Reject.authorityDomainMismatch	d82f71726ffa382512e843d8e1806a38fef8700ad3a64b30ff244b9bb55800cd	a97d982a7e58632ace5ce5fd7e2b7a619fb27ba57be54762be4048aa2c17c623	012540b0ee869a30131082a1fcc2736125e8a3d831c53dec8c7b1a96d2964d9f	c3c973574ec1e794		Minidregg.Kernel.PayClaimDecision.Reject
def	Minidregg.Kernel.PayClaimDecision.Reject.authorityDomainMismatch.elim	e6c2a99ba85d6715f5621f8c3027529a0c07dbf3bed249f7db529e5f06aeba5d	85d7fba9af74cc316001c295f02a7179250f6cb14b87c14cff4e6804db095838	4487d1a205acf4fb2298701d4781a2f593f9cca83f427275a53ed606d2559b5a	14870a7837a88a49	-	{motive : Minidregg.Kernel.PayClaimDecision.Reject → Sort u} → (t : Minidregg.Kernel.PayClaimDecision.Reject) → t.ctorIdx = 1 → motive Minidregg.Kernel.PayClaimDecision.Reject.authorityDomainMismatch → motive t
ctor	Minidregg.Kernel.PayClaimDecision.Reject.authorityUnavailable	d25be58c5821c70f6a4855bcb8e5048c30e3efa80fc424533e9a5eedff321729	a97d982a7e58632ace5ce5fd7e2b7a619fb27ba57be54762be4048aa2c17c623	2b114864066fe8e99442bca737d797b2252bd9632d59bddb0892e62d3fdbbc20	c24ee8f9823b5d50		Minidregg.Kernel.PayClaimDecision.Reject
def	Minidregg.Kernel.PayClaimDecision.Reject.authorityUnavailable.elim	1dd4e62e1f79aba6dd5bb02030c20ec99090e49450b97e1a1514a4efa4f72fd8	c25d355d8db41ac6732ccef4ababb1cd0ac071aaba5b6b096796cc8a777c9f32	c8c89e06f9e8876f357606ffe4e1a811ec2c8874a0081b8b9747c82c04f1178d	177a6d934277a1f8	-	{motive : Minidregg.Kernel.PayClaimDecision.Reject → Sort u} → (t : Minidregg.Kernel.PayClaimDecision.Reject) → t.ctorIdx = 12 → motive Minidregg.Kernel.PayClaimDecision.Reject.authorityUnavailable → motive t
ctor	Minidregg.Kernel.PayClaimDecision.Reject.deploymentMismatch	e046d25c50e6a8884ceed14a506ad8d7d58b7ae41b181e837ceb640db5a7e02d	a97d982a7e58632ace5ce5fd7e2b7a619fb27ba57be54762be4048aa2c17c623	a9776c3b62d155f4256cf82ab36ee2adc93e894bbe0b89083e12f152f0962d6f	9fb8e96950dd1fc5		Minidregg.Kernel.PayClaimDecision.Reject
def	Minidregg.Kernel.PayClaimDecision.Reject.deploymentMismatch.elim	d440335ace9d3a6f4a970699e46614f53866a198e3b49ddeb2358606263f9298	2c0a0143462ef927adc4b5e728edd33c2e72fcebf56d0bdefae2b9c2da15eb21	e693c1db018759d5908916bf94c8e8f18aad09d73fadd48ce2cec0f8b09b7ee9	da5e8c24916bcdcc	-	{motive : Minidregg.Kernel.PayClaimDecision.Reject → Sort u} → (t : Minidregg.Kernel.PayClaimDecision.Reject) → t.ctorIdx = 5 → motive Minidregg.Kernel.PayClaimDecision.Reject.deploymentMismatch → motive t
ctor	Minidregg.Kernel.PayClaimDecision.Reject.floatUnavailable	55593c36a66835b0ae8a650e23dc0929cd69764d94f795369bc2d46140719c5f	a97d982a7e58632ace5ce5fd7e2b7a619fb27ba57be54762be4048aa2c17c623	3e490161c986f69f4b12f26a8fe58522a8772fb42b75ece78bbde73ef0359b64	ceb7fc747aaaf6d6		Minidregg.Kernel.PayClaimDecision.Reject
def	Minidregg.Kernel.PayClaimDecision.Reject.floatUnavailable.elim	b9fe652b9f8fb5b09b5e7aa4ef11a0a3fbb96a64f33767aac83935d248c48d4a	a58345c0956b07856134e7b1400c1a2c4cb37676137ca279b7f6affb7f9005dd	009d7847ce7845bd29ed980465b91f159123a3269428d0fc75bc9e0260f77520	a531c28efaf79b96	-	{motive : Minidregg.Kernel.PayClaimDecision.Reject → Sort u} → (t : Minidregg.Kernel.PayClaimDecision.Reject) → t.ctorIdx = 9 → motive Minidregg.Kernel.PayClaimDecision.Reject.floatUnavailable → motive t
ctor	Minidregg.Kernel.PayClaimDecision.Reject.freshness	3bf31c97191354bdcadf526ed8e8f819dbb3374de7596ad8a8db9c3519ecf58a	625b5cd0dc3802e93a212fa1e8306634a05f6eee82c17366905d433a58e3de38	6be65a925f6f84327c8c2c1e8d33615e694b74b0d8f0bd3f83f196bbac327df5	eb6177be3c9c564d		Minidregg.Kernel.PayChainTip.FreshnessReject → Minidregg.Kernel.PayClaimDecision.Reject
def	Minidregg.Kernel.PayClaimDecision.Reject.freshness.elim	50b49da5622b7a32c135d6da3be405eb21328e8f24c4493a14339e56faeb7b14	40bdf563eeda603e2f10b85e366b2588015dc604aeb7bd41458abd6924c8276a	1e37a74341f815637e494273578460f467857070831eb7f8270fef37ab38051d	10ea072c23d057b5	-	{motive : Minidregg.Kernel.PayClaimDecision.Reject → Sort u} → (t : Minidregg.Kernel.PayClaimDecision.Reject) → t.ctorIdx = 18 → ((reason : Minidregg.Kernel.PayChainTip.FreshnessReject) → motive (Minidregg.Kernel.PayClaimDecision.Reject.freshness reason)) → motive t
ctor	Minidregg.Kernel.PayClaimDecision.Reject.invalidEconomics	3b50a2323c8a15458b874d258d3814be8f46275b64a75c373df59983bc001c45	a97d982a7e58632ace5ce5fd7e2b7a619fb27ba57be54762be4048aa2c17c623	3982640c822760d46f09d280836f6ea70c264dcb02b06a2dcad4c79993d8f0ba	18dd898c053fbfe1		Minidregg.Kernel.PayClaimDecision.Reject
def	Minidregg.Kernel.PayClaimDecision.Reject.invalidEconomics.elim	847ceb1707dbbd846b54f55287f49019d3d95ca64e59cdf28099bdc6bc5abea6	8105ac0cb7cb1c56e83c65b87cea3b18861fcaef281db34d7ae958797187823b	5ded00048686d58d6822e7d3c207ddfadbc825e65ccb44cfefe5050463b7e5f7	4eba839355ec5876	-	{motive : Minidregg.Kernel.PayClaimDecision.Reject → Sort u} → (t : Minidregg.Kernel.PayClaimDecision.Reject) → t.ctorIdx = 10 → motive Minidregg.Kernel.PayClaimDecision.Reject.invalidEconomics → motive t
ctor	Minidregg.Kernel.PayClaimDecision.Reject.invalidOwner	1bb460f951879be606ff25e6b3344d7651339d2b824c0f8243441c7fc2b3a642	a97d982a7e58632ace5ce5fd7e2b7a619fb27ba57be54762be4048aa2c17c623	5e095d3e168542aba78f43b199927aeb1d7ec31505b614ec89b6c5b41fcad087	ef9bd0fc595879fc		Minidregg.Kernel.PayClaimDecision.Reject
def	Minidregg.Kernel.PayClaimDecision.Reject.invalidOwner.elim	51465eafc66c1539672ff7307b24907f0c08f9dc97a22f111b39b388d693b230	096185dbfa7faf4c71faa0bf87f75363ba4e3c131670e79c218f517665fec537	2013c953c96f289580293f46f4cd374675857860e54b5043d5774d3c3da83aae	fc325a171ee39dfc	-	{motive : Minidregg.Kernel.PayClaimDecision.Reject → Sort u} → (t : Minidregg.Kernel.PayClaimDecision.Reject) → t.ctorIdx = 11 → motive Minidregg.Kernel.PayClaimDecision.Reject.invalidOwner → motive t
ctor	Minidregg.Kernel.PayClaimDecision.Reject.invalidSignature	b88c279c1d6fdc2adf7a1e0af3e2931829d0161e58b98077fa93585cc053838a	a97d982a7e58632ace5ce5fd7e2b7a619fb27ba57be54762be4048aa2c17c623	41419a905291aec2a450404ddc6e50777b433b6bcad523dfd1f7ba4f1ab4a2cb	635c79b1910d7b75		Minidregg.Kernel.PayClaimDecision.Reject
def	Minidregg.Kernel.PayClaimDecision.Reject.invalidSignature.elim	c078c39ca7a7369283ba7e014d5608ad2f111de570b6d73c0150355c995e8303	e8b1777945d85f4f703baa076281fcf296182462e2779668d7cf47783e6fdd0a	248f3e585ab35ee1c1d37b57547f4f5ffa12640c16298ee6c416e4231483abdc	ac82c250e51bfc60	-	{motive : Minidregg.Kernel.PayClaimDecision.Reject → Sort u} → (t : Minidregg.Kernel.PayClaimDecision.Reject) → t.ctorIdx = 0 → motive Minidregg.Kernel.PayClaimDecision.Reject.invalidSignature → motive t
ctor	Minidregg.Kernel.PayClaimDecision.Reject.malformedClaim	cdda70a7a3d38bc7d5d74e956eb7d36090f5cbc350d814a7b3c49cf06580e27a	a97d982a7e58632ace5ce5fd7e2b7a619fb27ba57be54762be4048aa2c17c623	c4e9e9f9bfa3365100f0d9b1c72b8554ab4b8924d77605e2b269fb38710b39da	355e8c988edfde55		Minidregg.Kernel.PayClaimDecision.Reject
def	Minidregg.Kernel.PayClaimDecision.Reject.malformedClaim.elim	34b91f5f028bf229468069c0f6c1e74442f58803b8757748ca0778d70c7cecb9	607f6eaf1711e91726dde80174c519aa10db19d487c8a7e3698cd92290a96206	76de7b06f6d4caa6844a6c26e69e0e09c582b8d15604abc7b3358732a914f933	8e6946d8f32425b3	-	{motive : Minidregg.Kernel.PayClaimDecision.Reject → Sort u} → (t : Minidregg.Kernel.PayClaimDecision.Reject) → t.ctorIdx = 3 → motive Minidregg.Kernel.PayClaimDecision.Reject.malformedClaim → motive t
ctor	Minidregg.Kernel.PayClaimDecision.Reject.malformedMemo	1ff9e9436b051eec9c70e6acf9073e436e76e867f4723e0908ae34d32b06a41f	a97d982a7e58632ace5ce5fd7e2b7a619fb27ba57be54762be4048aa2c17c623	36cc95f41c98443de1d0b91217cb37ff2870d1305e09706c1b1d9e4475553c2a	3bd03a8ea26c5847		Minidregg.Kernel.PayClaimDecision.Reject
def	Minidregg.Kernel.PayClaimDecision.Reject.malformedMemo.elim	84a3c6fd15e9240f9db91c8c869fcd87a861562d17bb743880a736c9c6e95354	a42a58d8e005d6a86983530cc394b5ad350db08624b3c99ae5bb0ee4485ce9a5	ea994ebbd54e78a68cf810349d00c56025c30f7396df9353b04d5262fb30660f	17d7b267fe167098	-	{motive : Minidregg.Kernel.PayClaimDecision.Reject → Sort u} → (t : Minidregg.Kernel.PayClaimDecision.Reject) → t.ctorIdx = 4 → motive Minidregg.Kernel.PayClaimDecision.Reject.malformedMemo → motive t
ctor	Minidregg.Kernel.PayClaimDecision.Reject.missingClaim	4685dc75c902d2ac5a6b1d39216aec4ff9bc3b42422ff27509cdfa3adc247303	a97d982a7e58632ace5ce5fd7e2b7a619fb27ba57be54762be4048aa2c17c623	a718e4a6033a6924e393985b8c9f62c968676e1829d33014c47569b27d3037bc	2b841e043b840c7c		Minidregg.Kernel.PayClaimDecision.Reject
def	Minidregg.Kernel.PayClaimDecision.Reject.missingClaim.elim	328df97bb887e6be155ed96836b949d7501f45c597045a7daaaebf6a9c469d9d	fd68ae36c6c0eed11e9c7e430674b628245e2c40faf300f86476bf898d45b050	37fa003b9f1223272d86580cb7d0853aa2eebaf2677538e314ced9ab6ca07a72	3a248033e6f6ead7	-	{motive : Minidregg.Kernel.PayClaimDecision.Reject → Sort u} → (t : Minidregg.Kernel.PayClaimDecision.Reject) → t.ctorIdx = 2 → motive Minidregg.Kernel.PayClaimDecision.Reject.missingClaim → motive t
ctor	Minidregg.Kernel.PayClaimDecision.Reject.pendingHistoryMismatch	a33d80bae6cb12d38013d4e829dadead578d1079e95bc523c4e8c02230b1cbfd	a97d982a7e58632ace5ce5fd7e2b7a619fb27ba57be54762be4048aa2c17c623	b0f9fdbb1c25360868f8ffa3eb5f979d471b6e2bacb7eb1889aa19c238d704c5	3551b689563a6237		Minidregg.Kernel.PayClaimDecision.Reject
def	Minidregg.Kernel.PayClaimDecision.Reject.pendingHistoryMismatch.elim	ce0b6149b03884b5b175e77411e8399b70ccfc73146e53938d77807f50ebf0e6	e090bd13c039878a2bbc072d85ac58c0867f86a85204c8fcf60d0e368251741c	b9e1372904d95ebd579d4398279382e744e564add3f191cfaf08869311c01929	b012f10a2fd958ef	-	{motive : Minidregg.Kernel.PayClaimDecision.Reject → Sort u} → (t : Minidregg.Kernel.PayClaimDecision.Reject) → t.ctorIdx = 15 → motive Minidregg.Kernel.PayClaimDecision.Reject.pendingHistoryMismatch → motive t
ctor	Minidregg.Kernel.PayClaimDecision.Reject.pendingOwnerMissing	719101ba9708c8103eb2be4c33777bf0994d1d7cd98d4d3c4c968bc53c175b40	a97d982a7e58632ace5ce5fd7e2b7a619fb27ba57be54762be4048aa2c17c623	ed1dcc09b1defefde893b77bab444f65db0ef40fb0d85bcb5c8e8307268a8d7c	912a08bb8d518af7		Minidregg.Kernel.PayClaimDecision.Reject
def	Minidregg.Kernel.PayClaimDecision.Reject.pendingOwnerMissing.elim	ff1ed7b2cd5e5acb16fb943f8433966994d60777f85c2ce4c014505abd413bd0	257bb0bb28851ead42a0ea296266d9ec083f0a92d97096adf28e86b91e4a13d2	4f96aa0ae73e979a62733ecaed7bb39603ea0e48cf8f9294d0fd7af9362d7639	754b3952f225406a	-	{motive : Minidregg.Kernel.PayClaimDecision.Reject → Sort u} → (t : Minidregg.Kernel.PayClaimDecision.Reject) → t.ctorIdx = 14 → motive Minidregg.Kernel.PayClaimDecision.Reject.pendingOwnerMissing → motive t
ctor	Minidregg.Kernel.PayClaimDecision.Reject.quote	4d192546565a41e518abeebe327b95ba72990c837e75a54d77214f5413259ed1	3ad9d62bb36e9db097e1e08b63177a5cae8e6f31279f909f23ae4c62d8384e2c	e458802a3dbc5b26813333cd19a1273b46d0caca4d09ce13c7dbb510276d8f4d	0e14ad99ddb9035f		Minidregg.Kernel.PayEnrolClaim.QuoteReject → Minidregg.Kernel.PayClaimDecision.Reject
def	Minidregg.Kernel.PayClaimDecision.Reject.quote.elim	3dcba102c774cb9c08e485058f413c5a44ae0a5776e9a05cd907097da2c67dba	b60300d18c2e469339b66a96b820e27624598797347ebfd9ee43a8a5060396a4	c472ce27c08b7e4c721a8ac6d633f2db8fd9bac7678adcb0868ec5b386f84dfb	cf013ed47b7ed2a8	-	{motive : Minidregg.Kernel.PayClaimDecision.Reject → Sort u} → (t : Minidregg.Kernel.PayClaimDecision.Reject) → t.ctorIdx = 19 → ((reason : Minidregg.Kernel.PayEnrolClaim.QuoteReject) → motive (Minidregg.Kernel.PayClaimDecision.Reject.quote reason)) → motive t
ctor	Minidregg.Kernel.PayClaimDecision.Reject.recipientMismatch	557add88b72449f4d43f58a75b49c28c2bce47d90256cb53d1fd5bb7367f2457	a97d982a7e58632ace5ce5fd7e2b7a619fb27ba57be54762be4048aa2c17c623	fb702b31ec7d85dd801b749fa9c004858f499b781510eaa56cbfb54ea6c580b1	872f9909eeb372ea		Minidregg.Kernel.PayClaimDecision.Reject
def	Minidregg.Kernel.PayClaimDecision.Reject.recipientMismatch.elim	4e5c6b9d9eb82e20c2f514e38911aec5b20560561e397d06eb3fc4fcee30a608	6eb51d77ad1bc7dcc71e68e1bf98c905f7fe1c7e8551404135fe9be5b17ffeae	9829e651dd924fbbb93265b898d1d2fed1fc588baced9c6ff096422d25da1f81	f3c9bac8ba76f5df	-	{motive : Minidregg.Kernel.PayClaimDecision.Reject → Sort u} → (t : Minidregg.Kernel.PayClaimDecision.Reject) → t.ctorIdx = 6 → motive Minidregg.Kernel.PayClaimDecision.Reject.recipientMismatch → motive t
ctor	Minidregg.Kernel.PayClaimDecision.Reject.rotation	dbfbf5081de4fe226a4eb614373b74764079f095817144e79887fa6461d5d5d6	ca888d6b4ec82a7c13ecd3e2f00ba39cae3539c307ea5628c438acb2040ee48d	5aa8cd440cd7016ca9933fc0f37897ebbaca3c95e56b28b380a65c5bac2c4ad8	8bc79ee066f13c9a		Minidregg.Kernel.PayPendingRotation.Reject → Minidregg.Kernel.PayClaimDecision.Reject
def	Minidregg.Kernel.PayClaimDecision.Reject.rotation.elim	49e3172d3196a5f02ab4aa6d0cbecfc6ed3e2c8ef830bbeec8db44bb04223863	5617eb6208bfdbe73751916f483f9b5a2a74c6128ff473a808f2be345fd7043a	221575a60fedb84ec42b65bb90109678a6f565346ed9daff92508670f2b7a9b0	ddb490be3008f918	-	{motive : Minidregg.Kernel.PayClaimDecision.Reject → Sort u} → (t : Minidregg.Kernel.PayClaimDecision.Reject) → t.ctorIdx = 21 → ((reason : Minidregg.Kernel.PayPendingRotation.Reject) → motive (Minidregg.Kernel.PayClaimDecision.Reject.rotation reason)) → motive t
ctor	Minidregg.Kernel.PayClaimDecision.Reject.selfEnrolOff	2aa8fc6d38ea99bdb62d5c6982663df22f0cea6ab575bb34ec0cd9a91424de10	a97d982a7e58632ace5ce5fd7e2b7a619fb27ba57be54762be4048aa2c17c623	60c8f7cedf59a9c767977a3d71c91a898ffb77f7e86c9e96a37af4dac1e56507	ca122d7a7a33bae5		Minidregg.Kernel.PayClaimDecision.Reject
def	Minidregg.Kernel.PayClaimDecision.Reject.selfEnrolOff.elim	1d917bf144d588aa6db490cc9af4e9893c60c71dcb2837d277adcc164080c3fa	dc58d59dcab269e7a355b7cbb5c705661dd93d3659fc3058b260296f2a9ae0b3	7a34b428940854758d370eda170cba7d341a591312ccdbcac4b33018ee4e3896	a81f1dd97b9a2228	-	{motive : Minidregg.Kernel.PayClaimDecision.Reject → Sort u} → (t : Minidregg.Kernel.PayClaimDecision.Reject) → t.ctorIdx = 8 → motive Minidregg.Kernel.PayClaimDecision.Reject.selfEnrolOff → motive t
ctor	Minidregg.Kernel.PayClaimDecision.Reject.sshKeyMismatch	8322805779922742bffaf402a039368147f0645038448b5501a55b3e9c5336cf	a97d982a7e58632ace5ce5fd7e2b7a619fb27ba57be54762be4048aa2c17c623	65ca2cf2981886c8e5a4697b2541e03c96a7a08b4018b6a02662f46be434dd1e	88a2590e19904712		Minidregg.Kernel.PayClaimDecision.Reject
def	Minidregg.Kernel.PayClaimDecision.Reject.sshKeyMismatch.elim	852869f704459c7a947b53e40d79183470cd0208678b6f291336f917053098cc	ce6b92cff21221c951e650ad55a352eeeb38872007e4467601b309bb61e71b93	77ac41f41d29ec4b70e9a9ee4f0c8b511551f7ffc29a03535582e6e59828d12f	a16001b0a4944da3	-	{motive : Minidregg.Kernel.PayClaimDecision.Reject → Sort u} → (t : Minidregg.Kernel.PayClaimDecision.Reject) → t.ctorIdx = 17 → motive Minidregg.Kernel.PayClaimDecision.Reject.sshKeyMismatch → motive t
ctor	Minidregg.Kernel.PayClaimDecision.Reject.sshKeyTaken	dc8842d59b671a0e0e0b4c7deb9a6f5d43bd357c8b3770547df3f2417e57c73e	a97d982a7e58632ace5ce5fd7e2b7a619fb27ba57be54762be4048aa2c17c623	7f88f98ef888b217a9baa042cbe9ef4a5d7aef2653c47cb42a391d42455c68fd	a7f605803f4f6411		Minidregg.Kernel.PayClaimDecision.Reject
def	Minidregg.Kernel.PayClaimDecision.Reject.sshKeyTaken.elim	12cc560cf05e659914ba4353204ac89524db30c894558550a68956efd7158876	b48af2e07f34bda2e094ca9d8562bf2e1f9d51eeb2ba1719fd8b8744cb3d8a8e	96a0e0620bc4f8adce2a93f9052ee063b1a436bdc9ed97af41a75cc8f433bccd	88d46275d8990e78	-	{motive : Minidregg.Kernel.PayClaimDecision.Reject → Sort u} → (t : Minidregg.Kernel.PayClaimDecision.Reject) → t.ctorIdx = 16 → motive Minidregg.Kernel.PayClaimDecision.Reject.sshKeyTaken → motive t
ctor	Minidregg.Kernel.PayClaimDecision.Reject.subjectTaken	320bc2a63bb4198f89df026e5e2999594bc820d5d5da0a90d7609bb8cbbc1da4	a97d982a7e58632ace5ce5fd7e2b7a619fb27ba57be54762be4048aa2c17c623	476cd62f303d6090d204db8adc950ce81fdcb4fbe78a4b42831d0bf8a625e8b8	a11d5f8ea570cd5d		Minidregg.Kernel.PayClaimDecision.Reject
def	Minidregg.Kernel.PayClaimDecision.Reject.subjectTaken.elim	7844a4811cad3e91f02cd7e1a631adfbc34717506738c06ea4531a9fdc9c848d	b29d92f4958cf4eec11138cbcdf83a8191348e68debfa55fb932855744ea353a	0a16e4026bad4ee6449ed8bf0184017c451936b94768e19c3eb05215fbbc512b	bbca89f0cfcd30b4	-	{motive : Minidregg.Kernel.PayClaimDecision.Reject → Sort u} → (t : Minidregg.Kernel.PayClaimDecision.Reject) → t.ctorIdx = 13 → motive Minidregg.Kernel.PayClaimDecision.Reject.subjectTaken → motive t
ctor	Minidregg.Kernel.PayClaimDecision.Reject.tariffInvalid	25057abef9733935a272ec5f95286d34f807df3b3f3b354e24b2442c4e2ed524	a97d982a7e58632ace5ce5fd7e2b7a619fb27ba57be54762be4048aa2c17c623	85ea328f8c80e5a11b8be7768d8b4dfa6ec2a272fbb9e1832929a23ea3861c35	2c163a8f55ad3ed7		Minidregg.Kernel.PayClaimDecision.Reject
def	Minidregg.Kernel.PayClaimDecision.Reject.tariffInvalid.elim	3692b7020b101bbae3eed01a08ad70e86bfa3f5b539b99a3a3afdbe1c8cd9ad1	06f04c90ab5b6f8586006d7f1d5ae0562850ba5c2542b2a2d3c8ec1f935d4147	126cfcbac43b8a6a0d4a58a3907a1d8e54ab890336c61bf0ac17e3a876122093	75a92efa01495264	-	{motive : Minidregg.Kernel.PayClaimDecision.Reject → Sort u} → (t : Minidregg.Kernel.PayClaimDecision.Reject) → t.ctorIdx = 7 → motive Minidregg.Kernel.PayClaimDecision.Reject.tariffInvalid → motive t
inductive	Minidregg.Kernel.PayClaimDecision.RenewPlan	5602972c34ff3ca4a4961157682a49e11263a3375d7355bfbd8027ea7ebedf76	16946b93ac38405660f51e475eb5aa7d25b54f5e5677e0f6a10a4526cc071cbf	e4dc6888376f034c914138fbf334a702963762c1426c5540448e41f8a6d79b6d	020d359552ded855		Type
def	Minidregg.Kernel.PayClaimDecision.RenewPlan.input	3bfe845844abce561126f63cddfb7f910e76f8311e1f6588243150453a214125	6303ae1f2230d6cde4dcb2428836d9be3d91fa5f811c4ab11d95aecedf79721c	aa346fef70eeaec1fc9d033ebfbb7457d803aa7cdf93d554ee23f44012d36354	150bd923ea1380c2	-	Minidregg.Kernel.PayClaimDecision.RenewPlan → Minidregg.Kernel.PayEnrolV2Legs.RenewInput
def	Minidregg.Kernel.PayClaimDecision.RenewPlan.leaseFrom	b5e7af2b8baea8215852ee6a0bbc6bef626fd5de176eb906273afd8e264fd9d7	3c0ed2c8139b894560820a38208402be534e1e45468560c9a8de2eb68c126842	5a13eec577f604b60602916e4487c5f3d8c8f4936f9ebbd6d52100ddf8b08acc	b645b5fb04fd81e8	-	Minidregg.Kernel.PayClaimDecision.RenewPlan → ℕ
def	Minidregg.Kernel.PayClaimDecision.RenewPlan.leaseUntil	44cb9e9f6d8dd91700a203b052aac89c284cf9815cd5ffb45bf4ae76a98310a5	3c0ed2c8139b894560820a38208402be534e1e45468560c9a8de2eb68c126842	57909e1211dfec98f3cbf236c6776d69e37daf3b773c3b81c39a6911b344ec0c	fdb4740a072866dc	-	Minidregg.Kernel.PayClaimDecision.RenewPlan → ℕ
ctor	Minidregg.Kernel.PayClaimDecision.RenewPlan.mk	a0587bae244df9f533eab50da20e2c1ab66ab7f65ff0b80e53aa9cc5ba585d57	6cb648ca4c5b731bbd5d6a8a69a2eb4dfb06c39ede74405a43c7638dce976aef	959c53c41a6dde8bcc9c4a935b33c41464671defc615711e1b78bba4f778cf3f	d1504d68feae0d32		Minidregg.Kernel.PayEnrolV2Legs.RenewInput → Minidregg.Kernel.PayCell.ChainTip → ℕ → ℕ → Minidregg.Kernel.PayClaimDecision.RenewPlan
def	Minidregg.Kernel.PayClaimDecision.RenewPlan.patch	ffb2a7377d786922b2a82dd363e18198ace010c2b624e5f7ea1e9166c129c5b0	38e78dbbf921370430a89589f17cd9fa4071b380d7ec4ade110ae604cb44bcc0	63b6c5e7bd1f033410183ad8b2d3f78e6dd1f275906417a125770371e76cbdb0	73762eadae44d1be	-	Minidregg.Kernel.PayClaimDecision.RenewPlan → Minidregg.Theory.Store.Patch Minidregg.Kernel.PayCell.layout
def	Minidregg.Kernel.PayClaimDecision.RenewPlan.tip	9e595501246354c8949034dc5cb85b3aa3e09359fb1c0d0461090e261af38422	cb467f73608e977ffb663813e0144294eca2e3f24f1a37428eec8877c3662f27	2097eff32945c8626591f6e96b8b414eae65e28e59034869b3e2f08eb48dc0cf	ccd668a8e05ac342	-	Minidregg.Kernel.PayClaimDecision.RenewPlan → Minidregg.Kernel.PayCell.ChainTip
def	Minidregg.Kernel.PayClaimDecision.Request	553a20a6c65f8fc45976b01ace04e31f5c4a52f746dcfd438c5531c9fa81a0b2	89855d392aa192071e8a2b2230d30ecae8fc9de0c15fa6a53f6209226829292a	accea52246aeb380000ce1c0a28dd814a0ecd3fded284baff060089cd6db44b0	725372be90255e72	-	Type
theorem	Minidregg.Kernel.PayClaimDecision.admitted_missing_registry_refuses	1f51846d0ba6a35307bdfe25c86b69555610ada11325adf30bce9a032456f129	2d685a68bca0239732a2e7a32730b644a9cc7fbc567a0ee32c8c220e0c79753c	3a96f2cb73b68320d1506549d8fe0e9d084985cffbb2c1da5e03817728cff5c9	042610caf36a0436	Classical.choice,Quot.sound,propext	∀ (pay : Minidregg.Kernel.PayCell.PayStore) (authority : Minidregg.Kernel.PayClaimDecision.Authority) (identity : List UInt8) (before : Minidregg.Kernel.PayCell.EnrolRecord), Minidregg.Kernel.PayCell.enrolmentAt pay identity = Option.some before → Minidregg.Theory.CredentialAuthorityState.currentSigningKey (Minidregg.Compiler.CredentialAuthorityDomain.Snapshot.logical authority) { value := Minidregg.Kernel.PayEnrolMemo.subjectOf identity } = Option.none → Minidregg.Kernel.PayClaimDecision.resolveOwner pay authority identity = Except.error Minidregg.Kernel.PayClaimDecision.Reject.authorityUnavailable
def	Minidregg.Kernel.PayClaimDecision.consumptionPatch	e6e6a2128aafd9e5cc90e02493986a3e813e781eadc5728602fcf9e9c3a80184	4cb63f248147f2aed4242f9983f3b4ce6ea2d51396cbda6bf64cf6f24ecc048d	5097d9d5b27a4fa404febc953e614e47a403a0f7d7bc3c6dfab1c056c321fc73	a868ec57b7ddaa56	-	Minidregg.Kernel.PayClaimDecision.Origin → Minidregg.Kernel.PayClaimDecision.Consumption → Minidregg.Theory.Store.Patch Minidregg.Kernel.PayCell.layout
theorem	Minidregg.Kernel.PayClaimDecision.consumption_patch_consumes	9bdc9c2d24fc5737d6f3a9e5029151568f270bd099c5ead3419124b4ea04dcbe	107321569e3d4d8baff131d8df3c2063c09f3c20e6f915e455444ccf2efe92c9	143cf4eda4c1d94b54222f18f93f456a19e9d35d39c53d1d50651538834ae850	953f863352884a2f	Classical.choice,Quot.sound,propext	∀ (pay : Minidregg.Kernel.PayCell.PayStore) (origin : Minidregg.Kernel.PayClaimDecision.Origin) (consumed : Minidregg.Kernel.PayClaimDecision.Consumption), Minidregg.Kernel.PayCell.claimConsumptionAt (Minidregg.Theory.Store.Patch.run pay (Minidregg.Kernel.PayClaimDecision.consumptionPatch origin consumed)) (Minidregg.Kernel.PayEnrolClaim.Claim.id origin) = Option.some consumed
theorem	Minidregg.Kernel.PayClaimDecision.consumption_patch_preserves_origin	bec457f6eb585e3d22d2f1633d7deefd535d80b9e71d8b7db1148fd50605cca4	af2b1ef4a5dd9495a2e97f77c7d957df0e2dbcad1b9331012a410e2438b416f1	c2abcb4872276ecf5dca4884afa299f43f804d467e27ee8391b3b56eccbc1bc4	685ff7d54ee96d46	Classical.choice,Quot.sound,propext	∀ (pay : Minidregg.Kernel.PayCell.PayStore) (origin : Minidregg.Kernel.PayClaimDecision.Origin) (consumed : Minidregg.Kernel.PayClaimDecision.Consumption) (id : List UInt8), Minidregg.Kernel.PayCell.claimAt (Minidregg.Theory.Store.Patch.run pay (Minidregg.Kernel.PayClaimDecision.consumptionPatch origin consumed)) id = Minidregg.Kernel.PayCell.claimAt pay id
def	Minidregg.Kernel.PayClaimDecision.decide	2754c3fbfc8c29cb36f02576241678b09163c15ab3d75280cda220a131f5e6e9	3407b80d66ac3559128adfd1cb2c9320586cf2a74fa231ee8dd03d1dc403ad33	09451d644abde54cfab20ecdfcbd692d72a1b4efeb187e20ead2a5116ed71094	e62d360de01c75fa	Classical.choice,Quot.sound,propext	Minidregg.Kernel.PayCell.PayStore → Minidregg.Kernel.PayClaimDecision.Authority → Minidregg.Kernel.ClockCell.Clock → (pricing : Minidregg.Kernel.PayClaimDecision.Pricing) → (ingress : Minidregg.Kernel.PayClaimCommand.DecodedIngress) → Minidregg.Kernel.PayClaimCommand.Checked pricing.domain pricing.semantics ingress → Except Minidregg.Kernel.PayClaimDecision.Reject Minidregg.Kernel.PayClaimDecision.Decision
theorem	Minidregg.Kernel.PayClaimDecision.enrol_patch_preserves_origin	9717b88f8fd712c28f07c9a9c21998b4ffbc6e62b2b9d9cf7278864589206126	58a98d4b7d41c2ccbc1056fe09b478e0e86155cc2c71e34627229ec3698336ae	9f7938c875eada492d6481daa037ba125d2e196645674294e8bab0576e8fee07	07fd2216165cdf5a	Classical.choice,Quot.sound,propext	∀ (pay : Minidregg.Kernel.PayCell.PayStore) (plan : Minidregg.Kernel.PayClaimDecision.EnrolPlan) (account : ℕ) (id : List UInt8), Minidregg.Kernel.PayCell.claimAt (Minidregg.Theory.Store.Patch.run pay (plan.patch account)) id = Minidregg.Kernel.PayCell.claimAt pay id
theorem	Minidregg.Kernel.PayClaimDecision.invalid_signature_refuses	e7843bfd8e0e71f0e2ffd8991e8bb906a3cd5ea6bd64abc5c3e8ee60e7327c6e	84fbc60984ed1ac658a1b517695897b0406a634cbd4995d61a5947c7a99c3fdd	e098b56b66272756f470218811f9b509af2af38983ae070bcb15306ebf99f586	e8e47c9975bc7fe7	Classical.choice,Quot.sound,propext	∀ (pay : Minidregg.Kernel.PayCell.PayStore) (authority : Minidregg.Kernel.PayClaimDecision.Authority) (clock : Minidregg.Kernel.ClockCell.Clock) (pricing : Minidregg.Kernel.PayClaimDecision.Pricing) (ingress : Minidregg.Kernel.PayClaimCommand.DecodedIngress) (checked : Minidregg.Kernel.PayClaimCommand.Checked pricing.domain pricing.semantics ingress), checked.valid = Bool.false → Minidregg.Kernel.PayClaimDecision.decide pay authority clock pricing ingress checked = Except.error Minidregg.Kernel.PayClaimDecision.Reject.invalidSignature
def	Minidregg.Kernel.PayClaimDecision.makePlan	9544c334bd4bf890903d0cdb00f76c6eac0bc8b40b2e219e3aeaf766e4694071	9559e71a933b2d14ae1350ee2c134a125af51dd762e95d2c33808c4f05494a5d	8628828c49a8e8eabcdb26f4ae07062b2caff408a0c868ff75a115495ab4b0a8	5e031f58afa2eef3	Classical.choice,Quot.sound,propext	Minidregg.Kernel.PayCell.PayStore → Minidregg.Kernel.PayCell.ChainTip → Minidregg.Kernel.PayClaimDecision.Origin → Minidregg.Kernel.PayClaimDecision.Consumption → Minidregg.Kernel.PayEnrolMemoV2.Memo → ℕ → Minidregg.Kernel.PayClaimDecision.Owner → Minidregg.Kernel.PayClaimDecision.AcceptancePlan
theorem	Minidregg.Kernel.PayClaimDecision.makePlan_retains_origin	c761022d236b2bd0042af017da9ca3924e768bc317f7da51ae8a250881ee1603	4f22f73f24b9c4e2e70c02367ec1027cb275aa129ceea3ad63c9f99ea6e161f5	d8ec229cb3c0c7c934ef16a08243bc255e8a38c812305f476ef5a45bda1367a5	e3481d668d6b8fdd	Classical.choice,Quot.sound,propext	∀ (pay : Minidregg.Kernel.PayCell.PayStore) (tip : Minidregg.Kernel.PayCell.ChainTip) (origin : Minidregg.Kernel.PayClaimDecision.Origin) (consumed : Minidregg.Kernel.PayClaimDecision.Consumption) (memo : Minidregg.Kernel.PayEnrolMemoV2.Memo) (float : ℕ) (owner : Minidregg.Kernel.PayClaimDecision.Owner), (Minidregg.Kernel.PayClaimDecision.makePlan pay tip origin consumed memo float owner).origin = origin ∧ (Minidregg.Kernel.PayClaimDecision.makePlan pay tip origin consumed memo float owner).consumption = consumed
theorem	Minidregg.Kernel.PayClaimDecision.pending_plan_keeps_current_owner	c8feeb873c6d7d594cbf916ff7f955053b59e94581fb17b4286f561778b40509	e581c6d2a2a23b1a85651c711621fb61b271681e0eeb5f5a7c5c4e6d7cf1c0c3	8c9ae3af2f788d603900d0bd71d47fe010a5e325e82e289899a34d1793aeccc2	3640bb52c7776d3d	Classical.choice,Quot.sound,propext	∀ (pay : Minidregg.Kernel.PayCell.PayStore) (tip : Minidregg.Kernel.PayCell.ChainTip) (origin : Minidregg.Kernel.PayClaimDecision.Origin) (consumed : Minidregg.Kernel.PayClaimDecision.Consumption) (memo : Minidregg.Kernel.PayEnrolMemoV2.Memo) (float : ℕ) (owner : Minidregg.Kernel.PayEnrolClaim.PendingOwner), (Minidregg.Kernel.PayClaimDecision.makePlan pay tip origin consumed memo float (Minidregg.Kernel.PayClaimDecision.Owner.pending owner)).input = Minidregg.Kernel.PayEnrolV2Legs.Input.enrol (Minidregg.Kernel.PayEnrolV2Legs.ofAcceptedEnrol origin consumed float owner)
theorem	Minidregg.Kernel.PayClaimDecision.renew_patch_preserves_origin	b0bf8ff59917cf64ff021d074dabcea4292270d283568306f2fb435c8ae70ed7	9738b98746b7b2d8dc3b9487c4a5260db7c55a7b2bd3e198fe4fa3f22db194da	9c13b8cd0ac3f2be3d854ab6a1da3fad9e3d2fbbc27d2a1cbec54177e3304e9c	f1cfc06fd157f60c	Classical.choice,Quot.sound,propext	∀ (pay : Minidregg.Kernel.PayCell.PayStore) (plan : Minidregg.Kernel.PayClaimDecision.RenewPlan) (id : List UInt8), Minidregg.Kernel.PayCell.claimAt (Minidregg.Theory.Store.Patch.run pay plan.patch) id = Minidregg.Kernel.PayCell.claimAt pay id
theorem	Minidregg.Kernel.PayClaimDecision.renew_patch_preserves_pending_owner	83d39f3e65f6146ce7d994dc7bf741d5cfc7e432cadcbe32cefd1458c8d938be	8909c62b25fb8ffc992997a88fbaf8bf0d3cda07b2c865a0451de6c84c84daff	6527d54310a633391c0a2c2665215c8a55a89a8cb7f580516d689d351867506a	88ace33aa50e0577	Classical.choice,Quot.sound,propext	∀ (pay : Minidregg.Kernel.PayCell.PayStore) (plan : Minidregg.Kernel.PayClaimDecision.RenewPlan) (identity : List UInt8), Minidregg.Kernel.PayCell.pendingOwnerAt (Minidregg.Theory.Store.Patch.run pay plan.patch) identity = Minidregg.Kernel.PayCell.pendingOwnerAt pay identity
def	Minidregg.Kernel.PayClaimDecision.resolveOwner	9a8da013ad0145fcacfc53cec98056cde5cbabe118ac99e328d11370150534b0	f93706df5d0cfce7440d27516e7ac3626e229e0a551fc32e4b5bdcd643930daf	516d4bf42a0d4e78a1ed822269899db7e0c13f63e6b4e8614686fb0951ee5b82	166226f3e6280d32	Classical.choice,Quot.sound,propext	Minidregg.Kernel.PayCell.PayStore → Minidregg.Kernel.PayClaimDecision.Authority → List UInt8 → Except Minidregg.Kernel.PayClaimDecision.Reject Minidregg.Kernel.PayClaimDecision.Owner
theorem	Minidregg.Kernel.PayClaimDecision.rotation_independent_of_clock	60fdbcda9905d6923e07299efdb97874ece5f133bee4bdd10b5da90b67930413	0e1df2303c08d0d54d78059756e3f4d552bd7af10973e98bc0f3cc67ad156a32	6a3201ea3d0349a2666c49550b2d794fba2478f74d814ec4f5abe60e4ab54ca1	b4619294ba2fd1eb	Classical.choice,Quot.sound,propext	∀ (pay : Minidregg.Kernel.PayCell.PayStore) (authority : Minidregg.Kernel.PayClaimDecision.Authority) (left right : Minidregg.Kernel.ClockCell.Clock) (pricing : Minidregg.Kernel.PayClaimDecision.Pricing) (ingress : Minidregg.Kernel.PayClaimCommand.DecodedIngress) (checked : Minidregg.Kernel.PayClaimCommand.Checked pricing.domain pricing.semantics ingress) (rotation : Minidregg.Kernel.PayClaimCommand.RotatePendingOwner), ingress.command.action = Sum.inr rotation → Minidregg.Kernel.PayClaimDecision.decide pay authority left pricing ingress checked = Minidregg.Kernel.PayClaimDecision.decide pay authority right pricing ingress checked
theorem	Minidregg.Kernel.PayClaimDecision.rotation_no_credit	7f5d9ba7e45379ab0c4bd7e27a701a9e442f18c5e28e3b7f5de9b2cc02c42546	978df0cae0fabbcd18fb490fcb67926fc968665599b79688a641ddb502ecb82c	eca9dcfc042d650ef83c9917c11fb324720e0d37f1d6465a825b0afa4b247583	3c359c140a351f30	-	∀ (patch : Minidregg.Theory.Store.Patch Minidregg.Kernel.PayCell.layout), (Minidregg.Kernel.PayClaimDecision.Decision.rotate patch).input = Minidregg.Kernel.PayEnrolV2Legs.Input.noCredit ∧ (Minidregg.Kernel.PayClaimDecision.Decision.rotate patch).mintedCredit = 0
theorem	Minidregg.Kernel.PayClaimDecision.success_requires_signature	bfc1b5b88ed7dd1ecb9990b90b2d39c7fbece10d9d5b288807ce7835e16982de	e58214f1d101f617320f6ab795c01e43afd4abe152e0024bc9c1d2b03f8ee075	cd4ee4f917e32744d3ac948cd7bd7c3c8a569ecaf9baf955a889fe5406172c92	b943e1ff8bf0a52e	Classical.choice,Quot.sound,propext	∀ (pay : Minidregg.Kernel.PayCell.PayStore) (authority : Minidregg.Kernel.PayClaimDecision.Authority) (clock : Minidregg.Kernel.ClockCell.Clock) (pricing : Minidregg.Kernel.PayClaimDecision.Pricing) (ingress : Minidregg.Kernel.PayClaimCommand.DecodedIngress) (checked : Minidregg.Kernel.PayClaimCommand.Checked pricing.domain pricing.semantics ingress) (result : Minidregg.Kernel.PayClaimDecision.Decision), Minidregg.Kernel.PayClaimDecision.decide pay authority clock pricing ingress checked = Except.ok result → checked.valid = Bool.true
def	private Minidregg.Kernel.PayClaimDecision.acceptRequest @Kernel.PayClaimDecision	657bc8164a1e1d088f607c802972d0b9b1894ea52d85a3f0d87f8798d1277f9d	54f1a71264462ad7b5800a42e7df9a08c90624414e15aa739290e92944ea97ab	89d77dec0ea4f181772dcab70153099dc261a203070761a4f4eb59d7bf46fe76	00c2642beaea9c99	Classical.choice,Quot.sound,propext	Minidregg.Kernel.PayCell.PayStore → Minidregg.Kernel.PayClaimDecision.Authority → Minidregg.Kernel.ClockCell.Clock → Minidregg.Kernel.PayClaimDecision.Pricing → Minidregg.Kernel.PayClaimDecision.Request → Except Minidregg.Kernel.PayClaimDecision.Reject Minidregg.Kernel.PayClaimDecision.AcceptancePlan
