# Kernel.ApplicationFailedStartRecoverySource: Objective contract manifest. Written by `scripts/check-objective-proofs.sh proofs --pin`;
# a removed or changed row needs a line in scripts/gates/objective-contract-changes.txt.
inductive	Minidregg.Kernel.ApplicationFailedStartRecoverySource.Source	f16007ed795f5a76ea7c8d28c778eae1549d2e34d72f6d8d54928ff0f876a366	16946b93ac38405660f51e475eb5aa7d25b54f5e5677e0f6a10a4526cc071cbf	d7c9ef239aa6486ec6fcc2ae4c30be288be0042b64c740ff4a4baf690abfbbb7	0348ea4f73d8c470		Type
def	Minidregg.Kernel.ApplicationFailedStartRecoverySource.Source.app	355cf5acf9e2f8ded331150bc4503dab80205151b0a20c026b7a1ac8a1165357	0272053e62437d1d990427454473609f99a572bda0913731ce9453645d1573d6	b72a1d1484add81205b1c2030e12dc7cd987ba9a81082f9c6045421fbc385910	1e13820aa80c99a0	-	Minidregg.Kernel.ApplicationFailedStartRecoverySource.Source → ℕ
def	Minidregg.Kernel.ApplicationFailedStartRecoverySource.Source.appCapability	35cec6cefbeebb6410b38c92a57ffadaf350eac98e9b58e3dc3d350ba68b1c28	e10641f871c01723ed5f825f05a90062fa24b28be75bcf5d086893c2ed58af8d	c1109ec4915bf97d0a5de0a1af2e9561d5ba4565c2926e7a99df17c31a21ed1c	ffb6ccd3194e7518	-	Minidregg.Kernel.ApplicationFailedStartRecoverySource.Source → Minidregg.Theory.TypedAuthorization.CapabilityId
def	Minidregg.Kernel.ApplicationFailedStartRecoverySource.Source.appObserveCapability	09c46aa7c2df7ded1d610515d6ac5f0ad0c09a2bd388de763632920769787dfc	e10641f871c01723ed5f825f05a90062fa24b28be75bcf5d086893c2ed58af8d	7f4abc03c6f187577e892838f856587c6d2e6e7e6aed54f75db45f0b94f73a52	fe7aa917e9751561	-	Minidregg.Kernel.ApplicationFailedStartRecoverySource.Source → Minidregg.Theory.TypedAuthorization.CapabilityId
def	Minidregg.Kernel.ApplicationFailedStartRecoverySource.Source.canonicalBytes	35f6973b779854bcb3b8ca99ccbf24d0fa041771262b3c7ad6fe5dfedf02762c	dd83a8179ca0cc57091bd13874fa3ab3569e1fc10a4f932d12068ebab9208520	3f645ebdbaebbc71988473dc822120fc33c59122cba13885a4b4e5b9e9992b30	74179da4bc0afb7b	Classical.choice,Quot.sound,propext	Minidregg.Kernel.ApplicationFailedStartRecoverySource.Source → List UInt8
def	Minidregg.Kernel.ApplicationFailedStartRecoverySource.Source.claimedState	266b81f4d44e39a49552dcd0a0422271c1ceb9b3f25730bf7ffcbc55237706a8	d9e1574186a8e506c2c378a2439ba92e3b8c0a46b8d8b25d6e4542a83f111211	f672358551051ecf6b440287d25ab17b00271d16edd049602e799e20968c6b71	63ca9f1badf93570	-	Minidregg.Kernel.ApplicationFailedStartRecoverySource.Source → Minidregg.Kernel.ApplicationGrain.State
def	Minidregg.Kernel.ApplicationFailedStartRecoverySource.Source.command	49fea57a842782656996bd7a4154ffc6f1a5dd1ce7fb511c99ba14296482a0d9	3aaa31dac9dfbfed06f540bac6908c7a1e202ced9ad56af4e150e9220543bcb7	4ebf89d44117e4fd9707f82b5fb97c543bfb94960f9f60cced43695a6af8b23c	959ad1ba58935597	Classical.choice,Quot.sound,propext	Minidregg.Theory.TypedAuthorization.Digest → Minidregg.Theory.TypedAuthorization.Digest → Minidregg.Kernel.ApplicationFailedStartRecoverySource.Source → Minidregg.Kernel.DeclaredResourceController.Command
theorem	Minidregg.Kernel.ApplicationFailedStartRecoverySource.Source.command_has_app_first	f6d8e940b7fdbca28d0e328afd95a389ccd5be27402580c970649d59fb9d623a	c6cc75c2bfc035b587196d49451f517cfa7155c32192984c48af8867b8fae413	a454158057c6233ea8add7e180fcde524149e9099ef6c70ddbebd162ae15d935	a4f0ff6a01475ecb	Classical.choice,Quot.sound,propext	∀ (domain semantics : Minidregg.Theory.TypedAuthorization.Digest) (source : Minidregg.Kernel.ApplicationFailedStartRecoverySource.Source), (Minidregg.Kernel.ApplicationFailedStartRecoverySource.Source.command domain semantics source).targets.head? = Option.some (source.operation.target source.app source.appCapability source.currentAppRoot source.claimedState (Option.some source.appObserveCapability))
theorem	Minidregg.Kernel.ApplicationFailedStartRecoverySource.Source.command_subject	99e186aede00fea09996f4635cd59afb0d09bf9b52e01e278f9cd5cff2082a58	31297282451feb02260ca29036c6c7a18cb7a20bfeab70be0f2110064dd29f1d	f04c5c8e01c2cab378a8b9acf6d5677982fb85fd2af6e11606101e121426b8b3	3c4688d831ea8471	Classical.choice,Quot.sound,propext	∀ (domain semantics : Minidregg.Theory.TypedAuthorization.Digest) (source : Minidregg.Kernel.ApplicationFailedStartRecoverySource.Source), (Minidregg.Kernel.ApplicationFailedStartRecoverySource.Source.command domain semantics source).subject = source.originalBegin.base.source.managementSubject
def	Minidregg.Kernel.ApplicationFailedStartRecoverySource.Source.currentAppRoot	50a53d24ff5368188c2fca95bbf427ecf3fdd4178767bf49ee0788c1cb960734	85d92e48d52df9934b0d06e0a497f69a42511f595c497094bd20c73e12b58f09	2636e0a057ae61a234d68a688a9adf9f08f09229f1ea11b85fd16611b725ece3	36082b3f74460347	-	Minidregg.Kernel.ApplicationFailedStartRecoverySource.Source → Minidregg.Theory.TypedAuthorization.Digest
def	Minidregg.Kernel.ApplicationFailedStartRecoverySource.Source.currentPackageRoot	b312d7bbed5896de6fac3ffaf83a9bf3e17b31ae43ac3f6b51558ae112959d40	85d92e48d52df9934b0d06e0a497f69a42511f595c497094bd20c73e12b58f09	0e70033baa73d5a5ed5accb9712ad257a870dbefb9646c8355780a1a9019d1e4	959f005cec5cb2e0	-	Minidregg.Kernel.ApplicationFailedStartRecoverySource.Source → Minidregg.Theory.TypedAuthorization.Digest
def	Minidregg.Kernel.ApplicationFailedStartRecoverySource.Source.kind	a08f11841a976bf91e2752aa704bf562d63cc0654ea4195b40a5949fb9d16d75	20ef9df88b35042525e7a3aa9af7c5ebc9c2d29c7b09ac0c40b0bbd93af5d920	8d95eed773f9f13f734c224e3cb6d9227f56ede4ea3203236931c68f61ed50c4	c0e389574e25eab0	-	Minidregg.Kernel.ApplicationFailedStartRecoverySource.Source → Minidregg.Kernel.ApplicationLifecycleBegin.Kind
def	Minidregg.Kernel.ApplicationFailedStartRecoverySource.Source.manifestBytes	1b987ba1aef5a71aed7ed3a870dc6349651b34fbbf2594e344d8f21494e9adba	dd83a8179ca0cc57091bd13874fa3ab3569e1fc10a4f932d12068ebab9208520	d85d5e6f168a49f965139989958d027063e1e81ed847012352dc05b51b21a119	619343216c5b8d2f	Classical.choice,Quot.sound,propext	Minidregg.Kernel.ApplicationFailedStartRecoverySource.Source → List UInt8
ctor	Minidregg.Kernel.ApplicationFailedStartRecoverySource.Source.mk	729d3f5aaa810378ec3bd1b4f8055a26b0e9550d197f50030a7894d4f18ad989	692ea53e29b5febe106ebaeadfb524c93a3772846be941cc7d7722220f087a69	9d8268aee1807d37a7cdf96ac82c7a412f48a4a7a2ec5f50077b4396bcdf7a84	246ca87d76afb0fa		Minidregg.Kernel.ApplicationLifecycleBeginV3Ingress.Ingress → Minidregg.Kernel.ApplicationLifecycleClaimV3Ingress.Ingress → Minidregg.Kernel.ApplicationFailedStartRecoveryReport.Signed → Minidregg.Theory.TypedAuthorization.Digest → Minidregg.Theory.TypedAuthorization.Digest → Minidregg.Theory.TypedAuthorization.CapabilityId → Minidregg.Theory.TypedAuthorization.CapabilityId → Minidregg.Theory.TypedAuthorization.CapabilityId → Minidregg.Theory.TypedAuthorization.CapabilityId → Option Minidregg.Theory.Hyperdocument.AtomRecord → Minidregg.Kernel.ApplicationFailedStartRecoverySource.Source
def	Minidregg.Kernel.ApplicationFailedStartRecoverySource.Source.needsPackageWrite	5e34dd22cf9099ae3d03995af20ec38221d93af94c2b803478f6448f303e1bf9	2917ecf56f94d0129484e4d38c59589cc74f1b23ff64bbadc2b4a72fd4dc02e1	b046f220751c2f5924ac188a705ecb79e08628814d6be88ef3ff54d019b1bcfc	ba381b5a479ca4c3	-	Minidregg.Kernel.ApplicationFailedStartRecoverySource.Source → Bool
def	Minidregg.Kernel.ApplicationFailedStartRecoverySource.Source.operation	dc4ee92c763446001d08fd45d9cb0b54221d3c14acb7201498f29186269e08fe	26a7545ad8b839a12f30aebcabd919631cf3041120098e443471a4a8af9937e3	560c233fb0b32a6f8472cffa810c9568637edc2d12dea896dbf7df469bcb5cd1	4b2f70c8c8718377	-	Minidregg.Kernel.ApplicationFailedStartRecoverySource.Source → Minidregg.Kernel.ApplicationGrain.Operation
def	Minidregg.Kernel.ApplicationFailedStartRecoverySource.Source.originalBegin	f802d1ac85c23bd27794110d086b5ac977dcc7e776f3e390a25f11de137d1994	87d890a7c8ad2244a2286ba7a66019a53f4ec56d8f07047f4a8e9c33fd0b9e09	19cff16703152fff7254ff4c5f4cea1f16d8614e6806f40daad2773177622e2d	f6b43ef91aabad2e	-	Minidregg.Kernel.ApplicationFailedStartRecoverySource.Source → Minidregg.Kernel.ApplicationLifecycleBeginV3Ingress.Ingress
def	Minidregg.Kernel.ApplicationFailedStartRecoverySource.Source.originalClaim	26b2f02779feea9f79315a0fd57736a2cef247492de87ad793e2b1ab499d324d	42ce6002b0480593d837c2dd3f655fd59a5562726189a17a37264d3ea4857bcc	86645c9419ed5a84b7d8b5af3c9d55d11ad1f2f2fef12942a7631aadfcb33f8b	40cb62173a02993b	-	Minidregg.Kernel.ApplicationFailedStartRecoverySource.Source → Minidregg.Kernel.ApplicationLifecycleClaimV3Ingress.Ingress
def	Minidregg.Kernel.ApplicationFailedStartRecoverySource.Source.packageAction	a2dac89d4c17cd4cc61bfa4cd1e00d6b1e4d120557ab45534aca972ac6b58355	ac7ba601c0281ac26b692721c34ef834a75b09b6cd556165de8c166ddcb1d7bd	4670a774a629ca889e33cbf63dd335cee9fe9e0316a63439c29b249848af2c80	a58073da8bc3a9a9	Classical.choice,Quot.sound,propext	Minidregg.Theory.TypedAuthorization.Digest → Minidregg.Kernel.ApplicationFailedStartRecoverySource.Source → Minidregg.Kernel.ContentResource.Action
def	Minidregg.Kernel.ApplicationFailedStartRecoverySource.Source.packageAtomBefore	fb831a86355788eb03307a302847b0d31fd805832b2527f868597c548acea2fc	43a04ec4d5896111d9af4cf11b6c1c80434ea9141e0324f9881371d4921ec7fe	3ffc599ca82f3ce57e3588811eddf01be3eba534ac9b42fbf1933c35d2434d7f	e09f1e56a20d4283	-	Minidregg.Kernel.ApplicationFailedStartRecoverySource.Source → Option Minidregg.Theory.Hyperdocument.AtomRecord
def	Minidregg.Kernel.ApplicationFailedStartRecoverySource.Source.packageCapability	55d76457c147ad63de4645599233614a7b2269e734ead277609eab49804e4632	e10641f871c01723ed5f825f05a90062fa24b28be75bcf5d086893c2ed58af8d	eb7ffcacbaf78f9454849ec44c531b7d3d7db402c68c354ae7db3cdfee613fe4	33bff8c6efdd38c4	-	Minidregg.Kernel.ApplicationFailedStartRecoverySource.Source → Minidregg.Theory.TypedAuthorization.CapabilityId
def	Minidregg.Kernel.ApplicationFailedStartRecoverySource.Source.packageObserveCapability	fd032fde767b1353e3953375df1faf26916ed95a3d73de7cf718a80264666673	e10641f871c01723ed5f825f05a90062fa24b28be75bcf5d086893c2ed58af8d	ad812a6d5d934d8de7ef8d82282d131ff1d9aee1172bbf58f0ac331d682fec87	d54e1c9186414f65	-	Minidregg.Kernel.ApplicationFailedStartRecoverySource.Source → Minidregg.Theory.TypedAuthorization.CapabilityId
def	Minidregg.Kernel.ApplicationFailedStartRecoverySource.Source.packageTarget	29ebcb15d7eebf47f61325a084d4ba80435805484d4eab65b20aee16abfa33b9	0b05325ff28300ff2a33a8f2064a5ff6bcf79fdf9c7bc4e630831c64d5d444aa	7975b31893946e4d67fc13f3f085c3ecb8fc34c7a87e0677807777b847b7192f	fc16c3d472f57619	Classical.choice,Quot.sound,propext	Minidregg.Theory.TypedAuthorization.Digest → Minidregg.Kernel.ApplicationFailedStartRecoverySource.Source → Minidregg.Kernel.DeclaredResourceController.Target
def	Minidregg.Kernel.ApplicationFailedStartRecoverySource.Source.physical	365cd33788804307f3588c4cbe9d340377b82330be2ce9a37565ace9ebf71444	460b12408f88a304f35c972738f0225da41efa643776ed91160d6beb787f35a8	21716fc3e77d066e8139d886994c1e5bd14d1a1b0897f6a050348168627d9987	dbff23ca37540f49	-	Minidregg.Kernel.ApplicationFailedStartRecoverySource.Source → Minidregg.Kernel.ApplicationFailedStartRecoveryReport.Signed
def	Minidregg.Kernel.ApplicationFailedStartRecoverySource.Source.valid	0bd09da40b2450db5c72a2ac560232f83b26d63831905be142a9f3deedfc0671	2917ecf56f94d0129484e4d38c59589cc74f1b23ff64bbadc2b4a72fd4dc02e1	786750888d00ceaf5ad06ff793ad34e12a9876c28db79001c557c03d20add510	ce7d1951f5886379	Classical.choice,Quot.sound,propext	Minidregg.Kernel.ApplicationFailedStartRecoverySource.Source → Bool
def	Minidregg.Kernel.ApplicationFailedStartRecoverySource.codec	7a15c6003948fe322de62840851de1ee63c4e01e99f4e75c315fce5997a82323	6687855e8c726784ab729378f3e895d0794d400a52ee5bb0686b9229e27b676c	e5b2169fb7ea4ff03b43bb82e706a95f1cfa6cc7c5d178c674a567748067a624	ae15d88f1a1438a1	Classical.choice,Quot.sound,propext	Minidregg.Theory.IndexedProgram.LawfulCodec Minidregg.Kernel.ApplicationFailedStartRecoverySource.Source
def	Minidregg.Kernel.ApplicationFailedStartRecoverySource.frame	9ee0b2d1e9987e8080d5ee6892249004ac7c048ef575813b67ef96a5b1207601	268fce01293bcb84de059c093737d89d8980bbc789bd14e1bc6693665008f358	9537a2750d365b9ff1b2393805862d208c3d10e49495d26c16b38458ee9b155b	6244c94fe8c6eeff	propext	List UInt8
theorem	Minidregg.Kernel.ApplicationFailedStartRecoverySource.recovery_stopped_generation	2be61c644276ffa2037ead5958f5c7084aff0b6572ce9996318b01437635b427	97321c6480fae96ac78e101280257710fd9474ce9733b6b91bd5920e6d197de7	d7ec4602f64a91bf9fbc4c9c2e821d64ec4e775700812993dd8759046ba75584	b3a4963d9a4d84d4	-	∀ (source : Minidregg.Kernel.ApplicationFailedStartRecoverySource.Source), (source.operation.after source.claimedState).phase = 2 ∧ (source.operation.after source.claimedState).generation = source.claimedState.generation + 1 ∧ (source.operation.after source.claimedState).packageVersion = source.claimedState.packageVersion ∧ (source.operation.after source.claimedState).snapshotVersion = source.claimedState.snapshotVersion
def	Minidregg.Kernel.ApplicationFailedStartRecoverySource.sourceStream	773fbbd12a30f79612790f0e2bd5a7dc701c9727d8abba368931616e301fd7ba	adb6baa8f55a7f6926e0a827a5bf94725cdd753e7856f79b7ea5e9b32158af1e	068ae5a18d3261052fb7cbdf124c7876ce538114dc494fb6399157da89f17dcf	f86a7c3c279a3383	Classical.choice,Quot.sound,propext	Minidregg.Compiler.Tower256ConcreteBackend.StreamCodec Minidregg.Kernel.ApplicationFailedStartRecoverySource.Source
