# Kernel.FnConsumerScope: Objective contract manifest. Written by `scripts/check-objective-proofs.sh proofs --pin`;
# a removed or changed row needs a line in scripts/gates/objective-contract-changes.txt.
inductive	Minidregg.Kernel.FnConsumerScope.Scope	8acdc87bb1e7e8dafaa91ef1695433542aa8b7d2474b3c99a6b6407a2b213216	16946b93ac38405660f51e475eb5aa7d25b54f5e5677e0f6a10a4526cc071cbf	78f1166ebe4c9f4953c4deda60d574d268a95a19d8196fabb7220ff1e609a99c	e7c6ab56b65a4a7c		Type
def	Minidregg.Kernel.FnConsumerScope.Scope.consumer	523bdf93a4367aa65a6155a988f87e0b6d6bc036e76913b4e38514956fb08743	2c715599b65b1d9880593ac9e6e1026eeb5de14d16bb789486f1fe2e22286525	5920e4d4550d934a654939e159e02f4a3ab0f66b1fc8785652a5492afcd77000	b767ebae0b9198f3	-	Minidregg.Kernel.FnConsumerScope.Scope → List UInt8
def	Minidregg.Kernel.FnConsumerScope.Scope.history	4e0cbe2a2bccf16ddb79de62b20f61b0ba6a1b77479fe6ac903dbe2052140aa6	2c715599b65b1d9880593ac9e6e1026eeb5de14d16bb789486f1fe2e22286525	5910385dbe2046fb074893cdb670a59cfb5cf62e0f9084899e3906981cc018c5	b60de0b7baa3fe7e	-	Minidregg.Kernel.FnConsumerScope.Scope → List UInt8
def	Minidregg.Kernel.FnConsumerScope.Scope.incarnation	09007b66993e612bdc8051e5a28b6ec81c48f2d7311ad44427240d2c005610c1	2c715599b65b1d9880593ac9e6e1026eeb5de14d16bb789486f1fe2e22286525	ad368e1aa789164bae4fd2032dc466aef87bc328ab8f59bcf4316edab74c00f6	9b1bffc17cf3b508	-	Minidregg.Kernel.FnConsumerScope.Scope → List UInt8
ctor	Minidregg.Kernel.FnConsumerScope.Scope.mk	8e3c41dc27737c5b80913d7f715f11a5bf14747d13379ae1fc484647a85cc197	6037b255f58402a263e9cef6b4f942c5f4a9a9cadfe6082e189142abfe0cb60e	f0313fd3e08c37765b5194f8aefb6e658bcc680cb42d999dbc064354f912a505	938d75c5cfe5ce0e		List UInt8 → List UInt8 → List UInt8 → List UInt8 → List UInt8 → ℕ → ℕ → ℕ → Minidregg.Kernel.FnConsumerScope.Scope
def	Minidregg.Kernel.FnConsumerScope.Scope.principal	2df6de88eec1961c5652bd3478fe24a05913ffe704c2d542d4df10f17f541ca5	2c715599b65b1d9880593ac9e6e1026eeb5de14d16bb789486f1fe2e22286525	7d1c7ad8a5cda214f0cab18231e16c38bee656ce30390e6593c48e48e606a9cf	0d0f6b861d3f717c	-	Minidregg.Kernel.FnConsumerScope.Scope → List UInt8
def	Minidregg.Kernel.FnConsumerScope.Scope.query	c57d6d1f56022f779ee47974b3cc2490a339a380c106056a44e5aa2160916f6c	2c715599b65b1d9880593ac9e6e1026eeb5de14d16bb789486f1fe2e22286525	c02a2dda6581ab8cd791ca4133139ef284d240c15567876f7dee8d53532f6567	da0200a274b73eff	-	Minidregg.Kernel.FnConsumerScope.Scope → List UInt8
def	Minidregg.Kernel.FnConsumerScope.Scope.queryVersion	171aca386f6c3f57875ba959a7882add6a005c0c20ff996b63718571e2d54abf	95088e123475f4b77a7642ade3a55d79fcb35f394e3cd724be475dea827c8049	61085647fa3690a0c076c15f7f861cf477e8a1ddb4ba86938fced64f93bed090	27e9895a9d492bf1	-	Minidregg.Kernel.FnConsumerScope.Scope → ℕ
def	Minidregg.Kernel.FnConsumerScope.Scope.registrationEpoch	2561ca54304a9e2e36d5e78bf0fe7aecb1c64f8a07f5b7c3d9b1c0fadfafea5d	95088e123475f4b77a7642ade3a55d79fcb35f394e3cd724be475dea827c8049	e521ec35b1bdb57d9817fa7d9a514b5f58bcaa030d92a4fe059663097905c767	d79baf29df06ed12	-	Minidregg.Kernel.FnConsumerScope.Scope → ℕ
def	Minidregg.Kernel.FnConsumerScope.Scope.valid	7390974b7b9087c4d669877daa58f8314d1fe14fdb56d4737cef6a73f6b0f609	d57faed5bd131d1b19290ff903acd3af250c9379d88d0e55b63d6cf7bd47e9ea	9067eddc56bb566b636a33a3be2ee923b5951d21d70e8bd7ad2cd7829777b27e	8fa4030bcc1a1095	-	Minidregg.Kernel.FnConsumerScope.Scope → Bool
def	Minidregg.Kernel.FnConsumerScope.Scope.viewVersion	5f46806b1d7165627b5088f69067a615aa63ac62eb823dd5412e5d72026e4efc	95088e123475f4b77a7642ade3a55d79fcb35f394e3cd724be475dea827c8049	4b06eae97d798e2a1e74c88640eaecf384ce17aae176b681e530becbe5ba9616	9d0710bb7ae3aefa	-	Minidregg.Kernel.FnConsumerScope.Scope → ℕ
def	Minidregg.Kernel.FnConsumerScope.maxPollScan	dfc663e5118d905b4e7e325acdfdee2ef22e7c2350ea331bcb4995ba3eec8cc3	262031efa78118253ab59dd88036fcb9d33881bac4c94e8c1214aa7cc21b5d15	178b766a91760c71267af4307062afc74e0ea6276e081d2d5ae0ce0c2ebb51c3	21080c8ae2d2ffc5	-	ℕ
def	Minidregg.Kernel.FnConsumerScope.scopeStream	86a063bb50a7a7facd520bd81ed7c82056a2b91a4ccf659fc3265db2e0bd413c	fd5ed3d9f6fb64a4031ed07a8eb50386ab041738e7f2817dad0ef4edf582fbf6	8c4437c4b3f2edccc7efd9ccfd92eb8d10e18023d46973821014dd5fd9215eb4	a3c1f0ff2180cf61	Classical.choice,Quot.sound,propext	Minidregg.Compiler.Tower256ConcreteBackend.StreamCodec Minidregg.Kernel.FnConsumerScope.Scope
def	Minidregg.Kernel.FnConsumerScope.validName	4da596306cb126174d008fe2d5a7a20a1e9115e3c2aa743162ea1af068eecd46	51aa697c8deb9aa424cc68951d3cc0b7fbe93a95c0a6b4ac99fa264dcdb23676	fd54ce0566bab3a969d17951fc690cfae27cc90caca1436aba13bbbec9cccf0e	3139a59d87ee1be0	-	List UInt8 → Bool
