# Kernel.FieldClosure: Objective contract manifest. Written by `scripts/check-objective-proofs.sh proofs --pin`;
# a removed or changed row needs a line in scripts/gates/objective-contract-changes.txt.
def	Minidregg.Kernel.FieldClosure.Closed	41b71afda4e4eab1d3ac583cd76c0fd8850d76400db49125e9855e48474e80da	a53aad21326350479dbb573b9abff1ad5d67c8d567246ed821ff5849fe106684	6512bdc90c200c6f1b83b8b3fd5f08f2771505e73ee04f19d058061be5686d06	c977401cce8054ea	Classical.choice,Quot.sound,propext	ℕ → Minidregg.Theory.Store.Store Minidregg.Theory.EffectDeclaration.effectLayout → Prop := fun cellId store => ∀ address ∈ DFinsupp.support store, Minidregg.Kernel.FieldClosure.KeyDeclared cellId store address.snd
inductive	Minidregg.Kernel.FieldClosure.FieldSet	e1115b5db4fa49af7596f686769ad38662eac3ad6496250c1dff26303a7fdc69	16946b93ac38405660f51e475eb5aa7d25b54f5e5677e0f6a10a4526cc071cbf	1bb14271f8e1e6fefe258b2c0bb7363de5e39c33db7cb7c5ee2b8223a5d03fb5	ed77cf8e149c2a59		Type
ctor	Minidregg.Kernel.FieldClosure.FieldSet.closed	2b9332ffccc61deb81f9c8e16debab7eaffac6f1dff2448bf3d449b59a8fd3a1	13d3e724d7d54c000741948449e12ba8e8542294068bdc68d7d9d0b128927ba2	549849d70b25dd2b2eddbbb105279ec84a30340a96bb884c8fb43c936b00760b	0788d0dd9604b6a2		List ℕ → optParam (Option ℕ) Option.none → Minidregg.Kernel.FieldClosure.FieldSet
def	Minidregg.Kernel.FieldClosure.FieldSet.closed.elim	5e8c0879f37f5281620dc0a35dcc4da4c5e7571d9f9da13d58f0446b5c87792a	67de6b08995cbb613bad1ce65dc45277d12587463e3ec2db89fe853a306813e7	6f2987263324dbde6a42c973b6de94521b6b7a75ac514aadedd33f859af1e2b4	4ca4f2c55aec4bd0	-	{motive : Minidregg.Kernel.FieldClosure.FieldSet → Sort u} → (t : Minidregg.Kernel.FieldClosure.FieldSet) → t.ctorIdx = 0 → ((fields : List ℕ) → (tail : Option ℕ) → motive (Minidregg.Kernel.FieldClosure.FieldSet.closed fields tail)) → motive t
def	Minidregg.Kernel.FieldClosure.FieldSet.covers	4fe50d1205e3cd5d732b23074599c158892a4657158b8ab5e0bb95ced7aeeb0f	0f7aa656123e4bd96b1ec5f1c05ab49ed905359608f6162f9fadb32bfb4c8d85	407f62d0c691968fd27a9d4f052d20c8325565a71b24a5d69877fa4f07a84f72	693242a2fb1354c5	Quot.sound,propext	Minidregg.Kernel.FieldClosure.FieldSet → ℕ → Bool
def	Minidregg.Kernel.FieldClosure.FieldSet.entries	2cd33fb6c4b29fa4fd8ecb35941f8c6be0dd8ad6a4964bc7c55d5ed516142636	ef4e77edcd07f4207251225e4407e6a7c1efc94a31b26066e7278aab15bf5eb9	a5262c7b701d6e95621c761af2af1e82378707067482e734ab66377c766ada69	4741eb14a56150c4	-	ℕ → Minidregg.Kernel.FieldClosure.FieldSet → List (Minidregg.Theory.EffectDeclaration.StateKey × ℤ)
ctor	Minidregg.Kernel.FieldClosure.FieldSet.open	8ea2326d641f6ae065f2a04c139025cdf86264d5b64a56585bab595a62f7db3d	2819d35c446f5fd0dc119aedee31a8a192391dd796d63718cae8d3e645893b84	0d41d8c18f630dd5e9ff3a444c24a7e232cb66fa4e34e3c33eb820f7ee4e42cb	9ac1b635e898ca73		Minidregg.Kernel.FieldClosure.FieldSet
def	Minidregg.Kernel.FieldClosure.FieldSet.open.elim	44836018e211da59453cf66383f35da3376198823f0b1155a87cb0e03d76140d	af4e0664f92bf7b58fc6dd8369d56da75148de39e26cbe0dbf93b4fc11d3db79	d9bef35ed06771ab59df100b40eed333dfa5c56a6405f863fdbeada176f1a5d1	e5c15a81f653f30b	-	{motive : Minidregg.Kernel.FieldClosure.FieldSet → Sort u} → (t : Minidregg.Kernel.FieldClosure.FieldSet) → t.ctorIdx = 1 → motive Minidregg.Kernel.FieldClosure.FieldSet.open → motive t
def	Minidregg.Kernel.FieldClosure.KeyDeclared	4e75c008ea84935697e5072ea4a039c5d3fedbe0af36fb18a5f6b740733842f2	11dcfa08c028e0058a81a1a00e6bc8f3c30f998796fe8734f0ea52a54c59a1fb	405d1a5fcf940e8a098e08c02b65c4107904719dd7eaae4ea167c06438965b8d	d0bf9e25ff75d7e8	Quot.sound,propext	ℕ → Minidregg.Theory.Store.Store Minidregg.Theory.EffectDeclaration.effectLayout → Minidregg.Theory.EffectDeclaration.StateKey → Prop := fun cellId store x => match x with | Minidregg.Theory.EffectDeclaration.StateKey.objectField object field => object.value = cellId → Minidregg.Kernel.FieldClosure.declaredIn cellId store field.value = Bool.true | x => True
theorem	Minidregg.Kernel.FieldClosure.admitted_preserves_declared	b11eeae0d4b9380b61da23583957e5bc95a53bbdfbde8aebcf45f1084d075027	fac397c7fb25e3112108fa47add16c996749bd40cd9489205a144a5396e688b9	e1562a17933ca4aca997840566e513386ffa678ed220f95fe7afb33cac194022	81dc4d58baad173d	Classical.choice,Quot.sound,propext	∀ {kind : Minidregg.Theory.TypedAuthorization.ResourceKind} {target : Minidregg.Theory.TypedAuthorization.ResourceId kind} (declaration : Minidregg.Theory.DeclaredActionLowering.Declaration target), declaration.Admitted → ∀ (cellId : ℕ) (store : Minidregg.Theory.Store.Store Minidregg.Theory.EffectDeclaration.effectLayout) (n : ℕ), Minidregg.Kernel.FieldClosure.declaredIn cellId (Minidregg.Theory.Store.Patch.run store declaration.patch) n = Minidregg.Kernel.FieldClosure.declaredIn cellId store n
theorem	Minidregg.Kernel.FieldClosure.admitted_writes_no_declaration	93e4f7b839461aa1e1d3b1986af796fd3fe1b10454c700b3fc9c259ef64da64f	c04996e82d79a41d61ec7015f8b107b4ae31cbfdf849ad5c07d0b2173fbbba52	41e9999817914a9b172d0b96696656c38741a2dbeeceb7606b505adb843ef501	4c0a2df0bc2d6431	Classical.choice,Quot.sound,propext	∀ {kind : Minidregg.Theory.TypedAuthorization.ResourceKind} {target : Minidregg.Theory.TypedAuthorization.ResourceId kind} (declaration : Minidregg.Theory.DeclaredActionLowering.Declaration target), declaration.Admitted → ∀ (key : Minidregg.Theory.EffectDeclaration.StateKey), ((∃ object field, key = Minidregg.Theory.EffectDeclaration.StateKey.fieldDeclared object field) ∨ (∃ object, key = Minidregg.Theory.EffectDeclaration.StateKey.fieldsOpen object) ∨ ∃ object, key = Minidregg.Theory.EffectDeclaration.StateKey.fieldsFrom object) → key.address ∉ declaration.patch.writeFootprint
def	Minidregg.Kernel.FieldClosure.candidates	13f865efa9de6960dbe00e52b716575d8f25bffcdaa7baa0bb8485e355a2e130	3d42002ba1c56b3832a8532c44bdf77f6499482d5e65daa7d238172ed8132744	b938ce29cfb18ed5652cbf68242d081e255c3af7598cb565535f75805a951730	052eaef00e4f116d	-	Minidregg.Kernel.DeclaredResourceProjection.Values → Minidregg.Kernel.DeclaredResourceProjection.Values → List ℕ
def	Minidregg.Kernel.FieldClosure.check	35f82995ac2ff76e7ee547ba1e486056bd9b6da8a1b5be3bfc6f84b6e5528697	d1cb5871fc8fa5d2f7ed2b3a18dca9648cf71f89a310c21c5cf3dcb868bf897b	31ce3b7c188079ae7db8346855f9e261f2350b7560fbf789ec5e2051c2ee3202	b9691e5176626804	Classical.choice,Quot.sound,propext	ℕ → Minidregg.Theory.Store.Store Minidregg.Theory.EffectDeclaration.effectLayout → Minidregg.Theory.Store.Store Minidregg.Theory.EffectDeclaration.effectLayout → Option ℕ
def	Minidregg.Kernel.FieldClosure.closedDecidable	37374ef56492f0a4db6b0cc86d006f7d3cf7cf94ddbbdc85887f985f707ff0a2	c50ab8c73772c643682c85d7902729b069009f0ca710b65c9f4bc1b305d368e2	4d4e598e8bbe3335c4ae01b1d887a0bb8571b0041f78d9c7b849c074e0e5b2c5	ca8c3f62546b5503	Classical.choice,Quot.sound,propext	(cellId : ℕ) → (store : Minidregg.Theory.Store.Store Minidregg.Theory.EffectDeclaration.effectLayout) → Decidable (Minidregg.Kernel.FieldClosure.Closed cellId store)
theorem	Minidregg.Kernel.FieldClosure.closed_admits_declared_write	5815159f59a58a274fec830cf51919029a69e15b4e242962de35022eb972c2ec	ece73c07f14955cb329264a3e560aa1484096a4726551ffb29feb6c0e503718d	23663b6bace4b8bdb89a9365d66e4ca2f4be2749e19383ae0635f07cbba081bb	dd149462994fb718	Quot.sound,propext	Minidregg.Kernel.FieldClosure.firstUndeclared (Minidregg.Kernel.FieldClosure.FieldSet.closed (List.range 16)).covers [(0, 6), (8, 0)] [(0, 6), (8, 0), (12, 77)] = Option.none
theorem	Minidregg.Kernel.FieldClosure.closed_names_created_field	614c3a3ebe3d8afd9afef4ec9f8c052f54d2927662def0d9762209ca747b66f8	a2fff43770a422b0639e000944dc3b69d701f95edc8c4612da3de007a207ce3d	68c82f4dbb91b03fa1abc53d56fd216d3cd1a4bef406f44bbe00262fcfc66a74	5f95bf6c997a3d8c	Quot.sound,propext	Minidregg.Kernel.FieldClosure.firstUndeclared (Minidregg.Kernel.FieldClosure.FieldSet.closed (List.range 16)).covers [(0, 6), (8, 0)] [(0, 6), (8, 0), (20, 1)] = Option.some 20
theorem	Minidregg.Kernel.FieldClosure.closed_preserved	fdf238440412757c2a23ca8ed5bc4c86252a4557f2126ddd81745e8e0989a584	7379edd28d9c04f0944e699c6744fd1c2cc255a913ee96857ed75d14eae3bb46	0ad72f668628aafff84bb1b55409695c9f71b50199c82714aeca434678a045c2	6caadf8816f538bf	Classical.choice,Quot.sound,propext	∀ {cellId : ℕ} {pre post : Minidregg.Theory.Store.Store Minidregg.Theory.EffectDeclaration.effectLayout}, Minidregg.Kernel.FieldClosure.Closed cellId pre → (∀ (n : ℕ), Minidregg.Kernel.FieldClosure.declaredIn cellId post n = Minidregg.Kernel.FieldClosure.declaredIn cellId pre n) → Minidregg.Kernel.FieldClosure.check cellId pre post = Option.none → Minidregg.Kernel.FieldClosure.Closed cellId post
theorem	Minidregg.Kernel.FieldClosure.declaration_one_tail_entry	41defaa80e1fb1803cf9fcc7bd22c18d44f8bc615b63b5272d4fd73045501b65	cf10f8d736e463a2b5094129647272bc4178ded95be40318b50525e7ed615a0e	8326ece078b508ef4dead9c59c9b46573909c27430f12bf802084f88c14d74b2	cfb622ee7eae88ad	propext	∀ (cellId : ℕ) (fields : List ℕ) (first : ℕ), (Minidregg.Kernel.FieldClosure.FieldSet.entries cellId (Minidregg.Kernel.FieldClosure.FieldSet.closed fields (Option.some first))).length = fields.length + 1
def	Minidregg.Kernel.FieldClosure.declare	285d34ccc19f9e5f267580266748d4e9e460e7d5c022ad39fba3f44d8ef9a62f	2a52a445fb769b9511120fd167ad53b352cc75376191f94c4294ab8155677282	f6188ebb1951ab8c1103f6f548b2cf65b6f8e5cad033f96aeea92672abd68af8	d92ea4b9209eafc0	Classical.choice,Quot.sound,propext	ℕ → Minidregg.Kernel.FieldClosure.FieldSet → Minidregg.Theory.Store.Store Minidregg.Theory.EffectDeclaration.effectLayout → Minidregg.Theory.Store.Store Minidregg.Theory.EffectDeclaration.effectLayout
def	Minidregg.Kernel.FieldClosure.declaredIn	fa0c9412f01624f9de3f4ecc4c4df76fdd5046ae4a83e60fd52548ce13e21a7f	94e5b7a55399165e122de503cbdd90dacd4b033c28a9d09a08e988443b89a48a	8dee70c82b27208a356449f21b7a1708805a66d0d233714ab78977973699e1d3	77be1404615e84ce	Quot.sound,propext	ℕ → Minidregg.Theory.Store.Store Minidregg.Theory.EffectDeclaration.effectLayout → ℕ → Bool
theorem	Minidregg.Kernel.FieldClosure.declaredIn_declare	5056e7f7ed52a5dfaeeeb63c97e683493979977be5838f1c20cf5b715ee39db3	80cdf37740b325b43a2a42ea364455eb9f6e920093c7d00d12b2466a26a2dca7	63083897aaeee144506adcdc470c57236f3b4192733d283def5168c3722de22b	04badd89814a6f3d	Classical.choice,Quot.sound,propext	∀ (cellId : ℕ) (set : Minidregg.Kernel.FieldClosure.FieldSet) (store : Minidregg.Theory.Store.Store Minidregg.Theory.EffectDeclaration.effectLayout), store (Minidregg.Kernel.FieldClosure.openKey cellId).address = Option.none → store (Minidregg.Kernel.FieldClosure.fromKey cellId).address = Option.none → (∀ (m : ℕ), store (Minidregg.Kernel.FieldClosure.declaredKey cellId m).address = Option.none) → ∀ (n : ℕ), Minidregg.Kernel.FieldClosure.declaredIn cellId (Minidregg.Kernel.FieldClosure.declare cellId set store) n = set.covers n
theorem	Minidregg.Kernel.FieldClosure.declaredIn_declare_empty	56028685b208dc2030aaf65f367e0d46822cae81a0faecc45984fea691afa6f2	2a3c39e9b54b363884ea9e4628b45a739ba271c88047efc821edabb056d42e70	3a5f80d63bf2d736f0de93fbd228999ddb53ac1ebfbfeddd5dab4250743b8262	d88e46e5ceba185f	Classical.choice,Quot.sound,propext	∀ (cellId : ℕ) (set : Minidregg.Kernel.FieldClosure.FieldSet) (n : ℕ), Minidregg.Kernel.FieldClosure.declaredIn cellId (Minidregg.Kernel.FieldClosure.declare cellId set 0) n = set.covers n
def	Minidregg.Kernel.FieldClosure.declaredKey	c7ddcb1aee1eca7998bd01ab0db6405f42057f42985d576918997f3599b5f618	6a710bd80647166701234cb3c611707572c10c67993e06d1d04081ac29407c97	af670779b4ff3408ffe2404c6f188ecb0e2a0548508ee02801a1f06956dc06c9	52fe6a62d8c9c48a	-	ℕ → ℕ → Minidregg.Theory.EffectDeclaration.StateKey
theorem	Minidregg.Kernel.FieldClosure.find?_holds	6bf0f652b2631e693e10b8b8f615cf255f8207dbf33cbfb895952aca6f628ef4	f85525fd506e1a56b39b1cde430e2871471c20533d6eb6d470f8e9e7fa0bf335	aaf75fd9a6599b44c0a5b08530647f5f859c2cd40cf54b05acccf79204d9340d	d18c3a7d4f9acda7	propext	∀ {α : Type} {pred : α → Bool} {xs : List α} {a : α}, List.find? pred xs = Option.some a → pred a = Bool.true ∧ a ∈ xs
def	Minidregg.Kernel.FieldClosure.firstUndeclared	eeadd269ad1a099891d331eccb9f9d0e3196d727eee9988a1fccf4075861cc17	4bf1c0947c4c306c21e3173521007c298f6118010ff9c33682c3cbbc4b3fad30	6042cc26d4968196c2092e6e08ec10b7958c3af3a47db66f6559fefd6c8f5e87	b06982cb8ea1dab8	-	(ℕ → Bool) → Minidregg.Kernel.DeclaredResourceProjection.Values → Minidregg.Kernel.DeclaredResourceProjection.Values → Option ℕ
theorem	Minidregg.Kernel.FieldClosure.firstUndeclared_none_iff	94f592df278feb18826ae3d679f642a45eebd9debdbcf1ef7717177525836c0c	6a8695f3d33092bea947961bd6f75bba9adc9f7b57121a47b3f04a29f4ebb307	d8bef0dfd3dbe04245e33e3498a03c8399bf80a935b72178a304cd216f1103e2	e7e498236cfe84e1	Quot.sound,propext	∀ (covers : ℕ → Bool) (pre post : Minidregg.Kernel.DeclaredResourceProjection.Values), Minidregg.Kernel.FieldClosure.firstUndeclared covers pre post = Option.none ↔ ∀ (n : ℕ), Minidregg.Kernel.DeclaredResourceProjection.get pre n ≠ Minidregg.Kernel.DeclaredResourceProjection.get post n → covers n = Bool.true
theorem	Minidregg.Kernel.FieldClosure.firstUndeclared_some	d84d3469f3b21d9d98c1603477022f515900d11eacb6beaef80789ff636bfa50	f6b4643ef2cb6af2a3db5d3260bf2211c1b6359542304c92ecee9cf445b5bf3e	6017e496dfbd8948afa82251f35a2e5e2b1ecc70759a57463398be4007d4265b	2bd5d9413fb0d2c1	Quot.sound,propext	∀ {covers : ℕ → Bool} {pre post : Minidregg.Kernel.DeclaredResourceProjection.Values} {n : ℕ}, Minidregg.Kernel.FieldClosure.firstUndeclared covers pre post = Option.some n → Minidregg.Kernel.DeclaredResourceProjection.get pre n ≠ Minidregg.Kernel.DeclaredResourceProjection.get post n ∧ covers n = Bool.false
def	Minidregg.Kernel.FieldClosure.fromKey	d4684409d42d8913c0520ebfbab79f869717bb58ca878547bd458decdc4cd2ac	0f8e9297581cb4cdfd411542b347be306d690635b399b39760c398c7ac570f18	94af799a7cd0afdfa344a6accae6e39b36c28d868617637dad5ea4f15e78eaa8	4667084cc8562028	-	ℕ → Minidregg.Theory.EffectDeclaration.StateKey
theorem	Minidregg.Kernel.FieldClosure.get_mem_ne_none	b7d1c3348e7be340e27e3a43986dc1529142888868cd714e377aa905cecd0d82	a8d9caaedef88f4df03b1c0abab38c856565608b46f923a1dc8839a315426d7d	c94cf89a575228aae4ab984c231afbeb8cb0b25ad7b0b435e5233b37b47195e6	561d28a034afdfc1	Classical.choice,Quot.sound,propext	∀ {xs : Minidregg.Kernel.DeclaredResourceProjection.Values} {p : ℕ × ℤ}, p ∈ xs → Minidregg.Kernel.DeclaredResourceProjection.get xs p.1 ≠ Option.none
theorem	Minidregg.Kernel.FieldClosure.get_ne_none_mem	94ba87f40b96feabdc21b5dd367c78d32fef43134a44436f11f424a127f36d39	6b0151a6fc75bb660bfe2f27b1347b277474e818874070607cb82bdeef7bc74e	6b4521c5b6f37229b6cf449cb57b671b0d00788187b48d1d20c47501113243a5	fddf42e80c27ca57	Quot.sound,propext	∀ {xs : Minidregg.Kernel.DeclaredResourceProjection.Values} {n : ℕ}, Minidregg.Kernel.DeclaredResourceProjection.get xs n ≠ Option.none → n ∈ List.map Prod.fst xs
theorem	Minidregg.Kernel.FieldClosure.get_values	348eb08b101b314d591f900eba603d23e6339e337ed55986f890d0e800e4c80d	4bce434023ace9ee6dcd4605dd9ab8fea450bf4989ea1eb615b1474f01a15285	b162f7d816dc2c7862bfdfb65721fdb371e3d7f755070c2772b12ab4e2c1367a	891108aaee85ecea	Classical.choice,Quot.sound,propext	∀ (cellId n : ℕ) (store : Minidregg.Theory.Store.Store Minidregg.Theory.EffectDeclaration.effectLayout), Minidregg.Kernel.DeclaredResourceProjection.get (Minidregg.Kernel.DeclaredResourceProjection.values cellId store) n = store (Minidregg.Theory.EffectDeclaration.StateKey.objectField { value := cellId } { value := n }).address
def	Minidregg.Kernel.FieldClosure.keyDeclaredDecidable	5c2ca9d40c90e7f7a52bbf19b5ab5bdb26258a83ddc5e962884d4d9c5a598608	8f4991ff2ee6a3d779b1c66479b3be03862472d87cfc8f8ce0e98ffb40b9b8b0	51ee343e047aced68c1122fe139d0147a5fe8189dee3534b72a876c3b6d331e5	29143221dcc80d26	Quot.sound,propext	(cellId : ℕ) → (store : Minidregg.Theory.Store.Store Minidregg.Theory.EffectDeclaration.effectLayout) → (key : Minidregg.Theory.EffectDeclaration.StateKey) → Decidable (Minidregg.Kernel.FieldClosure.KeyDeclared cellId store key)
def	Minidregg.Kernel.FieldClosure.openKey	e082fe2305625a03567cf8b7eb10079bd66d097d3b0849a246a05c11ae264aeb	0f8e9297581cb4cdfd411542b347be306d690635b399b39760c398c7ac570f18	78fa2cfef2d1e3b1d67c59ddb36c2bf794ea2386dc9b1ceace3415682469f203	b12e39d10f57d0a3	-	ℕ → Minidregg.Theory.EffectDeclaration.StateKey
theorem	Minidregg.Kernel.FieldClosure.open_admits_created_field	059bc43ca5c05787badee89527c5d7c7add94b400f5c182b2ca2c554d1f0936d	e0d6069b578deb20666013c2d30801c38446b38f2b6fa43bd35bc316e81fd255	5478490ffea985831437772e963ffbd2c6282490dc5616efef18f3efdc76575e	a123e5de057cc248	Quot.sound,propext	Minidregg.Kernel.FieldClosure.firstUndeclared Minidregg.Kernel.FieldClosure.FieldSet.open.covers [(0, 6), (8, 0)] [(0, 6), (8, 0), (20, 1)] = Option.none
theorem	Minidregg.Kernel.FieldClosure.open_admits_every_field	9aa525cef2fe15202e9003fbf9cf5d8514bab081001bef41e6c1af42e6474d7a	b17e6f4c55c26f06d34e978b75768830f38dc4cb7b1c4fd269a1fb01fae6e23b	4b88b27af33038fe0d160cf5241553b1fc81470ed4c1f38b94957bc7a0a6cc7a	19ffb486e0980843	Quot.sound,propext	∀ (pre post : Minidregg.Kernel.DeclaredResourceProjection.Values), Minidregg.Kernel.FieldClosure.firstUndeclared Minidregg.Kernel.FieldClosure.FieldSet.open.covers pre post = Option.none
theorem	Minidregg.Kernel.FieldClosure.room_birth_declared_boundary	58fe989aa8840741ce73eee9b650ce36fd128b7e6012284ac9f2538a769c74b6	f8399f6a3f91935540056a3847ace0ae138ffb2ef4946c2d03560e684772fe6c	c908cf8d2c2b3732b01af49ef8d57fc2399e6b6b411eae6a00a3d4e347fc220f	ff6d4b10ef60222c	Classical.choice,Quot.sound,propext	Minidregg.Kernel.FieldClosure.declaredIn 7 (Minidregg.Kernel.FieldClosure.declare 7 (Minidregg.Kernel.FieldClosure.FieldSet.closed [1001, 1012] (Option.some 2000)) 0) 1012 = Bool.true ∧ Minidregg.Kernel.FieldClosure.declaredIn 7 (Minidregg.Kernel.FieldClosure.declare 7 (Minidregg.Kernel.FieldClosure.FieldSet.closed [1001, 1012] (Option.some 2000)) 0) 2000 = Bool.true ∧ Minidregg.Kernel.FieldClosure.declaredIn 7 (Minidregg.Kernel.FieldClosure.declare 7 (Minidregg.Kernel.FieldClosure.FieldSet.closed [1001, 1012] (Option.some 2000)) 0) 1000000 = Bool.true ∧ Minidregg.Kernel.FieldClosure.declaredIn 7 (Minidregg.Kernel.FieldClosure.declare 7 (Minidregg.Kernel.FieldClosure.FieldSet.closed [1001, 1012] (Option.some 2000)) 0) 1999 = Bool.false ∧ Minidregg.Kernel.FieldClosure.declaredIn 7 (Minidregg.Kernel.FieldClosure.declare 7 (Minidregg.Kernel.FieldClosure.FieldSet.closed [1001, 1012] (Option.some 2000)) 0) 1013 = Bool.false
def	Minidregg.Kernel.FieldClosure.tailCovers	8d7ac594181737ec2a9a6795b2f6b06c3807ffd947f517f3b2199075d9e4ced3	cba9850262de3f491ffb2598866dc631393b471b48bf1f155a2e934afff20a5a	a7fb082704b53bad1fd8d74cfacc3ac8e54d9555a7f3d872918f8cbdf6cf3c48	a28d1f1ab843196b	-	Option ℤ → ℕ → Bool
theorem	Minidregg.Kernel.FieldClosure.tail_admits_rows_at_and_above	eeed194c9829e9b54f93ee7683d90e055cef8055ed27cb9db612afa967bc604a	2a76265e8c1fa89b07435e015e53d046e4c192cd2affa3163156e4fa0b154084	3f457dfcd1d663f1742adea37b92c18d6d70b043dfb69aafdc87da330fa2cf78	5ba0a2a4eadbe293	Quot.sound,propext	Minidregg.Kernel.FieldClosure.firstUndeclared (Minidregg.Kernel.FieldClosure.FieldSet.closed (List.map (fun x => x + 1001) (List.range 12)) (Option.some 2000)).covers [(1001, 5)] [(1001, 5), (2000, 7), (2001, 9), (1000001, 3)] = Option.none
theorem	Minidregg.Kernel.FieldClosure.tail_names_field_below	d33ed70452d4c934b3e819d8d06c94ee2edccb9fc368800ae65f1df58084e4f0	afd8fb689328b6afc535ce0a3ede11f6dc2cd874591453b8e79a9f84fb709ed2	c4238e27de0e84b99b0d2e32f6f8fe8a914831d8f2afe7874db7ea668e4ac14d	85772ef18b792e76	Quot.sound,propext	Minidregg.Kernel.FieldClosure.firstUndeclared (Minidregg.Kernel.FieldClosure.FieldSet.closed (List.map (fun x => x + 1001) (List.range 12)) (Option.some 2000)).covers [(1001, 5)] [(1001, 5), (1999, 7)] = Option.some 1999
theorem	Minidregg.Kernel.FieldClosure.writableKeyCheck_not_declaration	85b3b1f6461d2d616a5ea0e414859f367bacb3ccf563efdab54013c52625cc2e	ed46d67ad4a1d0d2f03a1ebcf023bf79371f92112e4a6966df3c748a46471714	5052b93faf740c218e5d636caf38c29c28478aef65232c3e836a8276f4549689	6f2387d4d81f6a22	Quot.sound,propext	∀ {kind : Minidregg.Theory.TypedAuthorization.ResourceKind} (target : Minidregg.Theory.TypedAuthorization.ResourceId kind) (key : Minidregg.Theory.EffectDeclaration.StateKey), Minidregg.Theory.DeclaredActionLowering.writableKeyCheck target key = Bool.true → (∀ (object : Minidregg.Theory.TypedAuthorization.ResourceId Minidregg.Theory.TypedAuthorization.ResourceKind.object) (field : Minidregg.Theory.TypedAuthorization.Digest), key ≠ Minidregg.Theory.EffectDeclaration.StateKey.fieldDeclared object field) ∧ (∀ (object : Minidregg.Theory.TypedAuthorization.ResourceId Minidregg.Theory.TypedAuthorization.ResourceKind.object), key ≠ Minidregg.Theory.EffectDeclaration.StateKey.fieldsOpen object) ∧ ∀ (object : Minidregg.Theory.TypedAuthorization.ResourceId Minidregg.Theory.TypedAuthorization.ResourceKind.object), key ≠ Minidregg.Theory.EffectDeclaration.StateKey.fieldsFrom object
def	private Minidregg.Kernel.FieldClosure.setAll @Kernel.FieldClosure	d68d3057049700c85d0f82dd46e8d08d56206e79c854ed15d094840ae4587e77	2065d7abe11f2eb0969fba9b21dfa9755b44007dc3ad009d260bbcafae912932	4d18d8e8c86021c6c45cd8fe17fba208ae2b132f66235447a1bd66189bc5615a	4fcd89381677c8dd	Classical.choice,Quot.sound,propext	List (Minidregg.Theory.EffectDeclaration.StateKey × ℤ) → Minidregg.Theory.Store.Store Minidregg.Theory.EffectDeclaration.effectLayout → Minidregg.Theory.Store.Store Minidregg.Theory.EffectDeclaration.effectLayout
theorem	private Minidregg.Kernel.FieldClosure.setAll_apply_mem @Kernel.FieldClosure	8a7c8deade2ebae8cea337e9c609d45a837363ee91a82b47a74306038651edcf	62d8e07913bc7667ab997ebf7971656017fabb534e8ab98189546633fff32c86	1fd6c2ab472b5e55b338f51645125bcc688ad85f74644d29ea257e0daf988229	0b51a5968138974d	Classical.choice,Quot.sound,propext	∀ (entries : List (Minidregg.Theory.EffectDeclaration.StateKey × ℤ)) (store : Minidregg.Theory.Store.Store Minidregg.Theory.EffectDeclaration.effectLayout) (key : Minidregg.Theory.EffectDeclaration.StateKey), (∃ entry ∈ entries, entry.1 = key) → ((Minidregg.Kernel.FieldClosure.setAll✝ entries store) key.address).isSome = Bool.true
theorem	private Minidregg.Kernel.FieldClosure.setAll_apply_not_mem @Kernel.FieldClosure	f012d524dacca4dc432a33b055b835e849b33c4abb15ad1e2aff29fec0c011e8	827eeddd97238326c5d981fc7ea293fa248b96f53c1d055dafee12e0e32897e4	8372258e1169234b3fb2a730bec380b91a736f7ff1623d0444073bc266c9cd62	54a10bdf6294e81e	Classical.choice,Quot.sound,propext	∀ (entries : List (Minidregg.Theory.EffectDeclaration.StateKey × ℤ)) (store : Minidregg.Theory.Store.Store Minidregg.Theory.EffectDeclaration.effectLayout) (key : Minidregg.Theory.EffectDeclaration.StateKey), (∀ entry ∈ entries, entry.1 ≠ key) → (Minidregg.Kernel.FieldClosure.setAll✝ entries store) key.address = store key.address
