# Kernel.NockProgramCell: Objective contract manifest. Written by `scripts/check-objective-proofs.sh proofs --pin`;
# a removed or changed row needs a line in scripts/gates/objective-contract-changes.txt.
inductive	Minidregg.Kernel.NockProgramCell.CheckVerdict	6ca12c6a1ea5214b87d4225d6e52af9819588ba77fc77efa56ff973a848f4448	16946b93ac38405660f51e475eb5aa7d25b54f5e5677e0f6a10a4526cc071cbf	27b0ccfa30db740103c5c1f567aee36e888b855e956f2d3512173f5eb4f21baa	9c587e7b3b2944dc		Type
ctor	Minidregg.Kernel.NockProgramCell.CheckVerdict.admissible	e20f4dfdac2da925c4d1fecf9aa13bf83a15334f3e52b124ab6199bf775b6dd4	0b6283b38adf6430d5b8ef2743a92d27d6fcf17aa5c627249b4ef59ad54a2c79	0bdc01d56df3f9fe241f3e7a610f1e309ec367430faf7bfafecd2c41cf39999c	207fdd46df1ed1a9		Minidregg.Compiler.NockProgramCodec.Program → Minidregg.Theory.TypedAuthorization.Digest → Minidregg.Theory.TypedAuthorization.Digest → ℕ → Bool → Minidregg.Kernel.NockProgramCell.CheckVerdict
def	Minidregg.Kernel.NockProgramCell.CheckVerdict.admissible.elim	babc5e35a0f19cf47947f94a98e0bd59970b2a6cf87c52c606708ab274da2bca	c3e78cdbd14e0c272bd4bf59329f2290500a27c3a127dd36c326f6b73752dc0f	a9c36e3868b7abbd4e9c75c99448929e322cadea578c4dcbce64f22775d92d5b	4c1fa408d44958df	-	{motive : Minidregg.Kernel.NockProgramCell.CheckVerdict → Sort u} → (t : Minidregg.Kernel.NockProgramCell.CheckVerdict) → t.ctorIdx = 2 → ((program : Minidregg.Compiler.NockProgramCodec.Program) → (id code : Minidregg.Theory.TypedAuthorization.Digest) → (cellId : ℕ) → (present : Bool) → motive (Minidregg.Kernel.NockProgramCell.CheckVerdict.admissible program id code cellId present)) → motive t
ctor	Minidregg.Kernel.NockProgramCell.CheckVerdict.malformed	ced8ae1958eecdcd5d0104a7276e1c30535ac92bc784f144a37ec2e876e70443	c9b52dffa86928b63ec841be85d5cca7199ff3af484a2a6393d73fc474eefad7	685c10ddd962e6931e540e61e8966d01ccda732d56dba6eab22f54626631c338	257974e11bbf2e03		Minidregg.Kernel.NockProgramCell.CheckVerdict
def	Minidregg.Kernel.NockProgramCell.CheckVerdict.malformed.elim	971ef9981fbedb0817a6ec050ec6fd8723d3ed2360a2477eb74161f70ee36594	16616e96d1e5a85ae9631ef2c3d75f344fab36829fbc60fa9f86828f65fcffec	14facaac417bfa20163a3a48a5283c26694f1937843a2b820188a81f3e8c3cfb	897e29b54aa94bd2	-	{motive : Minidregg.Kernel.NockProgramCell.CheckVerdict → Sort u} → (t : Minidregg.Kernel.NockProgramCell.CheckVerdict) → t.ctorIdx = 0 → motive Minidregg.Kernel.NockProgramCell.CheckVerdict.malformed → motive t
ctor	Minidregg.Kernel.NockProgramCell.CheckVerdict.refused	eaae403e0bff7d99830337f56adc53f331fd381cf5765c145155b14bf454fa12	8473cdf37eca051b32d8c83e6c82747f40a33d3e2721ab44ea468ee18861e814	57511f5a8ccf683972b3a990b80cae643c9104956efd4e1929d363b9ba6b8ea6	73397066f4c94178		Minidregg.Compiler.NockProgramCodec.Refusal → Minidregg.Kernel.NockProgramCell.CheckVerdict
def	Minidregg.Kernel.NockProgramCell.CheckVerdict.refused.elim	7b15c714841f821c64b99b4a9ad9c2d2c9b101cbc3423ab96558162dc06f7bda	8820d85c81dfe1bfe8a22308da5e073036ff75c082ca550cef33eac3c3df62bd	bfbdffcdb7241f7c99420e667ae5ecc2da5210b86fe9ba53b7e61aaf97fc9773	8337c2fd97410496	-	{motive : Minidregg.Kernel.NockProgramCell.CheckVerdict → Sort u} → (t : Minidregg.Kernel.NockProgramCell.CheckVerdict) → t.ctorIdx = 1 → ((reason : Minidregg.Compiler.NockProgramCodec.Refusal) → motive (Minidregg.Kernel.NockProgramCell.CheckVerdict.refused reason)) → motive t
inductive	Minidregg.Kernel.NockProgramCell.SampleVerdict	f75683459add6bd76d9c320ced53354ca99f350375683403cc0fcf2308ed33b8	16946b93ac38405660f51e475eb5aa7d25b54f5e5677e0f6a10a4526cc071cbf	8c01b92bb05bbbfc78831f17e32df96aa819cd15d0ba28e332028890a82c55c4	864052868b35558c		Type
ctor	Minidregg.Kernel.NockProgramCell.SampleVerdict.ambiguousValues	75faceccd83efab2a5c04236eeefb5e3541d8c8ffbc470956643f1cf0b158c11	5851fdea36f6c7a4bb671cdd3b60f67eb1c8c8cfa3e9b7c056ebff0aae9d2662	c44900f583f6c10f4886d968572c25469fa18602761859c0067a9f23a13266c9	9001a4ccd10f9606		Minidregg.Kernel.NockProgramCell.SampleVerdict
def	Minidregg.Kernel.NockProgramCell.SampleVerdict.ambiguousValues.elim	592ceed8789dd8a86bb654dea8583af0b8cd27303a0375dd3230b978a6cdc53d	2eb4ec0b90972c33d10e94cc32387fcdf94d1adcaf491f053ed611ab81d1fb5f	d2b9c650d8a6876a7c71ddeeb105dc225ef900b09edc09372042a26e207a3d48	f6292d9472b707e1	-	{motive : Minidregg.Kernel.NockProgramCell.SampleVerdict → Sort u} → (t : Minidregg.Kernel.NockProgramCell.SampleVerdict) → t.ctorIdx = 2 → motive Minidregg.Kernel.NockProgramCell.SampleVerdict.ambiguousValues → motive t
ctor	Minidregg.Kernel.NockProgramCell.SampleVerdict.missingProgram	0ce79dd89f27b2f058a686576cce32cbcb155542e7f2903598d2b6ed402eafd9	5851fdea36f6c7a4bb671cdd3b60f67eb1c8c8cfa3e9b7c056ebff0aae9d2662	1698b454f268d5258b37d88128b4b3dd5e438caa7469c8801fce0a2fd8448e1b	9f277d4d718a6e1c		Minidregg.Kernel.NockProgramCell.SampleVerdict
def	Minidregg.Kernel.NockProgramCell.SampleVerdict.missingProgram.elim	1866a8f65602fe66a33d7aeee264204a2b2e829007c56bee20b07b15afe1f94e	6d009fef783af6601de562e58afcd6dfe0557831a17867a48ab88ae9a6419921	ca2e87cf17c5e9ea210d4946f980dcbb6467310e0b779a207fb8fe90d0b74696	466dbe75c7a14057	-	{motive : Minidregg.Kernel.NockProgramCell.SampleVerdict → Sort u} → (t : Minidregg.Kernel.NockProgramCell.SampleVerdict) → t.ctorIdx = 0 → motive Minidregg.Kernel.NockProgramCell.SampleVerdict.missingProgram → motive t
ctor	Minidregg.Kernel.NockProgramCell.SampleVerdict.refused	0c42346d8ea78930ba17f4dc87bac60ebacef44089b5b1e6fd4e2f3021b91cf0	5851fdea36f6c7a4bb671cdd3b60f67eb1c8c8cfa3e9b7c056ebff0aae9d2662	aa2d47733eb7986ae5633443645f8d7f5404a56e37ba1e37d1629acdcfc06fb8	6a5ecf26ec909731		Minidregg.Kernel.NockProgramCell.SampleVerdict
def	Minidregg.Kernel.NockProgramCell.SampleVerdict.refused.elim	8a64fe2b6227428eb536968013224fd00c7703cc6d117df05edbbb3f4423c0e5	42459fdddd2a7d7a4aabad638c6ba00fd0c06f788c8fe596b5679d755ba99b24	a6094443e35bea562b9072e982b0aa711a8a669fd661623d94adfe0fa234245d	f2c835bb6c23ca57	-	{motive : Minidregg.Kernel.NockProgramCell.SampleVerdict → Sort u} → (t : Minidregg.Kernel.NockProgramCell.SampleVerdict) → t.ctorIdx = 3 → motive Minidregg.Kernel.NockProgramCell.SampleVerdict.refused → motive t
ctor	Minidregg.Kernel.NockProgramCell.SampleVerdict.sample	d528f170b6d5c1032e3bcfd3ff95a22c49fdbefef822e63ba2f2049215ac41f7	3d8eb4e5e0334c976be4f04e9cde12c7cd75f8ad4c120f0aa3b9aee1047a6980	b00c315f3ad185bc6ed518f444185663bf749fdbe3f04747fb169e135a66137f	70b30dc6c5f98e31		List UInt8 → Minidregg.Kernel.NockProgramCell.SampleVerdict
def	Minidregg.Kernel.NockProgramCell.SampleVerdict.sample.elim	f6edcaf0290e5bde38f4591b8b51641fcdcc3e5ef8863f2030f321f4b0e7a38b	d2a43efe82d97f22d30382f0f3922ddb9e9e8a8b70c05f50d8c7178a532822d3	f4b571574fa595c18074d318a49903e4dda7120392183872ff2582625c0dcebc	01744dd8281976bd	-	{motive : Minidregg.Kernel.NockProgramCell.SampleVerdict → Sort u} → (t : Minidregg.Kernel.NockProgramCell.SampleVerdict) → t.ctorIdx = 4 → ((jam : List UInt8) → motive (Minidregg.Kernel.NockProgramCell.SampleVerdict.sample jam)) → motive t
ctor	Minidregg.Kernel.NockProgramCell.SampleVerdict.unresolved	d9de4627e44afc0d1e1c4cb2d14a3a72a4eb68ba1852c03312cbd8e6b3f80e8f	580fe5c6f854d33fe7ade4374ae77f22e07e5af31f7e1c2b241a8080373ce5b7	b30d478bd13014f25196e8fa351e62e08801789deef8559dc53b1126b6dd55bd	4c8d54af0eb77d85		Minidregg.Compiler.Evaluator.Unresolved → Minidregg.Kernel.NockProgramCell.SampleVerdict
def	Minidregg.Kernel.NockProgramCell.SampleVerdict.unresolved.elim	4b646f2ebe84aa243343b6a8f8a363166c0adc5d279a97190ebd522e629aa18a	7d63d83eeb59949d6702d12209d80ce88c4a298d1963e50b5572fee1c3087480	eb34c7da6cddab466969bfb20a652333ce86e47a1ffe9149230d6495c9032043	c9f2a6907ca14f0a	-	{motive : Minidregg.Kernel.NockProgramCell.SampleVerdict → Sort u} → (t : Minidregg.Kernel.NockProgramCell.SampleVerdict) → t.ctorIdx = 1 → ((reason : Minidregg.Compiler.Evaluator.Unresolved) → motive (Minidregg.Kernel.NockProgramCell.SampleVerdict.unresolved reason)) → motive t
def	Minidregg.Kernel.NockProgramCell.checkProgram	3808f0f0808149db1f9a3feac8cf79a3dbd75d71b7ecf1ad324eab76d02ba2ad	d211dffdc2bbbd6fac3d7cb2740ce78afc8cab0706d22c70a8ed49b5706d2936	7bc09bf6aed60d6dd1d68d29693223951bb18c40f6ce2dd4afc51e5dd6924baf	07922764f0ca740e	Classical.choice,Quot.sound,propext	List Minidregg.Theory.TypedAuthorization.Digest → Minidregg.Theory.TypedAuthorization.Digest → Minidregg.Theory.CellRegistry.Directory ℕ Minidregg.Compiler.CanonicalCellRegistry.registry → Minidregg.Compiler.NockProgramCodec.Program → Minidregg.Kernel.NockProgramCell.CheckVerdict
def	Minidregg.Kernel.NockProgramCell.readOf	2091ddbc1d6d0ca0602db6a19bb7115deb8ffa6a2a8d900941541a3d0d32062f	c2a1e1a7fb88a8f0765dce7fd6f751de0674e3a839f985ae53ca4ded32f46b2e	18e34c3e48c52e0da81d55b4358b8694156e0174983f0a9d8d4a27bbebf95f9e	9a4fe2869fcfa0a8	-	List (ℕ × String × ℤ) → ℕ → String → Option ℤ
def	Minidregg.Kernel.NockProgramCell.sampleFor	d80a7c6dcb8af24d2501f0637a85000d98205a0e0d2ed6ab7eaab1cda53a9074	0465645dfe228d9b2ffb49b1869c92518bda276c0801526108d55f8192802f52	d4190c0f0a7d09e5983ac7e03926159137ec5e7590da750adc9ebc98e63fb4cd	0cef7a07fb7ef875	Classical.choice,Quot.sound,propext	List Minidregg.Theory.TypedAuthorization.Digest → Minidregg.Theory.TypedAuthorization.Digest → Minidregg.Theory.CellRegistry.Directory ℕ Minidregg.Compiler.CanonicalCellRegistry.registry → Minidregg.Theory.TypedAuthorization.Digest → Minidregg.Kernel.NockProgramCell.Context → List ℕ → List (ℕ × String × ℤ) → Minidregg.Kernel.NockProgramCell.SampleVerdict
