# Selvage.Commitment: Objective contract manifest. Written by `scripts/check-objective-proofs.sh proofs --pin`;
# a removed or changed row needs a line in scripts/gates/objective-contract-changes.txt.
inductive	Minidregg.Selvage.BindingCommitment	3a2b2bbf6cd70204eebd23b2dbd1e0fab49605ac748e33e881a1fac7e7547a4f	94197171e9797e74cd0785b0b4962d6c66f226997b0f8df03fdccad9aa8589fe	6a6f8feed0408c84526d9652d6bd828ad9ff75a84662eb8aa1dc862de4bacc4e	18d9a1f283a3d3ef		Type u_5 → Type u_6 → Type u_7 → Type u_8 → Type (max (max (max u_5 u_6) u_7) u_8)
theorem	Minidregg.Selvage.BindingCommitment.binding	30b4f04956ef988ce9dce30d94076f18e0de3dc6953b947c168f148cb80c1301	5728d4f65f81604e20d31b18352210499ae2c694b9f376aea2d21480b3bdb569	db7e44297a77d47f58e508bebd5b2206316a4418290c310ce71204b48a693f26	720430725aae89f6	-	∀ {Root : Type u_5} {F : Type u_6} {ι : Type u_7} {Op : Type u_8} (self : Minidregg.Selvage.BindingCommitment Root F ι Op), (↑self).PositionBinding
theorem	Minidregg.Selvage.BindingCommitment.card_le	dd4ef5f9ca5debbc9fdbef5d3a63b1d9393e08a3612c7bc8a627e00ebd59e36b	49758274c5f1cd491a34bc38d6b36c274b0af9125014078020e9cb0764e61ecb	f906fb30bb9d3125b06d0c8eab5b3f9d904a776c77f110de72e5caf4c7c911b4	802e4bec5b8dc9f0	Classical.choice,Quot.sound,propext	∀ {Root : Type u_1} {F : Type u_2} {ι : Type u_3} {Op : Type u_4} [inst : Fintype Root] [inst_1 : Fintype (ι → F)] (S : Minidregg.Selvage.BindingCommitment Root F ι Op), Fintype.card (ι → F) ≤ Fintype.card Root
theorem	Minidregg.Selvage.BindingCommitment.commit_injective	15f567271f83beb7377f9ce45d2aba9e0ba9dc0df579a878fe5944064da77b51	93235e9aa89d468b70aae8f872095078e2845cc8d4c81cc8ac21f3f5489950c2	3f3daaa151b9524d5306a9dcb22e8bac6178e8244d3807b14836fde77214ed80	966680de1af02244	Quot.sound	∀ {Root : Type u_1} {F : Type u_2} {ι : Type u_3} {Op : Type u_4} (S : Minidregg.Selvage.BindingCommitment Root F ι Op), Function.Injective (↑S).commit
theorem	Minidregg.Selvage.BindingCommitment.isEmpty_of_card_lt	fdc97bef90c952cc0eaf38f4baf6e78bda529b331527924c5bc061ee46967b3d	e194cb582b7acc753cb5a125a98b3dfb5b6c6a84ecd7e1527cd22d723259f207	2cae7e5525ec795fe4b1a3e1288564d5c18d21e80781f5a38d509d95bacf6e15	291cbb8a7b193c92	Classical.choice,Quot.sound,propext	∀ {Root : Type u_1} {F : Type u_2} {ι : Type u_3} {Op : Type u_4} [inst : Fintype Root] [inst_1 : Fintype (ι → F)], Fintype.card Root < Fintype.card (ι → F) → IsEmpty (Minidregg.Selvage.BindingCommitment Root F ι Op)
ctor	Minidregg.Selvage.BindingCommitment.mk	9022203cfc5fe7e937dbb518504caf26c24dd87856dbd3ddf913139089d16b8b	ae5d73f88852c91c07d7c0df9a4eec8f5152105ac1fb7c29efd20769f797ac41	83c1a7f5a32c549c801ba9b55f0609d61f5a3e1273c81823e863480fbda5c86f	a219c50e40220549		{Root : Type u_5} → {F : Type u_6} → {ι : Type u_7} → {Op : Type u_8} → (toOpeningScheme : Minidregg.Selvage.OpeningScheme Root F ι Op) → toOpeningScheme.PositionBinding → Minidregg.Selvage.BindingCommitment Root F ι Op
theorem	Minidregg.Selvage.BindingCommitment.not_positionEquivocation	9ddc8065d5f621539259fd9647bbe6a84d2d29ad521c2ec2233cdc2d02efb527	494421786b948ebb30622c9b42a6bda4a6e529404bd02dc52de300392e9c71f4	f341ce2dfe04008dc71e9d5f2d235ec177eb52a50ae576c9de2e76891431d858	1c7e600554ee5cdc	-	∀ {Root : Type u_1} {F : Type u_2} {ι : Type u_3} {Op : Type u_4} (S : Minidregg.Selvage.BindingCommitment Root F ι Op) (rt : Root) (i : ι) (value : F) (opening : Op) (word : ι → F), ¬(↑S).PositionEquivocation rt i value opening word
theorem	Minidregg.Selvage.BindingCommitment.opened_eq_committed	3d777d829f43f2d6ada8a24b2d367282059097ed3e1331786f3aa4f92834072f	c068751120bc6efa3a48b9e4c2f61d57d38249157fb124e8c42e264874e8b6dd	ad59db9821d19343c717ef18d98dec1e66dd490dfa45498a2f03f21f0923ca0e	d50fed22f998bd69	Quot.sound	∀ {Root : Type u_1} {F : Type u_2} {ι : Type u_3} {Op : Type u_4} (S : Minidregg.Selvage.BindingCommitment Root F ι Op) {w e : ι → F} {oe : ι → Op}, (∀ (i : ι), (↑S).verifyOpen ((↑S).commit w) i (e i) (oe i)) → e = w
def	Minidregg.Selvage.BindingCommitment.toOpeningScheme	9c2cdadfb28adc77355088ad59ace73f06c963318bb9a9918c4f5e53a50b20cd	c8df4f30e30d6fcdf1f1bb81255fc02d455fa8f9baae233f3ef163ae39300913	721db4b9090fbf3721e2c30138cd5d08a3dc82f9b1adbd8a8219a6c07532d64c	6caf9687f9e548a1	-	{Root : Type u_5} → {F : Type u_6} → {ι : Type u_7} → {Op : Type u_8} → Minidregg.Selvage.BindingCommitment Root F ι Op → Minidregg.Selvage.OpeningScheme Root F ι Op
theorem	Minidregg.Selvage.BindingCommitment.word_binding	1c00e2bc4159cbe59818057a6f33deb2444a2c8a16d625e16d037d94544750c7	fd8390c00af1f5a811e391e0be956afc458bf66f2602f7cb644dd29e0884ba24	843c05539cc2d050b1d26554ebb5554b18b938348b91ee3456294d62dc143382	8d286f7c03a3b05a	Quot.sound	∀ {Root : Type u_1} {F : Type u_2} {ι : Type u_3} {Op : Type u_4} (S : Minidregg.Selvage.BindingCommitment Root F ι Op) {rt : Root} {f g : ι → F} {of og : ι → Op}, (∀ (i : ι), (↑S).verifyOpen rt i (f i) (of i)) → (∀ (i : ι), (↑S).verifyOpen rt i (g i) (og i)) → f = g
def	Minidregg.Selvage.CommitExample.S₅	8d968687af4920e37b5290b71a8e1e82e69575fc6cae8a80245859880f81b351	c7dc1f0aaad6a2764326b7f4b27632aeaf7529a9bb14644b4240b85072200ff7	b7e814e31481030e99bcdfb69ce689df072b2df146d66e3812b1b2846d900601	9004383d73735171	-	Minidregg.Selvage.BindingCommitment (Fin 4 → ZMod 5) (ZMod 5) (Fin 4) Unit
theorem	Minidregg.Selvage.CommitExample.committed_extract_bind_fires	ecf7a75442697a1bd95491956d991eb80bfc2517ac806a566c5c74ea6529530b	1b0141b8090b2234ad00302fd35fefaf92dc0560e0908451febe91f368e83a1f	e3003ef9a5366774fc1a2db5504faac7bd02916ea4724d060176726b6046bac7	175d133106c2a834	Classical.choice,Quot.sound,propext	Minidregg.Selvage.RSExample.xWord = Minidregg.Selvage.RSExample.xWord ∧ Minidregg.Selvage.AccClaim.Satisfies (Minidregg.Selvage.reedSolomonCode Minidregg.Selvage.RSExample.dom₅ 2) Minidregg.Selvage.CommitExample.idealClaim Minidregg.Selvage.RSExample.xWord
theorem	Minidregg.Selvage.CommitExample.decider_open_fires	528a4727e8d971a72cbc717244213c4a4ff4793fac7144f3875761d7c08ba79f	79ceb238382361f88dab5c58fa2164c252425418238384c407c613a56688be1e	36018f08ef62cdcd8cf2ed52475f46ebc335917083965a16d9d8ae274024396e	2af0a7f898ab98e1	Classical.choice,Quot.sound,propext	Minidregg.Selvage.RSExample.xWord = Minidregg.Selvage.RSExample.xWord ∧ Minidregg.Selvage.decider (Minidregg.Selvage.reedSolomonCode Minidregg.Selvage.RSExample.dom₅ 2) Minidregg.Selvage.CommitExample.idealClaim Minidregg.Selvage.RSExample.xWord
def	Minidregg.Selvage.CommitExample.equivocal	f17bf00c61da1add3c44e5ef17854028d105e05bcadd8195d0bfc41eb83a48ef	3885528ac5bcb27655b758d397b9b1a4565f3a7bc00e35c2a4d5698f690bcec0	7a58b6f4d537e1d2d29fc72ff9f5c12f10b0efdc6dcc574fda502f2559d98190	5cd8c6b562414897	-	Minidregg.Selvage.OpeningScheme Unit (ZMod 5) (Fin 4) Unit
theorem	Minidregg.Selvage.CommitExample.equivocal_breaks_extract_bind	d1d198e23f6990937705d918bc9b0210034f51cd5e974246d324c9ea78a3ead7	6598118f1fa053f416c21a9dbdd7b1884572730dd1ed3109580b26c416fe828c	2e941023deb68070c255504dc588a4645b68d8456a840f921fed2dc77b40c3db	02c3f7f4676f5d12	Classical.choice,Quot.sound,propext	∃ w e oe, () = Minidregg.Selvage.CommitExample.equivocal.commit w ∧ (∀ (i : Fin 4), Minidregg.Selvage.CommitExample.equivocal.verifyOpen () i (e i) (oe i)) ∧ e ≠ w
theorem	Minidregg.Selvage.CommitExample.equivocal_no_binding_extension	58fce23d5934b6f568a5d85db8f7a79af8a5c235edf5c34e0403b96165ecbb8f	8c946e11f53b045539b0193b274c49a3a747faf576c3119fda1c2eedebb27942	9fe6aa94b4f866b2c54a40d0954f5a7845ccea23f994c18acd657bb9cdc2549e	e59f13f3aeaa31f6	Classical.choice,Quot.sound,propext	¬∃ S, ↑S = Minidregg.Selvage.CommitExample.equivocal
theorem	Minidregg.Selvage.CommitExample.equivocal_not_binding	4976d2847561a16a162cac80cd7ce5db12f2cb6ed5e15210f761de6ed94827a2	a4662aadef9068fa59212008e3d374b015363cc555bc940ba2eff49f523c6ad6	719a4d5802fe0d50e88e398471dab00d30e359541767711708d295a4ea379a27	2faa3d89bcd45aa4	Classical.choice,Quot.sound,propext	¬Minidregg.Selvage.CommitExample.equivocal.PositionBinding
def	Minidregg.Selvage.CommitExample.idealClaim	15cc34d1b558dc59a4f474ca9b86f92c5ee8485c41add42892cdc0daf5fc4365	3c994022e92ab0981a43745676c663860d05ac70397e0903a4b7d72f4de09535	9568b14f955fc0e7f5e8575a4de0a7b121600c735464f7e25e16992c8d6f2edb	3315afefef6cde6b	Classical.choice,Quot.sound,propext	Minidregg.Selvage.AccClaim (Fin 4 → ZMod 5) (ZMod 5) (Fin 4) 2
theorem	Minidregg.Selvage.CommitExample.idealClaim_satisfies	d7ee87a973a78782ca81bd93754eb72f5a9eaacf04ddf1d264227e5dbdcd555a	9f793d36a07179dfa3c6387a14151adbc5214e259571a608f7d4800341b2afcf	29d17fcda17e8d34ee60a0d19dc3fbcd2421019fc636e1e03e932a6507d32fd0	ccd412d3e6875ecc	Classical.choice,Quot.sound,propext	Minidregg.Selvage.AccClaim.Satisfies (Minidregg.Selvage.reedSolomonCode Minidregg.Selvage.RSExample.dom₅ 2) Minidregg.Selvage.CommitExample.idealClaim Minidregg.Selvage.RSExample.xWord
theorem	Minidregg.Selvage.CommitExample.ideal_binding_computes	8e47140deca1ecfc5d938daf519e913a9816eb9762407f2a3afdf07ff7ebcba7	77ef2435dbb084c7154594b7d85f69ce638440b2b22d890a36eb001464ebd984	3d73354037565586bafd90393003840b233db2f80610b854c5bde0bfa0ce7604	54ae2b533b8d3fc9	Classical.choice,Quot.sound,propext	¬((↑Minidregg.Selvage.CommitExample.S₅).verifyOpen ((↑Minidregg.Selvage.CommitExample.S₅).commit Minidregg.Selvage.RSExample.xWord) 2 2 () ∧ (↑Minidregg.Selvage.CommitExample.S₅).verifyOpen ((↑Minidregg.Selvage.CommitExample.S₅).commit Minidregg.Selvage.RSExample.xWord) 2 3 ())
theorem	Minidregg.Selvage.CommitExample.ideal_binding_fires	6b7622f8918db192f081722c7ae222fd2f9226cc712680e4215f53792fb9aefa	962da83bd63c4b39c9d8d5ad85d3b51dc3362a8868c678b99d84c9ef0c2adbe9	90de3936596a6b5818d8a53516d27afcbad5f65d2929465a47e04728796b2be3	a2820f5f99646301	propext	∀ {rt : Fin 4 → ZMod 5} {v v' : ZMod 5}, v ≠ v' → ∀ (o o' : Unit), ¬((↑Minidregg.Selvage.CommitExample.S₅).verifyOpen rt 2 v o ∧ (↑Minidregg.Selvage.CommitExample.S₅).verifyOpen rt 2 v' o')
theorem	Minidregg.Selvage.CommitExample.ideal_commit_opens	5199c9822b0adc2f6abe0ea99c2fbf89802730d6fb9fba5a6810a1368266998a	0f726a2ad79ed0a534dd13fca3ed9bf0a60d42504579ef9bb22077680a3b662d	089e08a3f7135e122e0e8c58d9d218723698e19210186c90a782d5d8465d0145	24ad62156853cf0e	Classical.choice,Quot.sound,propext	(↑Minidregg.Selvage.CommitExample.S₅).verifyOpen ((↑Minidregg.Selvage.CommitExample.S₅).commit Minidregg.Selvage.RSExample.xWord) 2 (Minidregg.Selvage.RSExample.xWord 2) ((↑Minidregg.Selvage.CommitExample.S₅).openAt Minidregg.Selvage.RSExample.xWord 2)
theorem	Minidregg.Selvage.CommitExample.ideal_decider_accepts	48fd893d433c66faee6fb4575c784a6d8177b336b016c9f77a8acb5001313ab7	8e75d2caa397f5b7bee2461ad860aac56a263c48d28c82784228616f85288ecd	4157001a3116d616f077c90c3a92ac3fbdc4a5ac5eda618893e80308e95bda3d	f8d6712fbe639de6	Classical.choice,Quot.sound,propext	Minidregg.Selvage.decider (Minidregg.Selvage.reedSolomonCode Minidregg.Selvage.RSExample.dom₅ 2) Minidregg.Selvage.CommitExample.idealClaim Minidregg.Selvage.RSExample.xWord
theorem	Minidregg.Selvage.CommitExample.ideal_open_computes	6c7f382d3f4c2738c73179a772b8e05642ace52f5eea410bf3210aff43eaf3e1	4b3d94ea569accfcee9fa32bcc49e9087e60f86c3ddf25de9d7a1ff29ab13a53	32ebeb0ea19ef9f91ecffdec9dfab24068b227124e843d6ecabda56e9322e79f	b630a2d395735dac	Classical.choice,Quot.sound,propext	(↑Minidregg.Selvage.CommitExample.S₅).verifyOpen ((↑Minidregg.Selvage.CommitExample.S₅).commit Minidregg.Selvage.RSExample.xWord) 2 2 ()
theorem	Minidregg.Selvage.CommitExample.no_bindingCommitment_compressing	bc99992ecc0d169be13561e493aeda5aa8b0d138bc575b98fbfd1139c45c1cb9	2c5da992fb719bcbba135c618d832a0db65035073dc9f69e46ac6d525c50415d	d1c2a95bf0c1d274f39c54bc64d3849e4a679d7582fc4f597e2d89a17c412c61	cc8526b0c0a4932a	Classical.choice,Quot.sound,propext	IsEmpty (Minidregg.Selvage.BindingCommitment (Fin 2 → ZMod 5) (ZMod 5) (Fin 4) Unit)
theorem	Minidregg.Selvage.CommitExample.seam_teeth	d27d594cb8ed1eef2a37719e28e307278c594431b929d2483beed1d936f879c6	35c118346edb66b2c4be4e8dd211c17ac00897cf762985bd5059cd556e559b12	c680ebe68e86390a5c1847003baa3858c860e66b335b7444f5d00b3a44d8b195	615e7383d68717f5	Classical.choice,Quot.sound,propext	¬∀ (i : Fin 4), (↑Minidregg.Selvage.CommitExample.S₅).verifyOpen Minidregg.Selvage.CommitExample.idealClaim.rt i (Minidregg.Selvage.AccExample.oneWord i) ()
inductive	Minidregg.Selvage.OpeningScheme	f1a81cb429dab10977ff3bf065fd755047d5e515990666b991e9fa47cd5f624a	94197171e9797e74cd0785b0b4962d6c66f226997b0f8df03fdccad9aa8589fe	b5c71aeeaad175f546a0ad06b1d4b3a24bfa7a326c251f916477329ef660cd71	716ff4da7fb0be72		Type u_5 → Type u_6 → Type u_7 → Type u_8 → Type (max (max (max u_5 u_6) u_7) u_8)
def	Minidregg.Selvage.OpeningScheme.PositionBinding	28ef24a625473fdb6c5c3d2199c4df97f011af61e558d348e7f39a5580926fef	96b1e8eca6ab50c7eca724b170b6e3ba609c3854c46d449ce09f8a3d8fc7a09f	dd2f8e3906752d1ea4c8be1f981f6becf3b31e0dddcfef75ede2489ece2d695d	810e968d70962c3c	-	{Root : Type u_1} → {F : Type u_2} → {ι : Type u_3} → {Op : Type u_4} → Minidregg.Selvage.OpeningScheme Root F ι Op → Prop := fun {Root} {F} {ι} {Op} S => ∀ (rt : Root) (i : ι) (v v' : F) (o o' : Op), S.verifyOpen rt i v o → S.verifyOpen rt i v' o' → v = v'
def	Minidregg.Selvage.OpeningScheme.PositionEquivocation	9c4287225b4d48b6d5ea07635679aa291a5a0f645c0577b8cb2282220deaa113	a2ecedb4f9f1407f791cebc11fc4dfa6918411b882fbc92ccad783bf5e9c4cc0	bf800e5c6ea647d8c87022a769c625449932cde2fffb8e7fd26c231b06a37ffb	2e47cae020d34003	-	{Root : Type u_1} → {F : Type u_2} → {ι : Type u_3} → {Op : Type u_4} → Minidregg.Selvage.OpeningScheme Root F ι Op → Root → ι → F → Op → (ι → F) → Prop := fun {Root} {F} {ι} {Op} S rt i value opening word => S.verifyOpen rt i value opening ∧ S.verifyOpen rt i (word i) (S.openAt word i) ∧ value ≠ word i
def	Minidregg.Selvage.OpeningScheme.commit	f1eaea542adc9fb017912bebdbca6c9a9e9c4d8e26e10220b98dcc69f3931f7a	6ae9c6eaa0690cac100d81026214824f110c6a5edf1ef322e2ed914e1c9208ce	f548013d38b74e7c5cad3a95a9769a9052fa25bc488f8fa9725d716c569d3dc9	d5fee38ef2630b2c	-	{Root : Type u_5} → {F : Type u_6} → {ι : Type u_7} → {Op : Type u_8} → Minidregg.Selvage.OpeningScheme Root F ι Op → (ι → F) → Root
ctor	Minidregg.Selvage.OpeningScheme.mk	1e58155216b70372f793f0425dc64b8fe06a79ab6704e164ad12cd361e10cfd4	e76df6c6e0d311eba997b1ac6a4968db9c5f0bc30ec6cc17e14f7b962f222a3c	04525a307862e300aace03eaef9fd51d48e13082c46e2e2b7215740e3f159a2c	4d069d2edd9eccff		{Root : Type u_5} → {F : Type u_6} → {ι : Type u_7} → {Op : Type u_8} → (commit : (ι → F) → Root) → (openAt : (ι → F) → ι → Op) → (verifyOpen : Root → ι → F → Op → Prop) → (∀ (f : ι → F) (i : ι), verifyOpen (commit f) i (f i) (openAt f i)) → Minidregg.Selvage.OpeningScheme Root F ι Op
def	Minidregg.Selvage.OpeningScheme.openAt	21dfdf277a6610da6c12810fb4f635d5b5ee50e2fda8f18326eca41a89dae7d8	3aefa42fa8f9a0f52e73338f7a8ec92998339c90f502fc452cc92ff166cbb8bd	8f0df6612386a2cbbfec5932b670e3c493d3a07883b00cb6c108fa25b14026fb	3b638e1854360a1d	-	{Root : Type u_5} → {F : Type u_6} → {ι : Type u_7} → {Op : Type u_8} → Minidregg.Selvage.OpeningScheme Root F ι Op → (ι → F) → ι → Op
def	Minidregg.Selvage.OpeningScheme.verifyOpen	188fdff24d8854b4731524855a73a2abd04f3810b6cb869644eb4e583ff03bb1	435453bc17f675b6e3a9a073ed6ac8035209cbf9bc14ad2b1367f766a8e3c1d7	abbe3e97d022e33971d7e9428988c68f3d907b7584387bb2b2e3e3d04e00d5d2	d0da71ca72012748	-	{Root : Type u_5} → {F : Type u_6} → {ι : Type u_7} → {Op : Type u_8} → Minidregg.Selvage.OpeningScheme Root F ι Op → Root → ι → F → Op → Prop := fun Root F ι Op self => self.3
theorem	Minidregg.Selvage.OpeningScheme.verifyOpen_commit	018c23bad041989be7b12e3e8a0c5f481b24e8dd162e569dae7f96354b598eff	f29c83cf6621dfd033f9153a3ba4e9932418929b48bbfbc010f5fdb9fd3c9de0	e351378c0579d784b850d1da1de3c1a905f5bb281764f771f411a078ae8753c2	55fd12496ca59266	-	∀ {Root : Type u_5} {F : Type u_6} {ι : Type u_7} {Op : Type u_8} (self : Minidregg.Selvage.OpeningScheme Root F ι Op) (f : ι → F) (i : ι), self.verifyOpen (self.commit f) i (f i) (self.openAt f i)
theorem	Minidregg.Selvage.OpeningScheme.verifyOpen_of_commit_eq	97f0da743fc895cef754506566777f4d3b557ce0d40fd1c094a27e23ab1f79c7	610cec86be4e2630aa632b4e6247be3198cd39318b7c8c413af184f4f4948186	8f639d13d53ca9cbe965672cecc0b806b42b40a1efd8ddeeda6eeeeea1946865	2b69af7a342cced5	-	∀ {Root : Type u_1} {F : Type u_2} {ι : Type u_3} {Op : Type u_4} (S : Minidregg.Selvage.OpeningScheme Root F ι Op) {rt : Root} {w : ι → F}, rt = S.commit w → ∀ (i : ι), S.verifyOpen rt i (w i) (S.openAt w i)
theorem	Minidregg.Selvage.committed_extract_bind	51d62f61cc6fbe1c2eff8f4f0cd511a95749c9be4997a5f143f001a59462b924	7d48f7653c54e4f18b15cd5aad89125a85998a0cba13080cd7e4e69ff1ee748e	db4d02be4d96eec3be3e355184130384cdf47c3e0247fb9a1a76d9df77dcbc77	60bb927bf2647d77	Quot.sound,propext	∀ {Root : Type u_1} {F : Type u_2} {ι : Type u_3} {Op : Type u_4} [inst : Field F] {r : ℕ} (S : Minidregg.Selvage.BindingCommitment Root F ι Op) {C : Submodule F (ι → F)} {A : Minidregg.Selvage.AccClaim Root F ι r} {w e : ι → F} {oe : ι → Op}, A.rt = (↑S).commit w → (∀ (i : ι), (↑S).verifyOpen A.rt i (e i) (oe i)) → Minidregg.Selvage.AccClaim.Satisfies C A e → e = w ∧ Minidregg.Selvage.AccClaim.Satisfies C A w
theorem	Minidregg.Selvage.committed_fold_bind	c2b7c9dabc1fa89b4f7965118adf55265a130a7db92066bd8993add03b4b7ce3	ad48e7c6b10705e23182e26a45a9a39336cb9940568c08b80caa7f264260dffb	6b1676cc62d98e9c7d4ba16f54b5bd03278df763f5a1fc3b6b87940799cfcb96	f5eebe73b5d2ee89	Quot.sound,propext	∀ {Root : Type u_1} {F : Type u_2} {ι : Type u_3} {Op : Type u_4} [inst : Field F] {r : ℕ} (S : Minidregg.Selvage.BindingCommitment Root F ι Op) (foldRoot : Root → F → Root → Root) {C : Submodule F (ι → F)} {A B : Minidregg.Selvage.AccClaim Root F ι r} {γ : F} {w h : ι → F} {oh : ι → Op}, foldRoot A.rt γ B.rt = (↑S).commit w → (∀ (i : ι), (↑S).verifyOpen (Minidregg.Selvage.foldClaims foldRoot A B γ).rt i (h i) (oh i)) → Minidregg.Selvage.AccClaim.Satisfies C (Minidregg.Selvage.foldClaims foldRoot A B γ) h → h = w ∧ Minidregg.Selvage.AccClaim.Satisfies C (Minidregg.Selvage.foldClaims foldRoot A B γ) w
theorem	Minidregg.Selvage.decider_open_complete	36c5fc3319d7f9f5a50cdf9863419fcebebcbf5fd67d99a3ce6a883b069d6b38	2174898080943ba42b232ad5f0447c3b9545d430ca02086cdaf1dd43cd412dc6	80d191890a2eff590487a84eb828f17a8ea7910a13110e4b12c65592999b2edf	89a2fe2a035c9d3f	Quot.sound,propext	∀ {Root : Type u_1} {F : Type u_2} {ι : Type u_3} {Op : Type u_4} [inst : Field F] {r : ℕ} (S : Minidregg.Selvage.BindingCommitment Root F ι Op) {C : Submodule F (ι → F)} {A : Minidregg.Selvage.AccClaim Root F ι r} {w : ι → F}, A.rt = (↑S).commit w → Minidregg.Selvage.AccClaim.Satisfies C A w → (∀ (i : ι), (↑S).verifyOpen A.rt i (w i) ((↑S).openAt w i)) ∧ Minidregg.Selvage.decider C A w
theorem	Minidregg.Selvage.decider_open_sound	cc7ec24b9b67dc199a6950a716e627827cbc3ac00dc386c24fe117560f26c7d6	9664da5ea91e9b59c137d288313129e1647a43693ee0c0c3d3572a7a040a530b	3bcb72e24c945725ff3e31d9cbe4e5dfaaafad778f167d51a58d8cfb55ea0859	67711f405c988ea7	Quot.sound,propext	∀ {Root : Type u_1} {F : Type u_2} {ι : Type u_3} {Op : Type u_4} [inst : Field F] {r : ℕ} (S : Minidregg.Selvage.BindingCommitment Root F ι Op) {C : Submodule F (ι → F)} {A : Minidregg.Selvage.AccClaim Root F ι r} {w f : ι → F} {of : ι → Op}, A.rt = (↑S).commit w → (∀ (i : ι), (↑S).verifyOpen A.rt i (f i) (of i)) → Minidregg.Selvage.decider C A f → f = w ∧ Minidregg.Selvage.decider C A w
def	Minidregg.Selvage.idealCommitment	cea72b555a81c01c133cd511b5128f5e66d13518ed38947d009d69881573015f	da5bb713688ac4816a135aefdd8c026c49a03bee4fa898544f7d8f31e66091aa	fc512a55f35e52c83c1a75b01243dbf2a0a375bbf5a75564c616e8ef14c671d8	c861b71b16ae7539	-	(F : Type u_5) → (ι : Type u_6) → Minidregg.Selvage.BindingCommitment (ι → F) F ι Unit
theorem	Minidregg.Selvage.idealCommitment_commit	6d5b0621813f3a42b9d8afd391aadf441e874d7964d90d8d2f7913003f86edb0	db60c02aa4cd5b23120d551d2976ebc109d72149b572eb953881bc876cd3412d	9134d2c4a7fa580532b0d56587e1e73b26d889867bbfdad8cfb14e4742036c31	790b60522e9baa45	-	∀ {F : Type u_2} {ι : Type u_3} (f : ι → F), (↑(Minidregg.Selvage.idealCommitment F ι)).commit f = f
theorem	Minidregg.Selvage.idealCommitment_openAt	3a8ab054367ac15242e988bf727f7dc5b2bb3799647a18ec2df89db7b2d57efc	905261ad32f4ed4884a5a4c9411770e21ddaef019024428907ad0758a4eed996	c0fff41bfceeda1c9c4b1e0a7190e0ad774636e723bab8435c7080284d46b346	d181cfa98eedec2b	-	∀ {F : Type u_2} {ι : Type u_3} (f : ι → F) (i : ι), (↑(Minidregg.Selvage.idealCommitment F ι)).openAt f i = ()
theorem	Minidregg.Selvage.idealCommitment_verifyOpen	1a861b82246c6b646f51adcf3252a5b3d03d7723541d59f84102e96232187a4d	ee3962d8c61f340288144066c9cc5b55c6cd565946f6fb8d64aec191639315dd	79f217dd6778af8480d7e4f3c9ca80f2119a4aedfbedc1ad05afa0e3cc827375	2740a6ffc00ba3c2	-	∀ {F : Type u_2} {ι : Type u_3} (rt : ι → F) (i : ι) (v : F) (o : Unit), (↑(Minidregg.Selvage.idealCommitment F ι)).verifyOpen rt i v o ↔ rt i = v
