# Theory.KeyCommitmentAdoption: Objective contract manifest. Written by `scripts/check-objective-proofs.sh proofs --pin`;
# a removed or changed row needs a line in scripts/gates/objective-contract-changes.txt.
inductive	Minidregg.Theory.KeyCommitmentAdoption.Adoption	b1a832c6cc9788808edeb6c9d84c88d0c63129a5237322c0f73f73c845556dd8	16946b93ac38405660f51e475eb5aa7d25b54f5e5677e0f6a10a4526cc071cbf	44f7f639075e6395739cf1a27ed48ce04c69055a68959fe94672a18ec1433081	f806be77d6aa8fbb		Type
def	Minidregg.Theory.KeyCommitmentAdoption.Adoption.expectedCurrent	f05220072a8de095699b62912d4b15149721720e10260c5db00005be948525a3	dc30f13cdb786139c99ca1fc576d5b960a74c2d82a9c2c52abc9d0f0ae7a7d22	3b0ae3b0923717d5583e4a3d4cfc41aa448cfc077b3ce3768faca1484796bbdd	7740eb5c0d49c266	-	Minidregg.Theory.KeyCommitmentAdoption.Adoption → Minidregg.Theory.CredentialSigningKey.KeyRecord
ctor	Minidregg.Theory.KeyCommitmentAdoption.Adoption.mk	2dbfb589df5635f6d62612eeb4b57aba8045d1f2beee3a673744c53f425cd7d5	a1e15252a351f1833065580f746743bfc0e3791c88e6c1d9910a78ed04dfdd0c	c8ec115f5d63095a6b287f4f644d7e43dc9437662b34ed55e588f4dfd934cb6d	37f1013c52b5f7f4		Minidregg.Theory.TypedAuthorization.SubjectId → Minidregg.Theory.CredentialSigningKey.KeyRecord → List UInt8 → Minidregg.Theory.KeyCommitmentAdoption.Adoption
def	Minidregg.Theory.KeyCommitmentAdoption.Adoption.nextPublicKey	b9f5ead1fdd8d906878633cd3867b5f5a8c298d12caef45bf4d6c175ac351c8e	4f98f2a17a88380f5e6202975182b5bc25877ef670e3217fc23cbeaaf1fd6dba	3afffdf0fbbd2e5a124ec54136d980b4124b0cc0f33f22ddd738b35f1760a530	b82adbd0e137c5fc	-	Minidregg.Theory.KeyCommitmentAdoption.Adoption → List UInt8
def	Minidregg.Theory.KeyCommitmentAdoption.Adoption.subject	21a8c463252dfd062d1b1b0ae9323fa65f89ec668da1fc5eab7fa7964e1f5220	e2b6d1da57fda1b895fe2bb5d22343956d3af168bc938eac1dd77ccfc866fc57	2898d8100684bbb8553b518d85318b1290f0e48c94638c48b337954c4991d7a4	f748800e157efdb5	-	Minidregg.Theory.KeyCommitmentAdoption.Adoption → Minidregg.Theory.TypedAuthorization.SubjectId
def	Minidregg.Theory.KeyCommitmentAdoption.Eligible	380e58e2964884823e2a2d63648e3d8142d55b146c408243fa92b44f3e68a454	edb7433e89d87dd0d7362bdb96541e937af26dab5d2a3f92d546e8efc0c7e622	0a213e75b70cd0c0343019ca6dfb48c437a74e46f05ef277839f8a5c449cf687	d32eb9ac06b5e29f	Classical.choice,Quot.sound,propext	Minidregg.Theory.Store.Store Minidregg.Theory.CredentialAuthorityState.layout → ℕ → Minidregg.Theory.KeyCommitmentAdoption.Adoption → Prop := fun logical revision adoption => Minidregg.Theory.CredentialAuthorityState.currentSigningKey logical adoption.subject = Option.some adoption.expectedCurrent ∧ adoption.expectedCurrent.nextKeyDigest = Option.none ∧ (logical ⟨Minidregg.Theory.CredentialAuthorityState.AuthorityPlane.registered, Minidregg.Theory.CredentialAuthorityState.signingKeyRevocation adoption.expectedCurrent⟩).isSome = Bool.true ∧ (logical ⟨Minidregg.Theory.CredentialAuthorityState.AuthorityPlane.revoked, Minidregg.Theory.CredentialAuthorityState.signingKeyRevocation adoption.expectedCurrent⟩).isSome = Bool.false ∧ adoption.expectedCurrent.algorithm = 1 ∧ adoption.expectedCurrent.publicKey.length = 32 ∧ adoption.expectedCurrent.activeFrom ≤ revision ∧ revision ≤ adoption.expectedCurrent.activeUntil ∧ adoption.nextPublicKey.length = 32 ∧ adoption.nextPublicKey ≠ adoption.expectedCurrent.publicKey
inductive	Minidregg.Theory.KeyCommitmentAdoption.Reject	f971612e3a199e26692bdb6a132c80d453c6e76d24401ef76fcf42dbcc9145f3	16946b93ac38405660f51e475eb5aa7d25b54f5e5677e0f6a10a4526cc071cbf	5291d5d37f6b1f7145792c3883a443c36dba3fb57ed3989f2149ef434a08937d	8d2f656ff5dddf16		Type
ctor	Minidregg.Theory.KeyCommitmentAdoption.Reject.currentNotSigned	2293be46748d6e2c6a49b55e626a16ba248cd0807ede55344c5ac9b1debb9fa0	c5cad09f008f6dc40436152f53890ee0aea8f02f053f1cc91e38139e5807e92a	499b2c1bb448e9500976f5b83832d085ba3778f3da238ca6525db610518a28ce	af0187d56dc91f14		Minidregg.Theory.KeyCommitmentAdoption.Reject
def	Minidregg.Theory.KeyCommitmentAdoption.Reject.currentNotSigned.elim	eb6481c5990d121041758200a4e90b38c209e0f53763dcc3a6164c62a72722f4	f6bb7a62b7b0ec3f9359245e6862d436209600d121419cfa7d66d3f998a68f9a	8d2484915f0ff3bdeb3ade86cb74b41d877aa264e9005a79babd329465ca49a4	17bce841987c2a97	-	{motive : Minidregg.Theory.KeyCommitmentAdoption.Reject → Sort u} → (t : Minidregg.Theory.KeyCommitmentAdoption.Reject) → t.ctorIdx = 1 → motive Minidregg.Theory.KeyCommitmentAdoption.Reject.currentNotSigned → motive t
ctor	Minidregg.Theory.KeyCommitmentAdoption.Reject.ineligible	0d70ea99f8bdf6ba55447da4113d5faa96c2ce575617e2355f65dcf6bcdd2b7f	c5cad09f008f6dc40436152f53890ee0aea8f02f053f1cc91e38139e5807e92a	0c976dad2bfdfc4133da8742398480d9cb2f92e5a4c0e6ca9f94608e7ccb0abd	6b3a1886ac4470b1		Minidregg.Theory.KeyCommitmentAdoption.Reject
def	Minidregg.Theory.KeyCommitmentAdoption.Reject.ineligible.elim	9a7687bfdeb5e4669cc9bae7ab8208bd612c0525c584cd9bcb079d9d8c60bc22	179b9257878572927732e66777b9e7313f98098e584fa508f800106fba35fe1a	fb29a27a69f692aebb6cfcd40c42a4f2e0dc4414b3018fc010b2436dca0eb27b	534fdc8b35891c72	-	{motive : Minidregg.Theory.KeyCommitmentAdoption.Reject → Sort u} → (t : Minidregg.Theory.KeyCommitmentAdoption.Reject) → t.ctorIdx = 0 → motive Minidregg.Theory.KeyCommitmentAdoption.Reject.ineligible → motive t
ctor	Minidregg.Theory.KeyCommitmentAdoption.Reject.nextNotSigned	2c850bbd927a44c930420b052fb1c23a82afb91052d85443f1320b6167c5d090	c5cad09f008f6dc40436152f53890ee0aea8f02f053f1cc91e38139e5807e92a	9dbd8ad9ef8150b6c5106ca1f5e9c30ad19d5ae9174d8a3b79e3c2ad6375b3d0	7c300dc1740f968c		Minidregg.Theory.KeyCommitmentAdoption.Reject
def	Minidregg.Theory.KeyCommitmentAdoption.Reject.nextNotSigned.elim	55a99b8592c614de3e9b935ee066ecf60b953392b3b2961c50b904098aff34f1	81084056a0cf22ca10029591c64cf762ba5edd5b0392b43cb495c0a7be2dbdc0	6fc190753e6bc21bc3358fadeb1fad4722ad239cf82a76fbd398f027eff28d6c	063e5a193b4acc1c	-	{motive : Minidregg.Theory.KeyCommitmentAdoption.Reject → Sort u} → (t : Minidregg.Theory.KeyCommitmentAdoption.Reject) → t.ctorIdx = 2 → motive Minidregg.Theory.KeyCommitmentAdoption.Reject.nextNotSigned → motive t
def	Minidregg.Theory.KeyCommitmentAdoption.Reject.ofNat	f16383de1d540fea06c7f0f631586e55cd6fba4adff774ad24710f209968d92d	d3c33de0f0b99b2ef29057c11f6a3be4f3f73488e6c047290eeab579a5ca5af2	a1e528865dfdcae825f50f2ca4ba4946616ce29f81cd82035f55dc18d809723f	34ce4d6d8425ee4b	-	ℕ → Minidregg.Theory.KeyCommitmentAdoption.Reject
theorem	Minidregg.Theory.KeyCommitmentAdoption.Reject.ofNat_ctorIdx	4f7f9dfcf53bf4d206fc8f72c6aa0be01714d8dba8bb63a3845cf6a6b31b18c9	6892518cbfc6964902423c871d09dc3b5a708a9d67a9c23c2af15a8a4beb9989	ac6dd3035e171d961a6101f8e087dc4e1875f6e521d5cb2d41ae181dae4a91d2	cca66f77d08ed829	-	∀ (x : Minidregg.Theory.KeyCommitmentAdoption.Reject), Minidregg.Theory.KeyCommitmentAdoption.Reject.ofNat x.ctorIdx = x
theorem	Minidregg.Theory.KeyCommitmentAdoption.Witness.admitted	089b48f2dc41c1a38b89338cf608ab5ca4ac08fc4416f74521b5492d83e16dab	89ede4f61ee9c88b4c726637f5f68d4d631cae52c9b2652253de09345e5b823c	b635fddbc687ae7f56793aabe37264de1eae7c3cbfdf4f1f1b1d31e4b920d14a	65c264edd44cc83f	Classical.choice,Quot.sound,propext	Minidregg.Theory.KeyCommitmentAdoption.gate Minidregg.Theory.KeyCommitmentAdoption.Witness.store✝ 7 Minidregg.Theory.KeyCommitmentAdoption.Witness.adoption✝ Minidregg.Theory.KeyCommitmentAdoption.Witness.yes✝ Minidregg.Theory.KeyCommitmentAdoption.Witness.yes✝ = Except.ok ()
theorem	Minidregg.Theory.KeyCommitmentAdoption.Witness.expired	9db12418952a603c6d7830ac22a9e1cb9b78214e93f35cca02ac0b60de68ca43	47e24bec9a7f71f4b3a8d0f17fd791dee62c1742dc5219b43cd2fdec5c860dc1	6bd140d3980e732dc10d2b925da15a73a8d1df6da2ccc27ed66240dc2fb3d5cc	b2ca2c43f62e95ec	Classical.choice,Quot.sound,propext	Minidregg.Theory.KeyCommitmentAdoption.gate Minidregg.Theory.KeyCommitmentAdoption.Witness.store✝ 101 Minidregg.Theory.KeyCommitmentAdoption.Witness.adoption✝ Minidregg.Theory.KeyCommitmentAdoption.Witness.yes✝ Minidregg.Theory.KeyCommitmentAdoption.Witness.yes✝ = Except.error Minidregg.Theory.KeyCommitmentAdoption.Reject.ineligible
theorem	Minidregg.Theory.KeyCommitmentAdoption.Witness.no_current_signature	9e8491628a2405492e81197b422d6fed3d1824d6308376e7acee31c9d7218cdf	2e0a8d9412c21930d7ca2275204ec03b73611b605ec9761b5ae6d31fc967c87c	b67e2894f6507cd2705f1e202e1827c51a316c7a76bec5b5e83c3118dcbd8cab	38af75c8ec6a81db	Classical.choice,Quot.sound,propext	Minidregg.Theory.KeyCommitmentAdoption.gate Minidregg.Theory.KeyCommitmentAdoption.Witness.store✝ 7 Minidregg.Theory.KeyCommitmentAdoption.Witness.adoption✝ (fun x => Bool.false) Minidregg.Theory.KeyCommitmentAdoption.Witness.yes✝ = Except.error Minidregg.Theory.KeyCommitmentAdoption.Reject.currentNotSigned
theorem	Minidregg.Theory.KeyCommitmentAdoption.Witness.no_next_possession	5b5cec68985f8d3a70cddbde09220fc79bac9403c04b62ff451f080a408130a0	e12d234ecaf93afd6216068da6983b6f9f58c3b0305a39c2b2d25661e1eb8bc0	4cc10562a5aa0d6cdcc9617619a78c92540ce93ba4845a0a6d854db81341d079	47a3e3fd5c227873	Classical.choice,Quot.sound,propext	(Minidregg.Theory.KeyCommitmentAdoption.gate Minidregg.Theory.KeyCommitmentAdoption.Witness.store✝ 7 Minidregg.Theory.KeyCommitmentAdoption.Witness.adoption✝ Minidregg.Theory.KeyCommitmentAdoption.Witness.yes✝ fun x => Bool.false) = Except.error Minidregg.Theory.KeyCommitmentAdoption.Reject.nextNotSigned
theorem	Minidregg.Theory.KeyCommitmentAdoption.Witness.patch_valid	854bcd4387e43f8fdaebeb62105377d0a2724a0c7e4ecf9c35e3a979b30c8314	03eabe523727d2f3c25b843c994d8488e305f60f8e56666abeaf07bfd879e2be	6c558cc8f00825a8f1fbbaa102751f93e403e01ef9b124e2c2d6c77ef67b70bf	d45bd89003b9e28e	Classical.choice,Quot.sound,propext	Minidregg.Theory.Store.Patch.ValidFrom Minidregg.Theory.KeyCommitmentAdoption.Witness.store✝ (Minidregg.Theory.KeyCommitmentAdoption.patch Minidregg.Theory.KeyCommitmentAdoption.Witness.digestOf✝ Minidregg.Theory.KeyCommitmentAdoption.Witness.adoption✝)
theorem	Minidregg.Theory.KeyCommitmentAdoption.Witness.replay_not_fresh	6a7a6684ecd04a998b863e21dadbffb6cbb3c31c253b51fcee8df5880e101f4e	fd19d2e82ee4aba231c73de3d63d62ad0da5280e77503c9af1bbe045faa0f3ae	0f9cccddc73be908440180e4aab920169a9958bdb31888c769642b17a6bff544	60ed921b5eab68e0	Classical.choice,Quot.sound,propext	Minidregg.Theory.KeyCommitmentAdoption.gate (Minidregg.Theory.KeyCommitmentAdoption.post Minidregg.Theory.KeyCommitmentAdoption.Witness.digestOf✝ Minidregg.Theory.KeyCommitmentAdoption.Witness.store✝ Minidregg.Theory.KeyCommitmentAdoption.Witness.adoption✝) 8 Minidregg.Theory.KeyCommitmentAdoption.Witness.adoption✝ Minidregg.Theory.KeyCommitmentAdoption.Witness.yes✝ Minidregg.Theory.KeyCommitmentAdoption.Witness.yes✝ = Except.error Minidregg.Theory.KeyCommitmentAdoption.Reject.ineligible
theorem	Minidregg.Theory.KeyCommitmentAdoption.Witness.revoked	6d24fb645af45bea680d281964fe7e3b71b9878dadeba2682c5cf5f8e513338e	4beaace126616ded7745339704babaa12992144a25408d62fe3371003d2aa02e	a01b460b4b5f5f1dab67ac381cebd0f3fcaebc9c642907a0672133953cca7a92	b75d1edbcb8026f0	Classical.choice,Quot.sound,propext	Minidregg.Theory.KeyCommitmentAdoption.gate (Minidregg.Theory.KeyCommitmentAdoption.Witness.store✝.set ⟨Minidregg.Theory.CredentialAuthorityState.AuthorityPlane.revoked, Minidregg.Theory.TypedAuthorization.RevocationKey.signingKey { value := 9 } 4⟩ (Option.some ())) 7 Minidregg.Theory.KeyCommitmentAdoption.Witness.adoption✝ Minidregg.Theory.KeyCommitmentAdoption.Witness.yes✝ Minidregg.Theory.KeyCommitmentAdoption.Witness.yes✝ = Except.error Minidregg.Theory.KeyCommitmentAdoption.Reject.ineligible
theorem	Minidregg.Theory.KeyCommitmentAdoption.Witness.same_key_committed	1255b5f29ab8533be57f87781ed76b4e8383d8e9c2c2f80eb6a33cc4d806cefd	5e24d6051d11f67b8940f3d6cff61761f2410a443a904059f855616cbe291e0b	8513def489f53b5ccf7a934841c4d7b99ee6d513e2668e9019dae56251f52ffe	1edfd534ad99b53e	Classical.choice,Quot.sound,propext	Minidregg.Theory.CredentialAuthorityState.currentSigningKey (Minidregg.Theory.KeyCommitmentAdoption.post Minidregg.Theory.KeyCommitmentAdoption.Witness.digestOf✝ Minidregg.Theory.KeyCommitmentAdoption.Witness.store✝ Minidregg.Theory.KeyCommitmentAdoption.Witness.adoption✝) { value := 9 } = Option.some (have __src := Minidregg.Theory.KeyCommitmentAdoption.Witness.old✝; { keyId := __src.keyId, keyEpoch := __src.keyEpoch, algorithm := __src.algorithm, subject := __src.subject, publicKey := __src.publicKey, activeFrom := __src.activeFrom, activeUntil := __src.activeUntil, nextKeyDigest := Option.some { value := 77 } })
theorem	Minidregg.Theory.KeyCommitmentAdoption.Witness.same_key_refused	055c54c15aff786b3158f1390e88828357a9b2f782192b7912f4929918b55bf5	f95c23b3cdae88d1c695619f71f7e04291d0628c469650e9a3bf2abaa3d22f37	dd0234a4f7029c6e3ee6cd74018425a33c7011da7e5da258600124e44bcd4287	5c1a774ca4f236e6	Classical.choice,Quot.sound,propext	Minidregg.Theory.KeyCommitmentAdoption.gate Minidregg.Theory.KeyCommitmentAdoption.Witness.store✝ 7 (have __src := Minidregg.Theory.KeyCommitmentAdoption.Witness.adoption✝; { subject := __src.subject, expectedCurrent := __src.expectedCurrent, nextPublicKey := Minidregg.Theory.KeyCommitmentAdoption.Witness.daily✝ }) Minidregg.Theory.KeyCommitmentAdoption.Witness.yes✝ Minidregg.Theory.KeyCommitmentAdoption.Witness.yes✝ = Except.error Minidregg.Theory.KeyCommitmentAdoption.Reject.ineligible
theorem	Minidregg.Theory.KeyCommitmentAdoption.Witness.wrong_subject	f7eb3d4bad92e3c189e5dc8dcf9665828fb80b682c8e3a8ba6d1dfa43c9f0315	ac21967d34b2208f19bd975f99c1e45754a5d85875b9e7e9e8f3659de76c4bba	4255069ed26e30839d1a9fda50bc6ce3e48ff91fd4cdf22854f516439c047c03	18d4e78a83fa7e28	Classical.choice,Quot.sound,propext	Minidregg.Theory.KeyCommitmentAdoption.gate Minidregg.Theory.KeyCommitmentAdoption.Witness.store✝ 7 (have __src := Minidregg.Theory.KeyCommitmentAdoption.Witness.adoption✝; { subject := { value := 10 }, expectedCurrent := __src.expectedCurrent, nextPublicKey := __src.nextPublicKey }) Minidregg.Theory.KeyCommitmentAdoption.Witness.yes✝ Minidregg.Theory.KeyCommitmentAdoption.Witness.yes✝ = Except.error Minidregg.Theory.KeyCommitmentAdoption.Reject.ineligible
def	Minidregg.Theory.KeyCommitmentAdoption.adopted	f19f2e0a2010e96ef4357a98354dcb86ed81d3be08001dda0ffc741aa4919f65	6501ae664d59e85cb604e5fe9ed45bf58e7b7bd7cfa7e58eb580890c1cb9cd12	898c1e406b67042c7ca1a791f54337ac7c534ba065ba079d9ed3c2c0132d0e4a	d05a7864e7574e7c	-	(List UInt8 → Minidregg.Theory.TypedAuthorization.Digest) → Minidregg.Theory.KeyCommitmentAdoption.Adoption → Minidregg.Theory.CredentialSigningKey.KeyRecord
theorem	Minidregg.Theory.KeyCommitmentAdoption.adoption_enables_rotation	a3bd7c9820f7058b8c2b55a99663e474316ebdbe15347de9d86fdfda587fce97	343ea226526917f37d87d8c4cfc041efa021a9bbdac7be8cbe5eaccced5cb461	55832105f08a5228200e54018b226e8a578621b79a32c07683e2db121234b14a	d4a087d046ee6c3a	Classical.choice,Quot.sound,propext	∀ (digestOf : List UInt8 → Minidregg.Theory.TypedAuthorization.Digest) (logical : Minidregg.Theory.Store.Store Minidregg.Theory.CredentialAuthorityState.layout) (revision : ℕ) (adoption : Minidregg.Theory.KeyCommitmentAdoption.Adoption) (currentSigned nextSigned : List UInt8 → Bool), Minidregg.Theory.KeyCommitmentAdoption.gate logical revision adoption currentSigned nextSigned = Except.ok () → ∀ (rotation : Minidregg.Theory.KeyPreRotation.Rotation), rotation.subject = adoption.subject → rotation.key.publicKey = adoption.nextPublicKey → Minidregg.Theory.KeyPreRotation.Successor (Minidregg.Theory.KeyCommitmentAdoption.adopted digestOf adoption) rotation → rotation.key.nextKeyDigest.isSome = Bool.true → ∀ (signed : List UInt8 → Bool), signed rotation.key.publicKey = Bool.true → Minidregg.Theory.KeyPreRotation.gate digestOf (Minidregg.Theory.KeyCommitmentAdoption.post digestOf logical adoption) rotation signed = Except.ok (Minidregg.Theory.KeyCommitmentAdoption.adopted digestOf adoption)
theorem	Minidregg.Theory.KeyCommitmentAdoption.current_signature_required	5b9e69b5926b37a3d26e679a705efcc64f90d21ea220be181864dca323c25e50	e3d3351d7629c4bfc8986f02cf9f78c1f5a3a70477d05c8a0bd77974fdd7495a	9b2b172114d16f4b25a8819f30536e70142c419f3a83c904926ce3635551e24e	7f4e8cac24bf615a	Classical.choice,Quot.sound,propext	∀ (logical : Minidregg.Theory.Store.Store Minidregg.Theory.CredentialAuthorityState.layout) (revision : ℕ) (adoption : Minidregg.Theory.KeyCommitmentAdoption.Adoption), Minidregg.Theory.KeyCommitmentAdoption.Eligible logical revision adoption → ∀ (currentSigned nextSigned : List UInt8 → Bool), currentSigned adoption.expectedCurrent.publicKey = Bool.false → Minidregg.Theory.KeyCommitmentAdoption.gate logical revision adoption currentSigned nextSigned = Except.error Minidregg.Theory.KeyCommitmentAdoption.Reject.currentNotSigned
theorem	Minidregg.Theory.KeyCommitmentAdoption.existing_commitment_refused	1e4919769b0e01b1021d9473299ec020188db3ef7b2eb5255a4c103c9124ce38	105a44a0ab4dc44b01fc38c4c8306e19ded51d58b543bed9364c864ff71d6316	4d3902606c959a3a5aa5cc7cd66f319a1e2867502676f8437dced332a75f7334	4d9ab77b0b760705	Classical.choice,Quot.sound,propext	∀ (logical : Minidregg.Theory.Store.Store Minidregg.Theory.CredentialAuthorityState.layout) (revision : ℕ) (adoption : Minidregg.Theory.KeyCommitmentAdoption.Adoption), adoption.expectedCurrent.nextKeyDigest ≠ Option.none → ∀ (currentSigned nextSigned : List UInt8 → Bool), Minidregg.Theory.KeyCommitmentAdoption.gate logical revision adoption currentSigned nextSigned = Except.error Minidregg.Theory.KeyCommitmentAdoption.Reject.ineligible
def	Minidregg.Theory.KeyCommitmentAdoption.gate	412efa990ba4033e568359f27f003629530f9fe8c5cb5e0ee58a74fe0c629c6d	3d2a322288d708596775408aac01763600d3bda2e06ef158db2627d735a205aa	4f1caac87432be175079e1d85919226cbe27682737f7f0fc8fc66d1c6c60f3a5	3481d10c21fd6711	Classical.choice,Quot.sound,propext	Minidregg.Theory.Store.Store Minidregg.Theory.CredentialAuthorityState.layout → ℕ → Minidregg.Theory.KeyCommitmentAdoption.Adoption → (List UInt8 → Bool) → (List UInt8 → Bool) → Except Minidregg.Theory.KeyCommitmentAdoption.Reject Unit
theorem	Minidregg.Theory.KeyCommitmentAdoption.gate_ok_iff	f2a7896015d72767d788e81d655b0295754664587f070835a17d2ded7d651f8c	27df81c44e4b58515357133d57c4271cc1d9114de49e3145fd60428872eaf87d	cdc4fe808e9659b603ab3aeb6c6a5f85bf21e282bc00d61d8db89362101d5b7e	fad5e91b262794a9	Classical.choice,Quot.sound,propext	∀ (logical : Minidregg.Theory.Store.Store Minidregg.Theory.CredentialAuthorityState.layout) (revision : ℕ) (adoption : Minidregg.Theory.KeyCommitmentAdoption.Adoption) (currentSigned nextSigned : List UInt8 → Bool), Minidregg.Theory.KeyCommitmentAdoption.gate logical revision adoption currentSigned nextSigned = Except.ok () ↔ Minidregg.Theory.KeyCommitmentAdoption.Eligible logical revision adoption ∧ currentSigned adoption.expectedCurrent.publicKey = Bool.true ∧ nextSigned adoption.nextPublicKey = Bool.true
theorem	Minidregg.Theory.KeyCommitmentAdoption.identity_preserved	2352d110a453dbaa8e87d72cc50f856821a7bb0a0e33b00b17414476be22ca9f	cba4529f2a5e5a52e61a6981735da2b5324ac0462af93cde0c0d47db9fd8e28d	a2aa2152fae606d07c9190b56798628120cf7c9d3a52da8f46d4aa4adb9a1c35	4f25cc5f18751027	propext	∀ (digestOf : List UInt8 → Minidregg.Theory.TypedAuthorization.Digest) (adoption : Minidregg.Theory.KeyCommitmentAdoption.Adoption), (Minidregg.Theory.KeyCommitmentAdoption.adopted digestOf adoption).subject = adoption.expectedCurrent.subject ∧ (Minidregg.Theory.KeyCommitmentAdoption.adopted digestOf adoption).keyId = adoption.expectedCurrent.keyId ∧ (Minidregg.Theory.KeyCommitmentAdoption.adopted digestOf adoption).keyEpoch = adoption.expectedCurrent.keyEpoch ∧ (Minidregg.Theory.KeyCommitmentAdoption.adopted digestOf adoption).publicKey = adoption.expectedCurrent.publicKey ∧ (Minidregg.Theory.KeyCommitmentAdoption.adopted digestOf adoption).algorithm = adoption.expectedCurrent.algorithm ∧ (Minidregg.Theory.KeyCommitmentAdoption.adopted digestOf adoption).activeFrom = adoption.expectedCurrent.activeFrom ∧ (Minidregg.Theory.KeyCommitmentAdoption.adopted digestOf adoption).activeUntil = adoption.expectedCurrent.activeUntil
theorem	Minidregg.Theory.KeyCommitmentAdoption.next_signature_required	6a8aa2d86d8548bff5378471c1a15106c7020325d611d45123ac048bc9387423	428def62a4ecc6f510e9fb98573f42105fbededa1dd21b6867ec492f46c71e5a	3e84355241ca9490d882c481a9d70dd82339944ecad6238a99eff8c4a2074a57	7ae0f8485fd3ef9e	Classical.choice,Quot.sound,propext	∀ (logical : Minidregg.Theory.Store.Store Minidregg.Theory.CredentialAuthorityState.layout) (revision : ℕ) (adoption : Minidregg.Theory.KeyCommitmentAdoption.Adoption), Minidregg.Theory.KeyCommitmentAdoption.Eligible logical revision adoption → ∀ (currentSigned nextSigned : List UInt8 → Bool), currentSigned adoption.expectedCurrent.publicKey = Bool.true → nextSigned adoption.nextPublicKey = Bool.false → Minidregg.Theory.KeyCommitmentAdoption.gate logical revision adoption currentSigned nextSigned = Except.error Minidregg.Theory.KeyCommitmentAdoption.Reject.nextNotSigned
def	Minidregg.Theory.KeyCommitmentAdoption.patch	d838eee3319b22f1f5fc9989032a951646f38c5e05d3e44e94ef07d7b2005511	f8b31fd3b852603ccea1bc38110d68b06951a6aa9bee1bc2c35b5b0c750dfbc0	85d98804322fe7828da96d5c4bfb16a5bd05a1d6bf2c43e8d33431c18fe19821	6b32f0595e555fa0	Classical.choice,Quot.sound,propext	(List UInt8 → Minidregg.Theory.TypedAuthorization.Digest) → Minidregg.Theory.KeyCommitmentAdoption.Adoption → Minidregg.Theory.Store.Patch Minidregg.Theory.CredentialAuthorityState.layout
def	Minidregg.Theory.KeyCommitmentAdoption.post	57a5862f9de8d81fa1e8cc2a70e9ad4288a9e237be116315659692d685a8ad10	3cdf1cb5b8d714f6042d9f88a098ed294a06af08553d778907a45529b97b7b06	72a333420ecb9ed3f70be7da68444f7df46a10447f6e787c3e08ba4020fcae28	8849ebc8d1173508	Classical.choice,Quot.sound,propext	(List UInt8 → Minidregg.Theory.TypedAuthorization.Digest) → Minidregg.Theory.Store.Store Minidregg.Theory.CredentialAuthorityState.layout → Minidregg.Theory.KeyCommitmentAdoption.Adoption → Minidregg.Theory.Store.Store Minidregg.Theory.CredentialAuthorityState.layout
theorem	Minidregg.Theory.KeyCommitmentAdoption.post_current	98cf4d7f5efc0367449df846f0167e934b3cc93c54da29befefd69217f6df62d	3244706939c4c3764526a82ef4ccb13ab94dfac16c70f30baaddc9a41e336b14	ebb35bf71f6e783414488a111b9a9f4956c73d55aa19ca84c3e9122dceee4ec0	934d4e76b77a22e6	Classical.choice,Quot.sound,propext	∀ (digestOf : List UInt8 → Minidregg.Theory.TypedAuthorization.Digest) (logical : Minidregg.Theory.Store.Store Minidregg.Theory.CredentialAuthorityState.layout) (adoption : Minidregg.Theory.KeyCommitmentAdoption.Adoption), Minidregg.Theory.CredentialAuthorityState.currentSigningKey logical adoption.subject = Option.some adoption.expectedCurrent → Minidregg.Theory.CredentialAuthorityState.currentSigningKey (Minidregg.Theory.KeyCommitmentAdoption.post digestOf logical adoption) adoption.subject = Option.some (Minidregg.Theory.KeyCommitmentAdoption.adopted digestOf adoption)
theorem	Minidregg.Theory.KeyCommitmentAdoption.post_eq	dc36bdf4ed359430019de48f15604aefcef7a3cc4d8134d0a47599d510a01b69	62655860fbbbca5d37682bb4be430d67ae06d49dc124d9a0044d2887b8991530	02c516d72e201eb90b1919a43e00d1314edfa4aded8c3fee5021652a7ee9dc25	77660ecc78d218f7	Classical.choice,Quot.sound,propext	∀ (digestOf : List UInt8 → Minidregg.Theory.TypedAuthorization.Digest) (logical : Minidregg.Theory.Store.Store Minidregg.Theory.CredentialAuthorityState.layout) (adoption : Minidregg.Theory.KeyCommitmentAdoption.Adoption), Minidregg.Theory.KeyCommitmentAdoption.post digestOf logical adoption = logical.set ⟨Minidregg.Theory.CredentialAuthorityState.AuthorityPlane.subjectKey, (adoption.subject, adoption.expectedCurrent.keyEpoch)⟩ (Option.some (Minidregg.Theory.KeyCommitmentAdoption.adopted digestOf adoption))
theorem	Minidregg.Theory.KeyCommitmentAdoption.post_frame	f26fb0c077c90aedb932fcacf3d1721076d980c086cb16ad0300cbc639c685c5	b57dcf51eb3c43388a41fcd2db0d641eabf867fd1def02aac4e98c13a6dd32e7	f4d4e131ecece3403f01cdca2ee2573f7044c9abdbaccd764dcf0d969c988dd2	0799be83b272803b	Classical.choice,Quot.sound,propext	∀ (digestOf : List UInt8 → Minidregg.Theory.TypedAuthorization.Digest) (logical : Minidregg.Theory.Store.Store Minidregg.Theory.CredentialAuthorityState.layout) (adoption : Minidregg.Theory.KeyCommitmentAdoption.Adoption) (address : Minidregg.Theory.Store.Address Minidregg.Theory.CredentialAuthorityState.layout), address ≠ ⟨Minidregg.Theory.CredentialAuthorityState.AuthorityPlane.subjectKey, (adoption.subject, adoption.expectedCurrent.keyEpoch)⟩ → (Minidregg.Theory.KeyCommitmentAdoption.post digestOf logical adoption) address = logical address
theorem	Minidregg.Theory.KeyCommitmentAdoption.stale_record_refused	61fdc4969eb8b8092d2e9a79f6088ffb004f9525b34785cca4273ed9b0a4c25d	34f897203a8131234aeb021a6b2c0714f2067c05bdace03711abb40c310cdcde	7f8ab1eeb5fd42a712ff848ca4bd8d2be093a79b4bdd50cd81bac76b9a588c08	441b494bafb69d36	Classical.choice,Quot.sound,propext	∀ (logical : Minidregg.Theory.Store.Store Minidregg.Theory.CredentialAuthorityState.layout) (revision : ℕ) (adoption : Minidregg.Theory.KeyCommitmentAdoption.Adoption), Minidregg.Theory.CredentialAuthorityState.currentSigningKey logical adoption.subject ≠ Option.some adoption.expectedCurrent → ∀ (currentSigned nextSigned : List UInt8 → Bool), Minidregg.Theory.KeyCommitmentAdoption.gate logical revision adoption currentSigned nextSigned = Except.error Minidregg.Theory.KeyCommitmentAdoption.Reject.ineligible
def	private Minidregg.Theory.KeyCommitmentAdoption.Witness.adoption @Theory.KeyCommitmentAdoption	b23211c9a393c41133c75e0c9683e7e22705b46965dd5905ae345d44f736f47d	d524b683b3a22d3430a284103ad8fa426b8c83d80c58bde12fdc0fedc20468ba	3ce4413f1c819f7d384788f56360fa80e6c8278fecc58f2e0d524eabdb44d11e	364472c45a1a2d4f	-	Minidregg.Theory.KeyCommitmentAdoption.Adoption
def	private Minidregg.Theory.KeyCommitmentAdoption.Witness.daily @Theory.KeyCommitmentAdoption	6ba7dbebd63d4a803d71e55efe33f1038226c63ab8827964273b51eff4ff11e3	268fce01293bcb84de059c093737d89d8980bbc789bd14e1bc6693665008f358	e6f81b8277c6f92c1ecbfc262044701199e2bf5dbdc40293328ff18d2852f405	abecad61058ca0fe	-	List UInt8
def	private Minidregg.Theory.KeyCommitmentAdoption.Witness.digestOf @Theory.KeyCommitmentAdoption	b9bf437134a3d8a01ab4d81f7ea862e4c98c14b3d3bf3b8db5157c323b71a8af	9dd750348cef15a1fe9e683e8750019e6567eb7353b1245acce0f759553046d3	afe926d913138bcf38aa97abb5135540ed87b25f87620bf7d7ffeb9195eb5c29	9b209a780ef71c15	-	List UInt8 → Minidregg.Theory.TypedAuthorization.Digest
def	private Minidregg.Theory.KeyCommitmentAdoption.Witness.next @Theory.KeyCommitmentAdoption	a4a85e4a3368c5c0e5a98ae7feb0ccd8db5635fb6359f11f161d5d33436ae4d1	268fce01293bcb84de059c093737d89d8980bbc789bd14e1bc6693665008f358	30cceaffe67b07e43a9e110d3a4fd496be3e33194493af68bf282bbb56e73a20	4bcbdeebdac86483	-	List UInt8
def	private Minidregg.Theory.KeyCommitmentAdoption.Witness.old @Theory.KeyCommitmentAdoption	733c3262008e851ef183422016542b7ec9938c4ed7c6185227e131b1cfd53f82	54cd2b304e52bc23a0a00232b1364f600c4f131d0cd25dd99fd44b619edf5cef	a14b0e453bb355603afcf3873c96310ad21c391b17906c96c199b31123bd8142	77bbbaa3ade68282	-	Minidregg.Theory.CredentialSigningKey.KeyRecord
def	private Minidregg.Theory.KeyCommitmentAdoption.Witness.store @Theory.KeyCommitmentAdoption	29d7c1f9f597f03617b62e0ea506e0ef596a9dfb840f513dd382f1c99a489d4a	9ea2559c65c4508891b0269ec7ea33c3a6d06b872954f77f3ea8b2967740bc87	9b3f26b653de68cf23aa2535b7731958bda476b5a89d6f84fe5f7b2da058bfec	80f5ecd01a4074d4	Classical.choice,Quot.sound,propext	Minidregg.Theory.Store.Store Minidregg.Theory.CredentialAuthorityState.layout
def	private Minidregg.Theory.KeyCommitmentAdoption.Witness.yes @Theory.KeyCommitmentAdoption	e042084980db4baf31d021d6c1e46fdefdf26b90ea7ff8e8239371fdad4c3ef2	51aa697c8deb9aa424cc68951d3cc0b7fbe93a95c0a6b4ac99fa264dcdb23676	ec086e2ea3591bfc07b80796cce200d3ae54e0e3275e8058112f91ac3732e8cb	dd6414ecb6c64ded	-	List UInt8 → Bool
