# Theory.NockCost.Shape: Objective contract manifest. Written by `scripts/check-objective-proofs.sh proofs --pin`;
# a removed or changed row needs a line in scripts/gates/objective-contract-changes.txt.
def	Minidregg.Theory.NockCost.HasShape	efa18e32abd0d6bc08e587204a1a4d16bf90652e35f53734b5766f063bcb7fc0	6a0e7a743544950a56e9eb452d591a4abc7a0f59530d4c7b4ce9410c9178fba5	4d36e79de45616178b26d0ae2140439d24e423e81a10a650658c2dfd25f17feb	a8b7a64403436f97	-	Minidregg.Theory.Noun → Minidregg.Theory.NockCost.Shape → Prop := fun v sh => Minidregg.Theory.NockCost.fits v sh = Bool.true
inductive	Minidregg.Theory.NockCost.Shape	03eb87f5b54fa3fa0dcd1ae831629b2f2ee5ef1ce7bc94d79cf701832aa9e016	16946b93ac38405660f51e475eb5aa7d25b54f5e5677e0f6a10a4526cc071cbf	be67a8603a7034396f2f32687af1dcc798d6b60e817ccad13c3500470395ec07	927932f6a035e127		Type
ctor	Minidregg.Theory.NockCost.Shape.any	8b2731a8f038bb980cff6e9c92ec7a2ecb772871ba74ee0edfaabb413e72979f	bbe3f693c490b77055278691b1c5cdb657421cee2b657f7b9c9d6637490ff30f	b6da7f1c9ab5b195b0d0165a2f6996df675562722408d334b88a9ce4afb7fc82	5d246a983f6baf43		Minidregg.Theory.NockCost.Shape
def	Minidregg.Theory.NockCost.Shape.any.elim	f5de0e71ff47f0bc8717ebffce73c9a5e09d3c5cadea229f05a118c87793bcb4	bdaf9203d9e3039ff9a3a6da11f845be5ada2c19737d5719e6c891b096419a46	5afe1d4017c8f4a5794065b6a140ed2efaf55b501fe1d8c7ca9a71d1628aaee9	f74aa157564554cc	-	{motive : Minidregg.Theory.NockCost.Shape → Sort u} → (t : Minidregg.Theory.NockCost.Shape) → t.ctorIdx = 5 → motive Minidregg.Theory.NockCost.Shape.any → motive t
ctor	Minidregg.Theory.NockCost.Shape.atom	e0d98d343db25a612e00570b39e1f957aca1796ac3d25d8889ee4f46284de585	bbe3f693c490b77055278691b1c5cdb657421cee2b657f7b9c9d6637490ff30f	4de9371c211a9103a41ee540d0b3ecfb878670c7d46267b48b7fec2506fb046e	e2427be2533adbea		Minidregg.Theory.NockCost.Shape
def	Minidregg.Theory.NockCost.Shape.atom.elim	6cdc04a8ff3676d94c633bc9e613edc8ececc309fb3823d081237c9fa6c936b0	505d28895de5173847a969212da72e4f38963b1e4203573e5a91b590e5610a13	c864cf735806ce67ff57bc56a45c93002958441bf560571a7a106c59c1777253	c3a7b3027fb6e6dc	-	{motive : Minidregg.Theory.NockCost.Shape → Sort u} → (t : Minidregg.Theory.NockCost.Shape) → t.ctorIdx = 2 → motive Minidregg.Theory.NockCost.Shape.atom → motive t
def	Minidregg.Theory.NockCost.Shape.bits	43c04569877358c4226fd2e209b482baf19d473c7b958cc3995f795b8af69c58	e0dc4719aeb94da707fe26fcddd123c207e3d804fdccd4b305d84060909d30c2	6b96c6fa4a3020fdd0f0ed6573af09bebf498c97f01dc0df2f95424bd17b4ebb	36c39aea60143074	propext	ℕ → Minidregg.Theory.NockCost.Shape
ctor	Minidregg.Theory.NockCost.Shape.bot	efe3cc62b8c6f8580d9276d7009b0e9f3b087d077c203dfe4b020f2230a49e70	bbe3f693c490b77055278691b1c5cdb657421cee2b657f7b9c9d6637490ff30f	c44f72fd59b742cd0567f61cbd032e3b3963e89aa77751bba17ea7e2cd943482	8ea8cccebe1231e9		Minidregg.Theory.NockCost.Shape
def	Minidregg.Theory.NockCost.Shape.bot.elim	18ee53206858374069940170e8924b00d5fdad3b315db152ed0e1aa22869ca78	ce5d9a581fb6ae544c745b2c1b4bdef11f1db75769b32212ce3c41f4baee4d8c	36f4b2a1db0b242bf7c95adf1032ee108b06cf554ca031bc73af6a4eff97e486	2aac16d1d276da1b	-	{motive : Minidregg.Theory.NockCost.Shape → Sort u} → (t : Minidregg.Theory.NockCost.Shape) → t.ctorIdx = 6 → motive Minidregg.Theory.NockCost.Shape.bot → motive t
ctor	Minidregg.Theory.NockCost.Shape.cell	c692333b5b3ed0a00e971a9f56ea8b87334cc510b4e900c449a4fea2bf88b5a0	c40db536e03f4d0cd08e877b80534f16b5d5714109586c043c7990e2c0b45e81	4419757e5d58134758506bb4b86c4382fc020d1ce3ad57ab458057c2f8e6ebf2	f540cb8a2441e3de		Minidregg.Theory.NockCost.Shape → Minidregg.Theory.NockCost.Shape → Minidregg.Theory.NockCost.Shape
def	Minidregg.Theory.NockCost.Shape.cell.elim	0e8a5746ca5f5826477d3976e75fcb02ddd733427bee4938209487a88408a747	c6969027cebcbf3da8bf633ee59852353d22059bbc91c5eb89e58a5f1700d9f3	ba3f566eabb1bc356b2e74bcef7fb00476e706f9e5b9b8d7a99989d2ec8150c0	169c4606d7bfbe4d	-	{motive : Minidregg.Theory.NockCost.Shape → Sort u} → (t : Minidregg.Theory.NockCost.Shape) → t.ctorIdx = 3 → ((h t : Minidregg.Theory.NockCost.Shape) → motive (h.cell t)) → motive t
ctor	Minidregg.Theory.NockCost.Shape.exact	7390a17c96ac79a591cc1e0111832df0aa8d29d5803cf73a3049d3758d435724	8615b8acc087e5e977b51e60422fe2c0ce04d5c9c202d0ccb347785db0b99d44	253871b4531b0bcc513339dd7a550ac86ab73eae39b006d821f49ff1042c84fc	c69bca789ae50200		Minidregg.Theory.Noun → Minidregg.Theory.NockCost.Shape
def	Minidregg.Theory.NockCost.Shape.exact.elim	f55b71196b26f17060f821caffe34c22ff4f6a8cb0560286b5c1c5e19b2b17c3	74aef5d496afdb9a9f802c6e15bda054fe3fc27d6b84c12920260603da59f94e	2ff060c42082ef032dce7638660a73f8a041bee7a1c52a249fbb94944e3adfe2	8d55c279b4147b04	-	{motive : Minidregg.Theory.NockCost.Shape → Sort u} → (t : Minidregg.Theory.NockCost.Shape) → t.ctorIdx = 0 → ((n : Minidregg.Theory.Noun) → motive (Minidregg.Theory.NockCost.Shape.exact n)) → motive t
ctor	Minidregg.Theory.NockCost.Shape.list	22c4dc7de7e363bda38eca1cb15f6b6dc5d256e257c1ca0c06792dbc498c9d70	82347e45c1b906d688753810b27ada11cb3617aec7fb956de26476ff9f363a7a	1396ed1e29468965dc6a2e2000c84ad510359b208ce164d6216553a93b8810fa	f849d9e63981e508		ℕ → Minidregg.Theory.NockCost.Shape → Minidregg.Theory.NockCost.Shape
def	Minidregg.Theory.NockCost.Shape.list.elim	649ade8c7d21d431669ed1e02a0e573304604df6e89262440fc92085631d36bc	113d56131c04ebe247007e969903be8ec2ed29b0ba213e0a23b2a74e79b930e4	97e555497b7032854a8c87f154292dceac17bfc4f2e0f540aee54c8acaed9fe9	8ea0c8d196f8ba86	-	{motive : Minidregg.Theory.NockCost.Shape → Sort u} → (t : Minidregg.Theory.NockCost.Shape) → t.ctorIdx = 4 → ((n : ℕ) → (e : Minidregg.Theory.NockCost.Shape) → motive (Minidregg.Theory.NockCost.Shape.list n e)) → motive t
ctor	Minidregg.Theory.NockCost.Shape.range	f404d93f45b43e07bed941a35f6a914bbf48ec1f65ba0eaba59072ebb6165b8c	8640b88fd5a54943f1ec45eb3a44670f510bec6dfef5e0a5e50e7e43588b5d0c	c622152b191a3e9f36b275218a74b713e633e83b2ec005006b51a95a2b9ba4e4	78693592019106b4		ℕ → ℕ → Minidregg.Theory.NockCost.Shape
def	Minidregg.Theory.NockCost.Shape.range.elim	f67b4372a6bbf77eddaad4f7e955eb4e5c310757bb1c2258fcb2308b380cfe71	e4aa7df013e42f0317bf770dbaa4d0a4d8c6923e3e0cb9d7b173554021796dd9	f991ecf54596b6941341d8870cea7f620eae17fb0d1f64db97f7f9131f79ec5d	cff6bd256f50a6fc	-	{motive : Minidregg.Theory.NockCost.Shape → Sort u} → (t : Minidregg.Theory.NockCost.Shape) → t.ctorIdx = 1 → ((lo hi : ℕ) → motive (Minidregg.Theory.NockCost.Shape.range lo hi)) → motive t
def	Minidregg.Theory.NockCost.fits	f8d74f91bf5bb2fdf8330f0aceac7741a9628bfde9adf7ba31b00d7c88584fb6	6ea9ebcba888b57b2c1a6746a7b8dd1a9bb630c95cbc5f9ee89392efdffaaab8	702beec1cdfe5a8d407d819a2572f044f5476b4fbf453345726dcad5b274816e	7d75118700fe257a	-	Minidregg.Theory.Noun → Minidregg.Theory.NockCost.Shape → Bool
