# Theory.ObjectAudience: Objective contract manifest. Written by `scripts/check-objective-proofs.sh proofs --pin`;
# a removed or changed row needs a line in scripts/gates/objective-contract-changes.txt.
def	Minidregg.Theory.ObjectAudience.Fresh	c5c7aea6b9618c38aeceb9d3812fe54fd74bf9c2e2a5b35de3b4417de0829349	4718f2c08b909703d7d10b0032975450eb66b37c4d9481488c2025f6ead8c0a1	dd4960f7fab74aa581104b12730f2ddcd81993a18a31391293fa935444353ed3	55ac77e8b5cdd712	-	Minidregg.Theory.ObjectAudience.State → ℕ → Option ℕ → Prop := fun state object epoch => state.object = object ∧ state.mode = Minidregg.Theory.ObjectAudience.Mode.active ∧ epoch = Option.some state.epoch
inductive	Minidregg.Theory.ObjectAudience.Mode	e5b734f1db74d8b057c545c3603331e3a1a6b8ef6e578fd973e4d8f8cf6aff28	16946b93ac38405660f51e475eb5aa7d25b54f5e5677e0f6a10a4526cc071cbf	38b0ee40177914ad7a76d21e089ca31fd34acb5504b7b7d4d361839e50c925ac	a78feeb37f43e8f8		Type
ctor	Minidregg.Theory.ObjectAudience.Mode.active	991f6a7260eb38e2d6fa1610e6f16f6ac4afcd3e39defa20e7bc0e94c47a2ca5	f19149795f7f8c4bf7ee7ef4941e0d01920dfc60f0e5661c4987be16e506f5e9	15e83d2291da87903753e36df8b491c96785ad85621f4b5417b7aebbdc58e142	b277c8b0bb7e1970		Minidregg.Theory.ObjectAudience.Mode
def	Minidregg.Theory.ObjectAudience.Mode.active.elim	9939618601ea793452fc5ca8aab6cc099cb3705834ac542f9d53fb0ffcd421b5	cc0749592a490182f4f90a6a954ef40717f1d995486e08983326e589a78f24fe	c63dd0a5868b42a3b5ffb53dc6714a545f15c13c8b76bc6bacf86308707a2c39	137d370cee9b5727	-	{motive : Minidregg.Theory.ObjectAudience.Mode → Sort u} → (t : Minidregg.Theory.ObjectAudience.Mode) → t.ctorIdx = 0 → motive Minidregg.Theory.ObjectAudience.Mode.active → motive t
ctor	Minidregg.Theory.ObjectAudience.Mode.frozen	43f4a418397cc5464b3b216bd28e18d291035b545565202bb3adc0b86a630a79	f19149795f7f8c4bf7ee7ef4941e0d01920dfc60f0e5661c4987be16e506f5e9	45e2b95f52b3fc0dd1da51684bd842bf383288f017f6043e7c51be5195deab0d	7bf29c13d5d0bf96		Minidregg.Theory.ObjectAudience.Mode
def	Minidregg.Theory.ObjectAudience.Mode.frozen.elim	500081b79dd8c2d069ca35e9889a559bd23a9d7f9ef79591f8b9a1704471397d	1057f98da2da5cba418aad84ac418e92f34c00becbb626ceaee6566b5b268f51	d068eb70919ef7fb91b350daa0a60536005a12459ee78cf96f5685233901c85a	0dc84bb2e0003879	-	{motive : Minidregg.Theory.ObjectAudience.Mode → Sort u} → (t : Minidregg.Theory.ObjectAudience.Mode) → t.ctorIdx = 1 → motive Minidregg.Theory.ObjectAudience.Mode.frozen → motive t
def	Minidregg.Theory.ObjectAudience.Mode.ofNat	d93e9c7e29232d93edd02d7ca55f118ed4bce652831cdb0cd472ffd96e0b78ca	ea7aa89dd46a20c75d9566095668587b79b532f5b80bad3b018064d58983cef3	11feacef4f67ddc58463691c3a4543355bcdab4613b9b254a88aaf96497baf7e	15c4590fe498a4e8	-	ℕ → Minidregg.Theory.ObjectAudience.Mode
theorem	Minidregg.Theory.ObjectAudience.Mode.ofNat_ctorIdx	c0321c65d1ecdf89588a994fcaa08dfabb64f0cc3a3c0369a736bf0b4cf57a20	04a62d99d4f84bfce2302021b4417b5827ad7d1a106e454eab0dcdfff9c22a46	0776f9292c4ac7955df35245fa115c989d82a360f8d4f4b833f527632a614af9	705e6b9937af898e	-	∀ (x : Minidregg.Theory.ObjectAudience.Mode), Minidregg.Theory.ObjectAudience.Mode.ofNat x.ctorIdx = x
inductive	Minidregg.Theory.ObjectAudience.State	5fc52bde20d0a5a996348d08bf7809d40e65a7c1871e8bb35db70e0abd7988cd	16946b93ac38405660f51e475eb5aa7d25b54f5e5677e0f6a10a4526cc071cbf	afeca0d5e632a65c52558ab134118cd3fac91732f11b22c95a05451c9be0b9c1	a263f0adf99ea195		Type
def	Minidregg.Theory.ObjectAudience.State.audience	9e6bb4e7590425ee8c025e03939128d15972a82755bdcfec91f8825aae952fdb	14ab0f8096f66370384031ba6afe442caa4bdd09df6865845eb8f9a07685c86d	c6d31de6bba53f13f03908d69ed8443d4642fa876595db243777fb091a44382f	c4c4a2bdf733706a	-	Minidregg.Theory.ObjectAudience.State → ℕ
def	Minidregg.Theory.ObjectAudience.State.authoritySnapshot	629a6da7a04539ab37d3a9eabdf1c55e4219947dc9a698e6c4ae9d47eec43ef3	14ab0f8096f66370384031ba6afe442caa4bdd09df6865845eb8f9a07685c86d	5c986af3bda6368a7c99ee201a9d796c2e24d3afedb4f9514ec6372d27d7dc29	99d72615b8b8bd2e	-	Minidregg.Theory.ObjectAudience.State → ℕ
def	Minidregg.Theory.ObjectAudience.State.deviceSnapshot	c0b97d13cb04b42fa9341b92ea9f2e52653c6e85d86d3721c307516e59bff126	14ab0f8096f66370384031ba6afe442caa4bdd09df6865845eb8f9a07685c86d	6a6ae6f28e2556a9c3f7b8a5b69bce57f7467de5786afd20617051d6edc41ee9	d473fbe6186824c5	-	Minidregg.Theory.ObjectAudience.State → ℕ
def	Minidregg.Theory.ObjectAudience.State.devices	784cf05283adbc22423a850fe3f2df5f57c9b1d1e6f4ca017b1afa8424120dc6	14ab0f8096f66370384031ba6afe442caa4bdd09df6865845eb8f9a07685c86d	90f010887112cabf2f5d7f1ae030812b5da0d333b76eaff6401a3d0368aeace2	d0d16cf978aac2b2	-	Minidregg.Theory.ObjectAudience.State → ℕ
def	Minidregg.Theory.ObjectAudience.State.epoch	47ef539eb3eaf5a445ac2fbfe5994d598011daed7f2d98807abe94b6ba87cfe4	14ab0f8096f66370384031ba6afe442caa4bdd09df6865845eb8f9a07685c86d	ec2aa12d724fb5c4c9e272792f137f11b9a6454751fa74f1e1072e81fe842022	84c05a0fed7c77ad	-	Minidregg.Theory.ObjectAudience.State → ℕ
def	Minidregg.Theory.ObjectAudience.State.history	b29703f219db71b359eded3ed7643f57b6e1170c3f4cb68de8666e5d1c3365fd	14ab0f8096f66370384031ba6afe442caa4bdd09df6865845eb8f9a07685c86d	a349b9e711037b1081b66012791a2a407868a3aaea0ca3f47156021415a80c66	9ff1496650ce43f9	-	Minidregg.Theory.ObjectAudience.State → ℕ
def	Minidregg.Theory.ObjectAudience.State.manifest	e595040034b2f2c16955f36ca2eead2cd849eb809d4ebd50407d054c71b32464	14ab0f8096f66370384031ba6afe442caa4bdd09df6865845eb8f9a07685c86d	6a273d74e5f815cfdf67f059a2c164e976b22425198400917342e3e46e76aa73	6c0a59dc803550db	-	Minidregg.Theory.ObjectAudience.State → ℕ
ctor	Minidregg.Theory.ObjectAudience.State.mk	3c5e2850d1e52b842118335c0575271dea3873e9283b59121a9dce66ac05fc17	3f624e988a689180ec5858950ff5da6c23969b92b3a559fdf889ddeb3a20f952	2df5fdcbd4a9c19cfb76c40767959c294c8912f39a669bc2ff9a95aed6ce61b4	e4170dcd58f2c272		ℕ → ℕ → ℕ → ℕ → ℕ → ℕ → ℕ → ℕ → Minidregg.Theory.ObjectAudience.Mode → ℕ → ℕ → Minidregg.Theory.ObjectAudience.State
def	Minidregg.Theory.ObjectAudience.State.mode	f19061b9148049d4a573cca0feba1f08c83f74e5942ffb84091ca89ef147b9fa	fbcb1991c1c9b8899dbbcf14ddb5a7d05ac6e8b4a43b1face838b4c4420572ca	2d7c521dbf3944b61bb7d97c6d22da4053aa58dbb7ecadbc5e22336d579df10e	b3ce5b84c87c9a31	-	Minidregg.Theory.ObjectAudience.State → Minidregg.Theory.ObjectAudience.Mode
def	Minidregg.Theory.ObjectAudience.State.object	c7768d6f843e85903a6efb7d11636127a149768884e8c7c460bbe6aa9dbe624a	14ab0f8096f66370384031ba6afe442caa4bdd09df6865845eb8f9a07685c86d	543c98117bc5067cebde5ce56c5a53630d9c15ea2f9afeec0a1275248266bfa0	4b61ad5666289723	-	Minidregg.Theory.ObjectAudience.State → ℕ
def	Minidregg.Theory.ObjectAudience.State.parent	95dd89afe54544f65a34766cc1f789b973bae56475877bbdc9f24a09854c711e	14ab0f8096f66370384031ba6afe442caa4bdd09df6865845eb8f9a07685c86d	24efffbec3c0498082eb256dd2d9345cd30107d257b7925a6f00ef16eb5f48d6	540f88436b1df6d0	-	Minidregg.Theory.ObjectAudience.State → ℕ
def	Minidregg.Theory.ObjectAudience.State.transition	c22524bdfcb3a6f8e2e43f18fb41b2f2395b3c483c28b646be7405ce4c53db45	14ab0f8096f66370384031ba6afe442caa4bdd09df6865845eb8f9a07685c86d	cd56eae4700efbed8c922509b9bb91cc45fd0d5326ce9f5b9b5b635ab5c0c6d2	49cbaa31ccb63088	-	Minidregg.Theory.ObjectAudience.State → ℕ
inductive	Minidregg.Theory.ObjectAudience.Step	9b3f6b312a133db6fb78c46880c0ab24c7dcd46717bf1e95a148cd48384d67d2	1baf7d4450d65a1bb2ba2005e0016541cbb9776900df88360e42a6a1808e0af6	0c45dc60421f6b8d429d1406b519bafb068d99b6b7eeeb03f3b20fc6f8cca3d9	a37ea1f3bf3b0fdd		Minidregg.Theory.ObjectAudience.State → Minidregg.Theory.ObjectAudience.State → Prop
ctor	Minidregg.Theory.ObjectAudience.Step.freeze	eaa4d5d42ac7c2cbef38967b75111f37a358da11ec9098b353684770caad2e4f	dc747c41187e71d12172bc30e2448ee0f3bfb6db2a9867d8d8b15e1b807be4da	0ee9968c601cc74861a4ed7773fdf3287db0b93155cac0880366afaf63e4a782	a318cf7d1cb440a2		∀ (s : Minidregg.Theory.ObjectAudience.State) (id : ℕ), s.mode = Minidregg.Theory.ObjectAudience.Mode.active → id ≠ s.transition → Minidregg.Theory.ObjectAudience.Step s { object := s.object, epoch := s.epoch, parent := s.transition, transition := id, audience := s.audience, devices := s.devices, history := s.history, manifest := s.manifest, mode := Minidregg.Theory.ObjectAudience.Mode.frozen, authoritySnapshot := s.authoritySnapshot, deviceSnapshot := s.deviceSnapshot }
ctor	Minidregg.Theory.ObjectAudience.Step.resume	47936ef1170c1ad9df7dfd3cb80d70a0d077ce1eb4ab9bb387a78e3555f07915	0f4a7b97df6aedaea9b26e74c3c83fb764da9556eb84eae549dd70a37b988f87	a2e2090ba6aadbbc8cf48987a9e9778b516a310ac0532df2c8f7c7a2de22bd3c	efa229a2cedd8ff5		∀ (s : Minidregg.Theory.ObjectAudience.State) (audience devices history manifest authoritySnapshot deviceSnapshot : ℕ), s.mode = Minidregg.Theory.ObjectAudience.Mode.frozen → manifest ≠ 0 → Minidregg.Theory.ObjectAudience.Step s { object := s.object, epoch := s.epoch + 1, parent := s.parent, transition := s.transition, audience := audience, devices := devices, history := history, manifest := manifest, mode := Minidregg.Theory.ObjectAudience.Mode.active, authoritySnapshot := authoritySnapshot, deviceSnapshot := deviceSnapshot }
theorem	Minidregg.Theory.ObjectAudience.frozen_refuses_fresh	b3c280265b935c8c087ef04261786c9ff8c2f2be74aa5f9ce45350b9e91b9dad	64d0b6777823a294abbceb2c2432fab83b91b69fb0172bb5614c2b94a2f9c45e	4066b9226901550497491f260859a379a627f07eb39d03493949d0efafeb6f5a	875bd1d9a4deb958	-	∀ (s : Minidregg.Theory.ObjectAudience.State), s.mode = Minidregg.Theory.ObjectAudience.Mode.frozen → ∀ (object : ℕ) (epoch : Option ℕ), ¬Minidregg.Theory.ObjectAudience.Fresh s object epoch
theorem	Minidregg.Theory.ObjectAudience.missing_epoch_refused	9825320fce83b37707e973f20033c9d27b5dfe8d37f3141ab20ecf220829f4ec	69ff0a7d5c3e380a473a807dcec80544cf5717338996a2ce2f7fd5195d16df17	0d9cb37b2754045ab98d8554e7f4f8d51d99e3a1ad69e6443504ee14265c094d	c7b425f0e0d76406	-	∀ (s : Minidregg.Theory.ObjectAudience.State) (object : ℕ), ¬Minidregg.Theory.ObjectAudience.Fresh s object Option.none
theorem	Minidregg.Theory.ObjectAudience.resume_refuses_old_epoch	d1356f4c7a008b11230ccb064d2b24ff820aa6aad06720a6f23458988d06d781	33973086be84a9a2399eca00d2d3ad34914321a56d7c8def31a6bb3374e4ca91	64d558222e80c171b6dfc194cc2eb8204e72d4f9908f850a995dff8122e7c048	622ee5d73d1db3d3	-	∀ (s : Minidregg.Theory.ObjectAudience.State) (a d h m object : ℕ), ¬Minidregg.Theory.ObjectAudience.Fresh { object := s.object, epoch := s.epoch + 1, parent := s.parent, transition := s.transition, audience := a, devices := d, history := h, manifest := m, mode := Minidregg.Theory.ObjectAudience.Mode.active, authoritySnapshot := s.authoritySnapshot, deviceSnapshot := s.deviceSnapshot } object (Option.some s.epoch)
theorem	Minidregg.Theory.ObjectAudience.stale_epoch_refused	eaa6b96cc224d847bb23c908c7d607f6ceb976aab583583dfa3225e8db551f4f	9ce19c6fe93735fd50d68a229716cbfbd15116b3ae9bbb23035178d642ae4647	5a442a9ec687557c563c465f03b5f25573aef34c108226574440e9165b493ade	50f1d6183eb2e0d6	-	∀ (s : Minidregg.Theory.ObjectAudience.State) (object epoch : ℕ), epoch ≠ s.epoch → ¬Minidregg.Theory.ObjectAudience.Fresh s object (Option.some epoch)
theorem	Minidregg.Theory.ObjectAudience.step_epoch_nondecreasing	5a8667ff29c077221d1ab18e4fe593b4c9295a21b263efc5e23cab134352b423	5d3d0778513c4a101e119f56f6dad941683d39367c9585cf8523a269bbff5d5d	6c39cc46823aae3ed2c509c446c0653252ad9f5179cff263d11d6b5ca110ff69	9b5187b54a65d5d4	-	∀ {before after : Minidregg.Theory.ObjectAudience.State}, Minidregg.Theory.ObjectAudience.Step before after → before.epoch ≤ after.epoch
theorem	Minidregg.Theory.ObjectAudience.step_object_preserved	77733e0e50ff87db3b0bdc8d47bb92c66070b2597a025c72b495329abc790399	a51906664b26196d6f51ac80602cb138fc7f82ba85ce8c125d61764dba845eb7	53760685609739b9173d2d91779c1c1b52becdde47aa9698ac0124470162cd4c	2a3df8a1782f5f63	-	∀ {before after : Minidregg.Theory.ObjectAudience.State}, Minidregg.Theory.ObjectAudience.Step before after → after.object = before.object
