# Theory.ObjectiveBendLedgerPoles: Objective contract manifest. Written by `scripts/check-objective-proofs.sh proofs --pin`;
# a removed or changed row needs a line in scripts/gates/objective-contract-changes.txt.
theorem	Minidregg.Theory.ObjectiveBendLedgerPoles.conversionPath_head	7a7c8c562fc52e06c7283ee5b26d58e81f77b4b1ce0c4e6c167604dfa047cd9b	00476bb1c53b0ecd728d363efb5381b339ab43e0403fdb36944c73d72400bb31	e8f63a24e134d4875e567ff4fe27b15544f768e5b56f86b0527fc78d1af6c9d1	92c53753b074ce4c	Classical.choice,Quot.sound,propext	∀ {assumptions : Minidregg.Theory.ObjectiveBendTyping.Assumptions} {first last result : Minidregg.Theory.ObjectiveBendTypes.Ty}, Minidregg.Theory.ObjectiveBendDemandTyping.ConversionPath assumptions first last → Minidregg.Theory.ObjectiveBendDemandPreservation.HeadNormalizes assumptions.bounds first result → Minidregg.Theory.ObjectiveBendDemandPreservation.HeadNormalizes assumptions.bounds last result
theorem	Minidregg.Theory.ObjectiveBendLedgerPoles.conversionPath_natural	e0ebdd04df30ff921aca99336734d095d6ae25fc58a80612e2ae95209b0806ef	5afd943bc0dfd16d06cc35f156a8eac8148d6418158f44b13fcb4689ebeaf91e	39afbc7e481928c1be2dd276b75ccafda57ca6b4714d84aaa9cc396b196d5563	6a8a307bfcaaba30	Classical.choice,Quot.sound,propext	Minidregg.Theory.ObjectiveBendDemandTyping.ConversionPath { } Minidregg.Theory.ObjectiveBendTypes.Ty.natural Minidregg.Theory.ObjectiveBendTypes.Ty.natural
theorem	Minidregg.Theory.ObjectiveBendLedgerPoles.evaluatingSegment_entry_cell	aaf0b3e8f86b8ffaed99c8c9450d88892e857723a6bae3ca4f8f400d09917ef2	be9270a88ee88786732ed12a86ed8f8b6a67676ebecca0c22b1a05fd5ac0bad6	dc04df09a3e8b83f1739dd9a1917092e16187f6671d292900c57d5344aca0033	53dd32addeb4dac6	Quot.sound,propext	∀ {address : Minidregg.Theory.ObjectiveBendDemandMachine.Address} {origin : Minidregg.Theory.ObjectiveBendDemandMachine.Closure} {entered state : Minidregg.Theory.ObjectiveBendDemandMachine.State}, Minidregg.Theory.ObjectiveBendDemandAdequacy.EvaluatingSegment address origin entered state → entered.heap[address]? = Option.some (Minidregg.Theory.ObjectiveBendDemandMachine.Cell.suspended origin)
theorem	Minidregg.Theory.ObjectiveBendLedgerPoles.evaluatingSegment_started	2b4671dda6fdc189254eee2ec5939ddd325d8f64b475a1d5e635e7ef2a12f361	5bc01e7211faf5c32273d62b2603a92d0b4d6d23e2dde8d48ddba18ff41a7e19	311d7c79a85a145bf26611228cba18de952123b4a6a5e7e2db40c3a808707e5a	c2fb01c489621b80	Quot.sound,propext	Minidregg.Theory.ObjectiveBendDemandAdequacy.EvaluatingSegment 0 { term := Minidregg.Theory.ObjectiveBendOpenRecursion.Term.nat 1, environment := [] } Minidregg.Theory.ObjectiveBendLedgerPoles.poleEntered (Minidregg.Theory.ObjectiveBendDemandMachine.stepRaw Minidregg.Theory.ObjectiveBendLedgerPoles.poleEntered)
theorem	Minidregg.Theory.ObjectiveBendLedgerPoles.meaningsScoped_unallocated	b7105555c6c6655ec8a4b8ba65f601daa4cc736d4f69da3bece1c4535d08e385	965d353c5637f5f3bd50aa2a5adc3b6d03472a017824955dbb1eb80b78c3114a	2630dcec156e413e732553439d269e19d35b6e671eb37cfd16383938a4ed3e4d	a02b8bde12539aa9	-	Minidregg.Theory.ObjectiveBendDemandAdequacy.MeaningsScoped 0 fun x => Minidregg.Theory.ObjectiveBendOpenRecursion.Term.bound 0
theorem	Minidregg.Theory.ObjectiveBendLedgerPoles.not_conversionPath_natural_boolean	ea5b7f005cf4840527613a77bdf504e92a729a5c3116916bd183b3703cbe891a	535d7350adcf3ef7a903cc52682b5c05ec387da1aa8e24ab2dfa18666e91eae4	be44e94d43288dd9c1cb0be7855490f65b15fbe540f3a9c238f61d9da1e06eac	d6d81e850d749e03	Classical.choice,Quot.sound,propext	¬Minidregg.Theory.ObjectiveBendDemandTyping.ConversionPath { } Minidregg.Theory.ObjectiveBendTypes.Ty.natural Minidregg.Theory.ObjectiveBendTypes.Ty.boolean
theorem	Minidregg.Theory.ObjectiveBendLedgerPoles.not_evaluatingSegment_unallocated	0f6bbf312feb8d4c2d235c4f65f2c09f14fc583cb6bbbebcff46f7ea93acfc18	3bb955c896de02d6ad53f00c84db4aa364a884da2df6c64b67b37351ce2403bf	f11e4df9814fb3d43f3c9af1cdfcd2d04bfbbbb879f8e53dba77af3336cd243c	b45c0892bc66d439	Quot.sound,propext	∀ (state : Minidregg.Theory.ObjectiveBendDemandMachine.State), ¬Minidregg.Theory.ObjectiveBendDemandAdequacy.EvaluatingSegment 0 { term := Minidregg.Theory.ObjectiveBendOpenRecursion.Term.nat 1, environment := [] } { heap := #[], control := Minidregg.Theory.ObjectiveBendDemandMachine.Control.enter 0, stack := [] } state
theorem	Minidregg.Theory.ObjectiveBendLedgerPoles.not_meaningsScoped_open	1b91f27b304ca8d6e9100eda86f5aa37a22152a65255b5b4276609b71beb4d44	0046e4a95b854b08ab4a29f77bfd904c8d62b2707003ea246f0634bf4835972e	6120e4af6185e89f817f356ec4758d531e3153c81af261cd7af0372f212cb784	23120df6ddb83b7b	propext	¬Minidregg.Theory.ObjectiveBendDemandAdequacy.MeaningsScoped 1 fun x => Minidregg.Theory.ObjectiveBendOpenRecursion.Term.bound 0
theorem	Minidregg.Theory.ObjectiveBendLedgerPoles.not_stepCases_false	8be8158ba633342a55b700d258976bec175b00d5483bf24887fc1107eda3ee5e	908c5307f5c5360822085eb8f4df1aa1d3d67223480ccc3ac3908678263fb1c2	201342625a494a8deb1cd3305064252c82c565cede0acc27ea66bcc16cfa9542	4564c0f9b082812a	-	¬Minidregg.Theory.ObjectiveBendDemandMachine.StepCases fun x => False
def	Minidregg.Theory.ObjectiveBendLedgerPoles.poleEntered	695992642f72c3a3e1b2584b45737c05938b3ca85711c3d432eed14798963b42	c5b3a52d7fe9a4fc6ccb9eef0c39fdcfdfe3a0d518de255bac98db4e3a69490d	6fcf9e221b3a5f03e3b4c5419cf54803adbc641d5be393fad7061e3fbca87eae	636a3b4d09473bbc	-	Minidregg.Theory.ObjectiveBendDemandMachine.State
theorem	Minidregg.Theory.ObjectiveBendLedgerPoles.stepCases_trivial	28b1efcecf57bee374bab22b1616060f2a5c010cf2766b829695bb1d76d1166b	d901f9ab6a3ae77b00036d80c4f869ea00208df8420e2bd878c411493f31cea3	10df161d5c3153ca163ab270c0180ca5c1cf797fae3ea9a631820db46a4731f9	4da6ea35082c3877	-	Minidregg.Theory.ObjectiveBendDemandMachine.StepCases fun x => True
